{
  "type": "FeatureCollection",
  "generator": "overpass-turbo",
  "copyright": "The data included in this document is from www.openstreetmap.org. The data is made available under ODbL.",
  "timestamp": "2025-10-29T07:53:47Z",
  "features": [
    {
      "type": "Feature",
      "properties": {
        "@id": "way/1173820863",
        "amenity": "atm",
        "brand": "Vietcombank",
        "building": "yes"
      },
      "geometry": {
        "type": "Polygon",
        "coordinates": [
          [
            [
              106.7407412,
              10.9128431
            ],
            [
              106.7407369,
              10.9127489
            ],
            [
              106.7407776,
              10.9127467
            ],
            [
              106.7407834,
              10.9128409
            ],
            [
              106.7407412,
              10.9128431
            ]
          ]
        ]
      },
      "id": "way/1173820863"
    },
    {
      "type": "Feature",
      "properties": {
        "@id": "way/1114743114",
        "amenity": "atm",
        "brand": "TPBank",
        "brand:wikidata": "Q7801033",
        "building": "yes",
        "building:levels": "1",
        "name": "TPBank live bank",
        "operator": "TPBank",
        "operator:wikidata": "Q7801033"
      },
      "geometry": {
        "type": "Polygon",
        "coordinates": [
          [
            [
              106.763402,
              10.8574296
            ],
            [
              106.7634111,
              10.857418
            ],
            [
              106.763453,
              10.8574496
            ],
            [
              106.7634439,
              10.8574612
            ],
            [
              106.763402,
              10.8574296
            ]
          ]
        ]
      },
      "id": "way/1114743114"
    },
    {
      "type": "Feature",
      "properties": {
        "@id": "node/935258601",
        "amenity": "atm",
        "name": "ATM Eximbank",
        "operator": "Eximbank"
      },
      "geometry": {
        "type": "Point",
        "coordinates": [
          107.1711782,
          10.4930004
        ]
      },
      "id": "node/935258601"
    },
    {
      "type": "Feature",
      "properties": {
        "@id": "node/939234260",
        "amenity": "atm",
        "name": "Vikki Bank",
        "operator": "Vikki Bank"
      },
      "geometry": {
        "type": "Point",
        "coordinates": [
          106.706852,
          10.7776272
        ]
      },
      "id": "node/939234260"
    },
    {
      "type": "Feature",
      "properties": {
        "@id": "node/939234271",
        "amenity": "atm",
        "name": "ATM ACB",
        "operator": "ACB"
      },
      "geometry": {
        "type": "Point",
        "coordinates": [
          106.7066538,
          10.7650801
        ]
      },
      "id": "node/939234271"
    },
    {
      "type": "Feature",
      "properties": {
        "@id": "node/939234277",
        "amenity": "atm",
        "brand": "HSBC",
        "brand:wikidata": "Q190464",
        "name": "HSBC",
        "opening_hours": "24/7",
        "operator": "HSBC",
        "operator:wikidata": "Q190464"
      },
      "geometry": {
        "type": "Point",
        "coordinates": [
          106.7072521,
          10.7788197
        ]
      },
      "id": "node/939234277"
    },
    {
      "type": "Feature",
      "properties": {
        "@id": "node/940426932",
        "amenity": "atm",
        "name": "ATM MB Bank",
        "operator": "MB"
      },
      "geometry": {
        "type": "Point",
        "coordinates": [
          106.7069817,
          10.7816514
        ]
      },
      "id": "node/940426932"
    },
    {
      "type": "Feature",
      "properties": {
        "@id": "node/943230040",
        "amenity": "atm",
        "name": "ATM Sacombank",
        "operator": "Sacombank"
      },
      "geometry": {
        "type": "Point",
        "coordinates": [
          106.7066116,
          10.7667642
        ]
      },
      "id": "node/943230040"
    },
    {
      "type": "Feature",
      "properties": {
        "@id": "node/946794527",
        "amenity": "atm",
        "brand": "VietinBank",
        "brand:wikidata": "Q7928459",
        "name": "VietinBank",
        "operator": "VietinBank",
        "operator:wikidata": "Q7928459"
      },
      "geometry": {
        "type": "Point",
        "coordinates": [
          106.7025307,
          10.7656827
        ]
      },
      "id": "node/946794527"
    },
    {
      "type": "Feature",
      "properties": {
        "@id": "node/947763562",
        "amenity": "atm",
        "name": "ATM DongAbank",
        "name:en": "East Asia ATM",
        "operator": "East Asia"
      },
      "geometry": {
        "type": "Point",
        "coordinates": [
          106.7063459,
          10.7666119
        ]
      },
      "id": "node/947763562"
    },
    {
      "type": "Feature",
      "properties": {
        "@id": "node/947763581",
        "amenity": "atm",
        "brand": "Techcombank",
        "brand:wikidata": "Q10541776",
        "name": "Techcombank",
        "opening_hours": "24/7",
        "operator": "Techcombank",
        "operator:wikidata": "Q10541776"
      },
      "geometry": {
        "type": "Point",
        "coordinates": [
          106.7015146,
          10.7617032
        ]
      },
      "id": "node/947763581"
    },
    {
      "type": "Feature",
      "properties": {
        "@id": "node/1001114524",
        "amenity": "atm",
        "name": "ATM DongA bank",
        "name:en": "East Asia Bank"
      },
      "geometry": {
        "type": "Point",
        "coordinates": [
          106.7094562,
          10.8030909
        ]
      },
      "id": "node/1001114524"
    },
    {
      "type": "Feature",
      "properties": {
        "@id": "node/1274090621",
        "amenity": "atm",
        "name": "ATM Vietcombank",
        "operator": "Vietcombank"
      },
      "geometry": {
        "type": "Point",
        "coordinates": [
          106.6990175,
          10.7811454
        ]
      },
      "id": "node/1274090621"
    },
    {
      "type": "Feature",
      "properties": {
        "@id": "node/1274090637",
        "amenity": "atm",
        "brand": "Vietcombank",
        "brand:wikidata": "Q6122995",
        "brand:wikipedia": "en:Vietcombank",
        "name": "ATM Vietcombank",
        "operator": "Vietcombank",
        "operator:wikidata": "Q6122995",
        "operator:wikipedia": "en:Vietcombank"
      },
      "geometry": {
        "type": "Point",
        "coordinates": [
          106.687431,
          10.762771
        ]
      },
      "id": "node/1274090637"
    },
    {
      "type": "Feature",
      "properties": {
        "@id": "node/1274090654",
        "amenity": "atm",
        "name": "ATM DongA Bank",
        "operator": "Dong A"
      },
      "geometry": {
        "type": "Point",
        "coordinates": [
          106.6987029,
          10.7777516
        ]
      },
      "id": "node/1274090654"
    },
    {
      "type": "Feature",
      "properties": {
        "@id": "node/1274090685",
        "amenity": "atm",
        "name": "ATM Sacombank",
        "operator": "Sacombank"
      },
      "geometry": {
        "type": "Point",
        "coordinates": [
          106.7026955,
          10.785494
        ]
      },
      "id": "node/1274090685"
    },
    {
      "type": "Feature",
      "properties": {
        "@id": "node/1274090719",
        "amenity": "atm",
        "name": "ATM Sacombank",
        "operator": "Sacombank"
      },
      "geometry": {
        "type": "Point",
        "coordinates": [
          106.6946425,
          10.7906928
        ]
      },
      "id": "node/1274090719"
    },
    {
      "type": "Feature",
      "properties": {
        "@id": "node/1274090853",
        "amenity": "atm",
        "name": "ATM Vietbank",
        "operator": "Vietbank"
      },
      "geometry": {
        "type": "Point",
        "coordinates": [
          106.7085478,
          10.7973629
        ]
      },
      "id": "node/1274090853"
    },
    {
      "type": "Feature",
      "properties": {
        "@id": "node/1276258150",
        "amenity": "atm",
        "name": "Sacombank",
        "opening_hours": "24/7",
        "operator": "Sacombank"
      },
      "geometry": {
        "type": "Point",
        "coordinates": [
          107.0718375,
          10.3394288
        ]
      },
      "id": "node/1276258150"
    },
    {
      "type": "Feature",
      "properties": {
        "@id": "node/1276258273",
        "amenity": "atm"
      },
      "geometry": {
        "type": "Point",
        "coordinates": [
          107.0779345,
          10.3432292
        ]
      },
      "id": "node/1276258273"
    },
    {
      "type": "Feature",
      "properties": {
        "@id": "node/1276258341",
        "amenity": "atm",
        "opening_hours": "24/7",
        "operator": "VIB"
      },
      "geometry": {
        "type": "Point",
        "coordinates": [
          107.0715894,
          10.3389061
        ]
      },
      "id": "node/1276258341"
    },
    {
      "type": "Feature",
      "properties": {
        "@id": "node/1276258343",
        "amenity": "atm",
        "operator": "Viettinbank"
      },
      "geometry": {
        "type": "Point",
        "coordinates": [
          107.0840213,
          10.3461849
        ]
      },
      "id": "node/1276258343"
    },
    {
      "type": "Feature",
      "properties": {
        "@id": "node/1276258584",
        "amenity": "atm",
        "operator": "Vietinbank"
      },
      "geometry": {
        "type": "Point",
        "coordinates": [
          107.0784183,
          10.370093
        ]
      },
      "id": "node/1276258584"
    },
    {
      "type": "Feature",
      "properties": {
        "@id": "node/1394601561",
        "amenity": "atm",
        "operator": "Techcombank"
      },
      "geometry": {
        "type": "Point",
        "coordinates": [
          106.678566,
          10.8094537
        ]
      },
      "id": "node/1394601561"
    },
    {
      "type": "Feature",
      "properties": {
        "@id": "node/1497072246",
        "amenity": "atm",
        "brand": "Vietcombank",
        "brand:wikidata": "Q6122995",
        "operator": "Vietcombank",
        "operator:wikidata": "Q6122995"
      },
      "geometry": {
        "type": "Point",
        "coordinates": [
          106.7111991,
          10.802406
        ]
      },
      "id": "node/1497072246"
    },
    {
      "type": "Feature",
      "properties": {
        "@id": "node/1497260130",
        "amenity": "atm",
        "brand": "ACB",
        "brand:wikidata": "Q727019",
        "name": "ACB",
        "operator": "ACB",
        "operator:wikidata": "Q727019"
      },
      "geometry": {
        "type": "Point",
        "coordinates": [
          106.7023845,
          10.8037511
        ]
      },
      "id": "node/1497260130"
    },
    {
      "type": "Feature",
      "properties": {
        "@id": "node/1497313156",
        "amenity": "atm",
        "name": "ATM ACB",
        "name:en": "ACB"
      },
      "geometry": {
        "type": "Point",
        "coordinates": [
          106.7097563,
          10.8030881
        ]
      },
      "id": "node/1497313156"
    },
    {
      "type": "Feature",
      "properties": {
        "@id": "node/1561477896",
        "amenity": "atm",
        "name": "ATM Sacombank",
        "not:brand:wikidata": "Q6123772",
        "operator": "Sacombank"
      },
      "geometry": {
        "type": "Point",
        "coordinates": [
          106.6534051,
          10.7868644
        ]
      },
      "id": "node/1561477896"
    },
    {
      "type": "Feature",
      "properties": {
        "@id": "node/1769477944",
        "amenity": "atm",
        "brand": "BIDV",
        "brand:wikidata": "Q1003180",
        "brand:wikipedia": "vi:Ngân hàng Đầu tư và Phát triển Việt Nam",
        "name": "ATM BIDV",
        "official_name": "Ngân hàng Đầu tư và Phát triển Việt Nam",
        "official_name:en": "Bank for Investment and Development of Vietnam",
        "official_name:vi": "Ngân hàng Đầu tư và Phát triển Việt Nam",
        "operator": "BIDV",
        "operator:wikidata": "Q1003180"
      },
      "geometry": {
        "type": "Point",
        "coordinates": [
          106.7009486,
          10.7565786
        ]
      },
      "id": "node/1769477944"
    },
    {
      "type": "Feature",
      "properties": {
        "@id": "node/1770305238",
        "amenity": "atm",
        "brand": "Techcombank",
        "brand:wikidata": "Q10541776",
        "name": "Techcombank",
        "opening_hours": "24/7",
        "operator": "Techcombank",
        "operator:wikidata": "Q10541776"
      },
      "geometry": {
        "type": "Point",
        "coordinates": [
          106.7030901,
          10.7737508
        ]
      },
      "id": "node/1770305238"
    },
    {
      "type": "Feature",
      "properties": {
        "@id": "node/1770570155",
        "amenity": "atm",
        "operator": "DongABank"
      },
      "geometry": {
        "type": "Point",
        "coordinates": [
          106.6992343,
          10.7721809
        ]
      },
      "id": "node/1770570155"
    },
    {
      "type": "Feature",
      "properties": {
        "@id": "node/1771654757",
        "amenity": "atm",
        "operator": "ACB & Vietinbank"
      },
      "geometry": {
        "type": "Point",
        "coordinates": [
          106.7034046,
          10.7766492
        ]
      },
      "id": "node/1771654757"
    },
    {
      "type": "Feature",
      "properties": {
        "@id": "node/1775868594",
        "amenity": "atm",
        "brand": "Sacombank",
        "brand:wikidata": "Q6123772",
        "operator": "Sacombank",
        "operator:wikidata": "Q6123772"
      },
      "geometry": {
        "type": "Point",
        "coordinates": [
          106.691035,
          10.7548695
        ]
      },
      "id": "node/1775868594"
    },
    {
      "type": "Feature",
      "properties": {
        "@id": "node/1777244242",
        "amenity": "atm",
        "operator": "Habubank"
      },
      "geometry": {
        "type": "Point",
        "coordinates": [
          106.6994652,
          10.7603375
        ]
      },
      "id": "node/1777244242"
    },
    {
      "type": "Feature",
      "properties": {
        "@id": "node/2024972835",
        "amenity": "atm",
        "brand": "VIB",
        "operator": "VIB"
      },
      "geometry": {
        "type": "Point",
        "coordinates": [
          106.7740629,
          10.8483216
        ]
      },
      "id": "node/2024972835"
    },
    {
      "type": "Feature",
      "properties": {
        "@id": "node/2286005142",
        "amenity": "atm",
        "source": "survey"
      },
      "geometry": {
        "type": "Point",
        "coordinates": [
          106.7035212,
          10.7792937
        ]
      },
      "id": "node/2286005142"
    },
    {
      "type": "Feature",
      "properties": {
        "@id": "node/2341627116",
        "amenity": "atm",
        "name": "ATM ACB",
        "operator": "ACB"
      },
      "geometry": {
        "type": "Point",
        "coordinates": [
          106.7027553,
          10.81084
        ]
      },
      "id": "node/2341627116"
    },
    {
      "type": "Feature",
      "properties": {
        "@id": "node/2505018527",
        "amenity": "atm",
        "name": "ATM DongA bank"
      },
      "geometry": {
        "type": "Point",
        "coordinates": [
          106.7712476,
          10.849561
        ]
      },
      "id": "node/2505018527"
    },
    {
      "type": "Feature",
      "properties": {
        "@id": "node/2507629718",
        "amenity": "atm",
        "brand": "Techcombank",
        "brand:wikidata": "Q10541776",
        "name": "Techcombank",
        "operator": "Techcombank",
        "operator:wikidata": "Q10541776"
      },
      "geometry": {
        "type": "Point",
        "coordinates": [
          106.684825,
          10.757684
        ]
      },
      "id": "node/2507629718"
    },
    {
      "type": "Feature",
      "properties": {
        "@id": "node/2507629727",
        "amenity": "atm",
        "brand": "Techcombank",
        "brand:wikidata": "Q10541776",
        "name": "Techcombank",
        "opening_hours": "24/7",
        "operator": "Techcombank",
        "operator:wikidata": "Q10541776"
      },
      "geometry": {
        "type": "Point",
        "coordinates": [
          106.6896863,
          10.7612444
        ]
      },
      "id": "node/2507629727"
    },
    {
      "type": "Feature",
      "properties": {
        "@id": "node/2507629749",
        "amenity": "atm",
        "brand": "Techcombank",
        "brand:wikidata": "Q10541776",
        "name": "Techcombank",
        "opening_hours": "24/7",
        "operator": "Techcombank",
        "operator:wikidata": "Q10541776"
      },
      "geometry": {
        "type": "Point",
        "coordinates": [
          106.6882241,
          10.7697622
        ]
      },
      "id": "node/2507629749"
    },
    {
      "type": "Feature",
      "properties": {
        "@id": "node/2507629758",
        "amenity": "atm",
        "brand": "Techcombank",
        "brand:wikidata": "Q10541776",
        "name": "Techcombank",
        "opening_hours": "24/7",
        "operator": "Techcombank",
        "operator:wikidata": "Q10541776"
      },
      "geometry": {
        "type": "Point",
        "coordinates": [
          106.6949685,
          10.7705683
        ]
      },
      "id": "node/2507629758"
    },
    {
      "type": "Feature",
      "properties": {
        "@id": "node/2507629761",
        "amenity": "atm",
        "brand": "Techcombank",
        "brand:wikidata": "Q10541776",
        "name": "Techcombank",
        "opening_hours": "24/7",
        "operator": "Techcombank",
        "operator:wikidata": "Q10541776"
      },
      "geometry": {
        "type": "Point",
        "coordinates": [
          106.688479,
          10.771396
        ]
      },
      "id": "node/2507629761"
    },
    {
      "type": "Feature",
      "properties": {
        "@id": "node/2507629765",
        "amenity": "atm",
        "brand": "Techcombank",
        "brand:wikidata": "Q10541776",
        "name": "Techcombank",
        "opening_hours": "24/7",
        "operator": "Techcombank",
        "operator:wikidata": "Q10541776"
      },
      "geometry": {
        "type": "Point",
        "coordinates": [
          106.692612,
          10.771784
        ]
      },
      "id": "node/2507629765"
    },
    {
      "type": "Feature",
      "properties": {
        "@id": "node/2507629770",
        "amenity": "atm",
        "brand": "Techcombank",
        "brand:wikidata": "Q10541776",
        "name": "Techcombank",
        "opening_hours": "24/7",
        "operator": "Techcombank",
        "operator:wikidata": "Q10541776"
      },
      "geometry": {
        "type": "Point",
        "coordinates": [
          106.6986603,
          10.7722674
        ]
      },
      "id": "node/2507629770"
    },
    {
      "type": "Feature",
      "properties": {
        "@id": "node/2507629775",
        "amenity": "atm",
        "brand": "Techcombank",
        "brand:wikidata": "Q10541776",
        "name": "Techcombank",
        "opening_hours": "24/7",
        "operator": "Techcombank",
        "operator:wikidata": "Q10541776"
      },
      "geometry": {
        "type": "Point",
        "coordinates": [
          106.694071,
          10.773467
        ]
      },
      "id": "node/2507629775"
    },
    {
      "type": "Feature",
      "properties": {
        "@id": "node/2507629800",
        "amenity": "atm",
        "brand": "Techcombank",
        "brand:wikidata": "Q10541776",
        "name": "Techcombank",
        "opening_hours": "24/7",
        "operator": "Techcombank",
        "operator:wikidata": "Q10541776"
      },
      "geometry": {
        "type": "Point",
        "coordinates": [
          106.702083,
          10.777396
        ]
      },
      "id": "node/2507629800"
    },
    {
      "type": "Feature",
      "properties": {
        "@id": "node/2507629805",
        "amenity": "atm",
        "brand": "Techcombank",
        "brand:wikidata": "Q10541776",
        "name": "Techcombank",
        "opening_hours": "24/7",
        "operator": "Techcombank",
        "operator:wikidata": "Q10541776"
      },
      "geometry": {
        "type": "Point",
        "coordinates": [
          106.698561,
          10.777934
        ]
      },
      "id": "node/2507629805"
    },
    {
      "type": "Feature",
      "properties": {
        "@id": "node/2507629816",
        "amenity": "atm",
        "brand": "Techcombank",
        "brand:wikidata": "Q10541776",
        "name": "Techcombank",
        "opening_hours": "24/7",
        "operator": "Techcombank",
        "operator:wikidata": "Q10541776"
      },
      "geometry": {
        "type": "Point",
        "coordinates": [
          106.702673,
          10.783293
        ]
      },
      "id": "node/2507629816"
    },
    {
      "type": "Feature",
      "properties": {
        "@id": "node/2507629824",
        "amenity": "atm",
        "brand": "Techcombank",
        "brand:wikidata": "Q10541776",
        "name": "Techcombank",
        "opening_hours": "24/7",
        "operator": "Techcombank",
        "operator:wikidata": "Q10541776"
      },
      "geometry": {
        "type": "Point",
        "coordinates": [
          106.698762,
          10.783925
        ]
      },
      "id": "node/2507629824"
    },
    {
      "type": "Feature",
      "properties": {
        "@id": "node/2507629833",
        "amenity": "atm",
        "brand": "Techcombank",
        "brand:wikidata": "Q10541776",
        "name": "Techcombank",
        "opening_hours": "24/7",
        "operator": "Techcombank",
        "operator:wikidata": "Q10541776"
      },
      "geometry": {
        "type": "Point",
        "coordinates": [
          106.6964088,
          10.7874854
        ]
      },
      "id": "node/2507629833"
    },
    {
      "type": "Feature",
      "properties": {
        "@id": "node/2507629836",
        "amenity": "atm",
        "brand": "Techcombank",
        "brand:wikidata": "Q10541776",
        "name": "Techcombank",
        "opening_hours": "24/7",
        "operator": "Techcombank",
        "operator:wikidata": "Q10541776"
      },
      "geometry": {
        "type": "Point",
        "coordinates": [
          106.695807,
          10.792109
        ]
      },
      "id": "node/2507629836"
    },
    {
      "type": "Feature",
      "properties": {
        "@id": "node/2507629841",
        "amenity": "atm",
        "brand": "Techcombank",
        "brand:wikidata": "Q10541776",
        "name": "Techcombank",
        "opening_hours": "24/7",
        "operator": "Techcombank",
        "operator:wikidata": "Q10541776"
      },
      "geometry": {
        "type": "Point",
        "coordinates": [
          106.6989346,
          10.7922039
        ]
      },
      "id": "node/2507629841"
    },
    {
      "type": "Feature",
      "properties": {
        "@id": "node/2507666999",
        "amenity": "atm",
        "brand": "Techcombank",
        "brand:wikidata": "Q10541776",
        "name": "Techcombank",
        "opening_hours": "24/7",
        "operator": "Techcombank",
        "operator:wikidata": "Q10541776"
      },
      "geometry": {
        "type": "Point",
        "coordinates": [
          106.759903,
          10.782329
        ]
      },
      "id": "node/2507666999"
    },
    {
      "type": "Feature",
      "properties": {
        "@id": "node/2507667003",
        "amenity": "atm",
        "brand": "Techcombank",
        "brand:wikidata": "Q10541776",
        "name": "Techcombank",
        "opening_hours": "24/7",
        "operator": "Techcombank",
        "operator:wikidata": "Q10541776"
      },
      "geometry": {
        "type": "Point",
        "coordinates": [
          106.730211,
          10.791329
        ]
      },
      "id": "node/2507667003"
    },
    {
      "type": "Feature",
      "properties": {
        "@id": "node/2507667008",
        "amenity": "atm",
        "brand": "Techcombank",
        "brand:wikidata": "Q10541776",
        "name": "Techcombank",
        "opening_hours": "24/7",
        "operator": "Techcombank",
        "operator:wikidata": "Q10541776"
      },
      "geometry": {
        "type": "Point",
        "coordinates": [
          106.74337,
          10.800685
        ]
      },
      "id": "node/2507667008"
    },
    {
      "type": "Feature",
      "properties": {
        "@id": "node/2507667012",
        "amenity": "atm",
        "brand": "Techcombank",
        "brand:wikidata": "Q10541776",
        "name": "Techcombank",
        "opening_hours": "24/7",
        "operator": "Techcombank",
        "operator:wikidata": "Q10541776"
      },
      "geometry": {
        "type": "Point",
        "coordinates": [
          106.736445,
          10.805214
        ]
      },
      "id": "node/2507667012"
    },
    {
      "type": "Feature",
      "properties": {
        "@id": "node/2507667016",
        "amenity": "atm",
        "brand": "Techcombank",
        "brand:wikidata": "Q10541776",
        "name": "Techcombank",
        "opening_hours": "24/7",
        "operator": "Techcombank",
        "operator:wikidata": "Q10541776"
      },
      "geometry": {
        "type": "Point",
        "coordinates": [
          106.732134,
          10.812367
        ]
      },
      "id": "node/2507667016"
    },
    {
      "type": "Feature",
      "properties": {
        "@id": "node/2507690465",
        "amenity": "atm",
        "brand": "Techcombank",
        "brand:wikidata": "Q10541776",
        "name": "Techcombank",
        "opening_hours": "24/7",
        "operator": "Techcombank",
        "operator:wikidata": "Q10541776"
      },
      "geometry": {
        "type": "Point",
        "coordinates": [
          106.680698,
          10.771365
        ]
      },
      "id": "node/2507690465"
    },
    {
      "type": "Feature",
      "properties": {
        "@id": "node/2507690470",
        "amenity": "atm",
        "brand": "Techcombank",
        "brand:wikidata": "Q10541776",
        "name": "Techcombank",
        "opening_hours": "24/7",
        "operator": "Techcombank",
        "operator:wikidata": "Q10541776"
      },
      "geometry": {
        "type": "Point",
        "coordinates": [
          106.6886855,
          10.7742863
        ]
      },
      "id": "node/2507690470"
    },
    {
      "type": "Feature",
      "properties": {
        "@id": "node/2507690475",
        "amenity": "atm",
        "brand": "Techcombank",
        "brand:wikidata": "Q10541776",
        "name": "Techcombank",
        "opening_hours": "24/7",
        "operator": "Techcombank",
        "operator:wikidata": "Q10541776"
      },
      "geometry": {
        "type": "Point",
        "coordinates": [
          106.6865527,
          10.7766765
        ]
      },
      "id": "node/2507690475"
    },
    {
      "type": "Feature",
      "properties": {
        "@id": "node/2507690480",
        "amenity": "atm",
        "brand": "Techcombank",
        "brand:wikidata": "Q10541776",
        "name": "Techcombank",
        "opening_hours": "24/7",
        "operator": "Techcombank",
        "operator:wikidata": "Q10541776"
      },
      "geometry": {
        "type": "Point",
        "coordinates": [
          106.6832049,
          10.7767768
        ]
      },
      "id": "node/2507690480"
    },
    {
      "type": "Feature",
      "properties": {
        "@id": "node/2507690489",
        "amenity": "atm",
        "brand": "Techcombank",
        "brand:wikidata": "Q10541776",
        "name": "Techcombank",
        "opening_hours": "24/7",
        "operator": "Techcombank",
        "operator:wikidata": "Q10541776"
      },
      "geometry": {
        "type": "Point",
        "coordinates": [
          106.6890697,
          10.7804934
        ]
      },
      "id": "node/2507690489"
    },
    {
      "type": "Feature",
      "properties": {
        "@id": "node/2507690494",
        "amenity": "atm",
        "brand": "Techcombank",
        "brand:wikidata": "Q10541776",
        "name": "Techcombank",
        "opening_hours": "24/7",
        "operator": "Techcombank",
        "operator:wikidata": "Q10541776"
      },
      "geometry": {
        "type": "Point",
        "coordinates": [
          106.6832029,
          10.7814284
        ]
      },
      "id": "node/2507690494"
    },
    {
      "type": "Feature",
      "properties": {
        "@id": "node/2507690510",
        "amenity": "atm",
        "brand": "Techcombank",
        "brand:wikidata": "Q10541776",
        "name": "Techcombank",
        "opening_hours": "24/7",
        "operator": "Techcombank",
        "operator:wikidata": "Q10541776"
      },
      "geometry": {
        "type": "Point",
        "coordinates": [
          106.6825496,
          10.7836258
        ]
      },
      "id": "node/2507690510"
    },
    {
      "type": "Feature",
      "properties": {
        "@id": "node/2507690520",
        "amenity": "atm",
        "brand": "Techcombank",
        "brand:wikidata": "Q10541776",
        "name": "Techcombank",
        "opening_hours": "24/7",
        "operator": "Techcombank",
        "operator:wikidata": "Q10541776"
      },
      "geometry": {
        "type": "Point",
        "coordinates": [
          106.66944,
          10.784231
        ]
      },
      "id": "node/2507690520"
    },
    {
      "type": "Feature",
      "properties": {
        "@id": "node/2507690526",
        "amenity": "atm",
        "brand": "Techcombank",
        "brand:wikidata": "Q10541776",
        "name": "Techcombank",
        "opening_hours": "24/7",
        "operator": "Techcombank",
        "operator:wikidata": "Q10541776"
      },
      "geometry": {
        "type": "Point",
        "coordinates": [
          106.6896758,
          10.7863791
        ]
      },
      "id": "node/2507690526"
    },
    {
      "type": "Feature",
      "properties": {
        "@id": "node/2507690531",
        "amenity": "atm",
        "brand": "Techcombank",
        "brand:wikidata": "Q10541776",
        "check_date": "2025-03-29",
        "name": "Techcombank",
        "opening_hours": "24/7",
        "operator": "Techcombank",
        "operator:wikidata": "Q10541776"
      },
      "geometry": {
        "type": "Point",
        "coordinates": [
          106.6860669,
          10.7875797
        ]
      },
      "id": "node/2507690531"
    },
    {
      "type": "Feature",
      "properties": {
        "@id": "node/2507690536",
        "amenity": "atm",
        "brand": "Techcombank",
        "brand:wikidata": "Q10541776",
        "name": "Techcombank",
        "opening_hours": "24/7",
        "operator": "Techcombank",
        "operator:wikidata": "Q10541776"
      },
      "geometry": {
        "type": "Point",
        "coordinates": [
          106.677767,
          10.7880226
        ]
      },
      "id": "node/2507690536"
    },
    {
      "type": "Feature",
      "properties": {
        "@id": "node/2507690541",
        "amenity": "atm",
        "brand": "Techcombank",
        "brand:wikidata": "Q10541776",
        "name": "Techcombank",
        "opening_hours": "24/7",
        "operator": "Techcombank",
        "operator:wikidata": "Q10541776"
      },
      "geometry": {
        "type": "Point",
        "coordinates": [
          106.6782689,
          10.789406
        ]
      },
      "id": "node/2507690541"
    },
    {
      "type": "Feature",
      "properties": {
        "@id": "node/2507690546",
        "amenity": "atm",
        "brand": "Techcombank",
        "brand:wikidata": "Q10541776",
        "name": "Techcombank",
        "opening_hours": "24/7",
        "operator": "Techcombank",
        "operator:wikidata": "Q10541776"
      },
      "geometry": {
        "type": "Point",
        "coordinates": [
          106.6887949,
          10.7902849
        ]
      },
      "id": "node/2507690546"
    },
    {
      "type": "Feature",
      "properties": {
        "@id": "node/2507698669",
        "amenity": "atm",
        "brand": "Techcombank",
        "brand:wikidata": "Q10541776",
        "name": "Techcombank",
        "opening_hours": "24/7",
        "operator": "Techcombank",
        "operator:wikidata": "Q10541776"
      },
      "geometry": {
        "type": "Point",
        "coordinates": [
          106.7002,
          10.757262
        ]
      },
      "id": "node/2507698669"
    },
    {
      "type": "Feature",
      "properties": {
        "@id": "node/2507698670",
        "amenity": "atm",
        "brand": "Techcombank",
        "brand:wikidata": "Q10541776",
        "name": "Techcombank",
        "opening_hours": "24/7",
        "operator": "Techcombank",
        "operator:wikidata": "Q10541776"
      },
      "geometry": {
        "type": "Point",
        "coordinates": [
          106.714145,
          10.759254
        ]
      },
      "id": "node/2507698670"
    },
    {
      "type": "Feature",
      "properties": {
        "@id": "node/2507698671",
        "amenity": "atm",
        "brand": "Techcombank",
        "brand:wikidata": "Q10541776",
        "name": "Techcombank",
        "opening_hours": "24/7",
        "operator": "Techcombank",
        "operator:wikidata": "Q10541776"
      },
      "geometry": {
        "type": "Point",
        "coordinates": [
          106.70182,
          10.761784
        ]
      },
      "id": "node/2507698671"
    },
    {
      "type": "Feature",
      "properties": {
        "@id": "node/2507700119",
        "amenity": "atm",
        "brand": "Techcombank",
        "brand:wikidata": "Q10541776",
        "name": "Techcombank",
        "opening_hours": "24/7",
        "operator": "Techcombank",
        "operator:wikidata": "Q10541776"
      },
      "geometry": {
        "type": "Point",
        "coordinates": [
          106.66601,
          10.75381
        ]
      },
      "id": "node/2507700119"
    },
    {
      "type": "Feature",
      "properties": {
        "@id": "node/2507700120",
        "amenity": "atm",
        "brand": "Techcombank",
        "brand:wikidata": "Q10541776",
        "name": "Techcombank",
        "opening_hours": "24/7",
        "operator": "Techcombank",
        "operator:wikidata": "Q10541776"
      },
      "geometry": {
        "type": "Point",
        "coordinates": [
          106.6572663,
          10.7544929
        ]
      },
      "id": "node/2507700120"
    },
    {
      "type": "Feature",
      "properties": {
        "@id": "node/2507700121",
        "amenity": "atm",
        "brand": "Techcombank",
        "brand:wikidata": "Q10541776",
        "name": "Techcombank",
        "opening_hours": "24/7",
        "operator": "Techcombank",
        "operator:wikidata": "Q10541776"
      },
      "geometry": {
        "type": "Point",
        "coordinates": [
          106.6791576,
          10.7551998
        ]
      },
      "id": "node/2507700121"
    },
    {
      "type": "Feature",
      "properties": {
        "@id": "node/2507700124",
        "amenity": "atm",
        "brand": "Techcombank",
        "brand:wikidata": "Q10541776",
        "name": "Techcombank",
        "opening_hours": "24/7",
        "operator": "Techcombank",
        "operator:wikidata": "Q10541776"
      },
      "geometry": {
        "type": "Point",
        "coordinates": [
          106.6567178,
          10.7575597
        ]
      },
      "id": "node/2507700124"
    },
    {
      "type": "Feature",
      "properties": {
        "@id": "node/2507700125",
        "amenity": "atm",
        "brand": "Techcombank",
        "brand:wikidata": "Q10541776",
        "name": "Techcombank",
        "opening_hours": "24/7",
        "operator": "Techcombank",
        "operator:wikidata": "Q10541776"
      },
      "geometry": {
        "type": "Point",
        "coordinates": [
          106.682182,
          10.7636219
        ]
      },
      "id": "node/2507700125"
    },
    {
      "type": "Feature",
      "properties": {
        "@id": "node/2507702622",
        "amenity": "atm",
        "brand": "Techcombank",
        "brand:wikidata": "Q10541776",
        "name": "Techcombank",
        "opening_hours": "24/7",
        "operator": "Techcombank",
        "operator:wikidata": "Q10541776"
      },
      "geometry": {
        "type": "Point",
        "coordinates": [
          106.631423,
          10.745583
        ]
      },
      "id": "node/2507702622"
    },
    {
      "type": "Feature",
      "properties": {
        "@id": "node/2507702625",
        "amenity": "atm",
        "brand": "Techcombank",
        "brand:wikidata": "Q10541776",
        "name": "Techcombank",
        "opening_hours": "24/7",
        "operator": "Techcombank",
        "operator:wikidata": "Q10541776"
      },
      "geometry": {
        "type": "Point",
        "coordinates": [
          106.6433465,
          10.7457955
        ]
      },
      "id": "node/2507702625"
    },
    {
      "type": "Feature",
      "properties": {
        "@id": "node/2507702628",
        "amenity": "atm",
        "brand": "Techcombank",
        "brand:wikidata": "Q10541776",
        "name": "Techcombank",
        "opening_hours": "24/7",
        "operator": "Techcombank",
        "operator:wikidata": "Q10541776"
      },
      "geometry": {
        "type": "Point",
        "coordinates": [
          106.646621,
          10.7493787
        ]
      },
      "id": "node/2507702628"
    },
    {
      "type": "Feature",
      "properties": {
        "@id": "node/2507702631",
        "amenity": "atm",
        "brand": "Techcombank",
        "brand:wikidata": "Q10541776",
        "name": "Techcombank",
        "opening_hours": "24/7",
        "operator": "Techcombank",
        "operator:wikidata": "Q10541776"
      },
      "geometry": {
        "type": "Point",
        "coordinates": [
          106.643102,
          10.7495027
        ]
      },
      "id": "node/2507702631"
    },
    {
      "type": "Feature",
      "properties": {
        "@id": "node/2507702634",
        "amenity": "atm",
        "brand": "Techcombank",
        "brand:wikidata": "Q10541776",
        "name": "Techcombank",
        "opening_hours": "24/7",
        "operator": "Techcombank",
        "operator:wikidata": "Q10541776"
      },
      "geometry": {
        "type": "Point",
        "coordinates": [
          106.632817,
          10.752624
        ]
      },
      "id": "node/2507702634"
    },
    {
      "type": "Feature",
      "properties": {
        "@id": "node/2507702637",
        "amenity": "atm",
        "brand": "Techcombank",
        "brand:wikidata": "Q10541776",
        "name": "Techcombank",
        "opening_hours": "24/7",
        "operator": "Techcombank",
        "operator:wikidata": "Q10541776"
      },
      "geometry": {
        "type": "Point",
        "coordinates": [
          106.6421467,
          10.7540771
        ]
      },
      "id": "node/2507702637"
    },
    {
      "type": "Feature",
      "properties": {
        "@id": "node/2507706751",
        "amenity": "atm",
        "brand": "Techcombank",
        "brand:wikidata": "Q10541776",
        "name": "Techcombank",
        "opening_hours": "24/7",
        "operator": "Techcombank",
        "operator:wikidata": "Q10541776"
      },
      "geometry": {
        "type": "Point",
        "coordinates": [
          106.684984,
          10.7935742
        ]
      },
      "id": "node/2507706751"
    },
    {
      "type": "Feature",
      "properties": {
        "@id": "node/2507706755",
        "amenity": "atm",
        "brand": "Techcombank",
        "brand:wikidata": "Q10541776",
        "name": "Techcombank",
        "opening_hours": "24/7",
        "operator": "Techcombank",
        "operator:wikidata": "Q10541776"
      },
      "geometry": {
        "type": "Point",
        "coordinates": [
          106.6685273,
          10.794006
        ]
      },
      "id": "node/2507706755"
    },
    {
      "type": "Feature",
      "properties": {
        "@id": "node/2507706759",
        "amenity": "atm",
        "brand": "Techcombank",
        "brand:wikidata": "Q10541776",
        "name": "Techcombank",
        "opening_hours": "24/7",
        "operator": "Techcombank",
        "operator:wikidata": "Q10541776"
      },
      "geometry": {
        "type": "Point",
        "coordinates": [
          106.6849694,
          10.8039027
        ]
      },
      "id": "node/2507706759"
    },
    {
      "type": "Feature",
      "properties": {
        "@id": "node/2507706760",
        "addr:city": "Ho Chi Minh City",
        "addr:housenumber": "228",
        "addr:street": "Hồ Văn Huê",
        "amenity": "atm",
        "brand": "Vietcombank",
        "brand:wikidata": "Q6122995",
        "operator": "Vietcombank",
        "operator:wikidata": "Q6122995"
      },
      "geometry": {
        "type": "Point",
        "coordinates": [
          106.6780588,
          10.805139
        ]
      },
      "id": "node/2507706760"
    },
    {
      "type": "Feature",
      "properties": {
        "@id": "node/2507755450",
        "amenity": "atm",
        "brand": "Techcombank",
        "brand:wikidata": "Q10541776",
        "name": "Techcombank",
        "opening_hours": "24/7",
        "operator": "Techcombank",
        "operator:wikidata": "Q10541776"
      },
      "geometry": {
        "type": "Point",
        "coordinates": [
          106.732081,
          10.713448
        ]
      },
      "id": "node/2507755450"
    },
    {
      "type": "Feature",
      "properties": {
        "@id": "node/2507755451",
        "amenity": "atm",
        "brand": "Techcombank",
        "brand:wikidata": "Q10541776",
        "name": "Techcombank",
        "opening_hours": "24/7",
        "operator": "Techcombank",
        "operator:wikidata": "Q10541776"
      },
      "geometry": {
        "type": "Point",
        "coordinates": [
          106.719903,
          10.728148
        ]
      },
      "id": "node/2507755451"
    },
    {
      "type": "Feature",
      "properties": {
        "@id": "node/2507755452",
        "amenity": "atm",
        "brand": "Techcombank",
        "brand:wikidata": "Q10541776",
        "name": "Techcombank",
        "opening_hours": "24/7",
        "operator": "Techcombank",
        "operator:wikidata": "Q10541776"
      },
      "geometry": {
        "type": "Point",
        "coordinates": [
          106.7133045,
          10.7283083
        ]
      },
      "id": "node/2507755452"
    },
    {
      "type": "Feature",
      "properties": {
        "@id": "node/2507755454",
        "amenity": "atm",
        "brand": "Techcombank",
        "brand:wikidata": "Q10541776",
        "name": "Techcombank",
        "opening_hours": "24/7",
        "operator": "Techcombank",
        "operator:wikidata": "Q10541776"
      },
      "geometry": {
        "type": "Point",
        "coordinates": [
          106.721896,
          10.730251
        ]
      },
      "id": "node/2507755454"
    },
    {
      "type": "Feature",
      "properties": {
        "@id": "node/2507755455",
        "amenity": "atm",
        "brand": "Techcombank",
        "brand:wikidata": "Q10541776",
        "name": "Techcombank",
        "opening_hours": "24/7",
        "operator": "Techcombank",
        "operator:wikidata": "Q10541776"
      },
      "geometry": {
        "type": "Point",
        "coordinates": [
          106.7311028,
          10.7328814
        ]
      },
      "id": "node/2507755455"
    },
    {
      "type": "Feature",
      "properties": {
        "@id": "node/2507755457",
        "amenity": "atm",
        "name": "Techcombank",
        "operator": "ATM Techcombank"
      },
      "geometry": {
        "type": "Point",
        "coordinates": [
          106.7083896,
          10.7390566
        ]
      },
      "id": "node/2507755457"
    },
    {
      "type": "Feature",
      "properties": {
        "@id": "node/2507755458",
        "amenity": "atm",
        "brand": "Techcombank",
        "brand:wikidata": "Q10541776",
        "name": "Techcombank",
        "opening_hours": "24/7",
        "operator": "Techcombank",
        "operator:wikidata": "Q10541776"
      },
      "geometry": {
        "type": "Point",
        "coordinates": [
          106.7038173,
          10.740745
        ]
      },
      "id": "node/2507755458"
    },
    {
      "type": "Feature",
      "properties": {
        "@id": "node/2507755459",
        "amenity": "atm",
        "brand": "Techcombank",
        "brand:wikidata": "Q10541776",
        "name": "Techcombank",
        "opening_hours": "24/7",
        "operator": "Techcombank",
        "operator:wikidata": "Q10541776"
      },
      "geometry": {
        "type": "Point",
        "coordinates": [
          106.7292976,
          10.745815
        ]
      },
      "id": "node/2507755459"
    },
    {
      "type": "Feature",
      "properties": {
        "@id": "node/2507755460",
        "amenity": "atm",
        "brand": "Techcombank",
        "brand:wikidata": "Q10541776",
        "name": "Techcombank",
        "opening_hours": "24/7",
        "operator": "Techcombank",
        "operator:wikidata": "Q10541776"
      },
      "geometry": {
        "type": "Point",
        "coordinates": [
          106.715934,
          10.748147
        ]
      },
      "id": "node/2507755460"
    },
    {
      "type": "Feature",
      "properties": {
        "@id": "node/2507755461",
        "amenity": "atm",
        "brand": "Techcombank",
        "brand:wikidata": "Q10541776",
        "name": "Techcombank",
        "operator": "Techcombank",
        "operator:wikidata": "Q10541776"
      },
      "geometry": {
        "type": "Point",
        "coordinates": [
          106.7285618,
          10.7504314
        ]
      },
      "id": "node/2507755461"
    },
    {
      "type": "Feature",
      "properties": {
        "@id": "node/2507755462",
        "amenity": "atm",
        "name": "Techcombank"
      },
      "geometry": {
        "type": "Point",
        "coordinates": [
          106.699205,
          10.751585
        ]
      },
      "id": "node/2507755462"
    },
    {
      "type": "Feature",
      "properties": {
        "@id": "node/2507755463",
        "amenity": "atm",
        "brand": "Techcombank",
        "brand:wikidata": "Q10541776",
        "name": "Techcombank",
        "operator": "Techcombank",
        "operator:wikidata": "Q10541776"
      },
      "geometry": {
        "type": "Point",
        "coordinates": [
          106.715746,
          10.751681
        ]
      },
      "id": "node/2507755463"
    },
    {
      "type": "Feature",
      "properties": {
        "@id": "node/2507755838",
        "amenity": "atm",
        "brand": "Techcombank",
        "brand:wikidata": "Q10541776",
        "name": "Techcombank",
        "opening_hours": "24/7",
        "operator": "Techcombank",
        "operator:wikidata": "Q10541776"
      },
      "geometry": {
        "type": "Point",
        "coordinates": [
          106.6770287,
          10.7423433
        ]
      },
      "id": "node/2507755838"
    },
    {
      "type": "Feature",
      "properties": {
        "@id": "node/2507757664",
        "amenity": "atm",
        "brand": "Techcombank",
        "brand:wikidata": "Q10541776",
        "name": "Techcombank",
        "opening_hours": "24/7",
        "operator": "Techcombank",
        "operator:wikidata": "Q10541776"
      },
      "geometry": {
        "type": "Point",
        "coordinates": [
          106.7698614,
          10.8230626
        ]
      },
      "id": "node/2507757664"
    },
    {
      "type": "Feature",
      "properties": {
        "@id": "node/2507757665",
        "amenity": "atm",
        "brand": "Techcombank",
        "brand:wikidata": "Q10541776",
        "name": "Techcombank",
        "operator": "Techcombank",
        "operator:wikidata": "Q10541776"
      },
      "geometry": {
        "type": "Point",
        "coordinates": [
          106.7805023,
          10.844682
        ]
      },
      "id": "node/2507757665"
    },
    {
      "type": "Feature",
      "properties": {
        "@id": "node/2507757666",
        "amenity": "atm",
        "brand": "Techcombank",
        "brand:wikidata": "Q10541776",
        "name": "Techcombank",
        "opening_hours": "24/7",
        "operator": "Techcombank",
        "operator:wikidata": "Q10541776"
      },
      "geometry": {
        "type": "Point",
        "coordinates": [
          106.7872874,
          10.8455624
        ]
      },
      "id": "node/2507757666"
    },
    {
      "type": "Feature",
      "properties": {
        "@id": "node/2507757667",
        "amenity": "atm",
        "brand": "Techcombank",
        "brand:wikidata": "Q10541776",
        "name": "Techcombank",
        "opening_hours": "24/7",
        "operator": "Techcombank",
        "operator:wikidata": "Q10541776"
      },
      "geometry": {
        "type": "Point",
        "coordinates": [
          106.8095183,
          10.8711634
        ]
      },
      "id": "node/2507757667"
    },
    {
      "type": "Feature",
      "properties": {
        "@id": "node/2507758140",
        "amenity": "atm",
        "brand": "Techcombank",
        "brand:wikidata": "Q10541776",
        "name": "Techcombank",
        "opening_hours": "24/7",
        "operator": "Techcombank",
        "operator:wikidata": "Q10541776"
      },
      "geometry": {
        "type": "Point",
        "coordinates": [
          106.6612845,
          10.7601119
        ]
      },
      "id": "node/2507758140"
    },
    {
      "type": "Feature",
      "properties": {
        "@id": "node/2507758142",
        "amenity": "atm",
        "brand": "Techcombank",
        "brand:wikidata": "Q10541776",
        "name": "Techcombank",
        "opening_hours": "24/7",
        "operator": "Techcombank",
        "operator:wikidata": "Q10541776"
      },
      "geometry": {
        "type": "Point",
        "coordinates": [
          106.66935,
          10.7726753
        ]
      },
      "id": "node/2507758142"
    },
    {
      "type": "Feature",
      "properties": {
        "@id": "node/2507758143",
        "amenity": "atm",
        "brand": "Techcombank",
        "brand:wikidata": "Q10541776",
        "name": "Techcombank",
        "opening_hours": "24/7",
        "operator": "Techcombank",
        "operator:wikidata": "Q10541776"
      },
      "geometry": {
        "type": "Point",
        "coordinates": [
          106.679516,
          10.7746997
        ]
      },
      "id": "node/2507758143"
    },
    {
      "type": "Feature",
      "properties": {
        "@id": "node/2507758144",
        "amenity": "atm",
        "brand": "Techcombank",
        "brand:wikidata": "Q10541776",
        "name": "Techcombank",
        "opening_hours": "24/7",
        "operator": "Techcombank",
        "operator:wikidata": "Q10541776"
      },
      "geometry": {
        "type": "Point",
        "coordinates": [
          106.6663873,
          10.77716
        ]
      },
      "id": "node/2507758144"
    },
    {
      "type": "Feature",
      "properties": {
        "@id": "node/2507758145",
        "amenity": "atm",
        "brand": "Techcombank",
        "brand:wikidata": "Q10541776",
        "name": "Techcombank",
        "opening_hours": "24/7",
        "operator": "Techcombank",
        "operator:wikidata": "Q10541776"
      },
      "geometry": {
        "type": "Point",
        "coordinates": [
          106.6634952,
          10.7783167
        ]
      },
      "id": "node/2507758145"
    },
    {
      "type": "Feature",
      "properties": {
        "@id": "node/2507758588",
        "amenity": "atm",
        "brand": "Techcombank",
        "brand:wikidata": "Q10541776",
        "name": "Techcombank",
        "opening_hours": "24/7",
        "operator": "Techcombank",
        "operator:wikidata": "Q10541776"
      },
      "geometry": {
        "type": "Point",
        "coordinates": [
          106.642758,
          10.763099
        ]
      },
      "id": "node/2507758588"
    },
    {
      "type": "Feature",
      "properties": {
        "@id": "node/2507758591",
        "amenity": "atm",
        "brand": "Techcombank",
        "brand:wikidata": "Q10541776",
        "name": "Techcombank",
        "opening_hours": "24/7",
        "operator": "Techcombank",
        "operator:wikidata": "Q10541776"
      },
      "geometry": {
        "type": "Point",
        "coordinates": [
          106.6481566,
          10.764196
        ]
      },
      "id": "node/2507758591"
    },
    {
      "type": "Feature",
      "properties": {
        "@id": "node/2507758594",
        "amenity": "atm",
        "brand": "Techcombank",
        "brand:wikidata": "Q10541776",
        "name": "Techcombank",
        "opening_hours": "24/7",
        "operator": "Techcombank",
        "operator:wikidata": "Q10541776"
      },
      "geometry": {
        "type": "Point",
        "coordinates": [
          106.642714,
          10.7664943
        ]
      },
      "id": "node/2507758594"
    },
    {
      "type": "Feature",
      "properties": {
        "@id": "node/2507758600",
        "addr:street": "Đường Lạc Long Quân",
        "amenity": "atm",
        "brand": "Techcombank",
        "brand:wikidata": "Q10541776",
        "name": "Techcombank",
        "opening_hours": "24/7",
        "operator": "Techcombank",
        "operator:wikidata": "Q10541776"
      },
      "geometry": {
        "type": "Point",
        "coordinates": [
          106.643675,
          10.7683725
        ]
      },
      "id": "node/2507758600"
    },
    {
      "type": "Feature",
      "properties": {
        "@id": "node/2507760677",
        "amenity": "atm",
        "brand": "Techcombank",
        "brand:wikidata": "Q10541776",
        "name": "Techcombank",
        "opening_hours": "24/7",
        "operator": "Techcombank",
        "operator:wikidata": "Q10541776"
      },
      "geometry": {
        "type": "Point",
        "coordinates": [
          106.610424,
          10.828764
        ]
      },
      "id": "node/2507760677"
    },
    {
      "type": "Feature",
      "properties": {
        "@id": "node/2507760678",
        "amenity": "atm",
        "brand": "Techcombank",
        "brand:wikidata": "Q10541776",
        "name": "Techcombank",
        "opening_hours": "24/7",
        "operator": "Techcombank",
        "operator:wikidata": "Q10541776"
      },
      "geometry": {
        "type": "Point",
        "coordinates": [
          106.627672,
          10.8298298
        ]
      },
      "id": "node/2507760678"
    },
    {
      "type": "Feature",
      "properties": {
        "@id": "node/2507760679",
        "amenity": "atm",
        "brand": "Techcombank",
        "brand:wikidata": "Q10541776",
        "name": "Techcombank",
        "opening_hours": "24/7",
        "operator": "Techcombank",
        "operator:wikidata": "Q10541776"
      },
      "geometry": {
        "type": "Point",
        "coordinates": [
          106.6199121,
          10.8364736
        ]
      },
      "id": "node/2507760679"
    },
    {
      "type": "Feature",
      "properties": {
        "@id": "node/2507760680",
        "amenity": "atm",
        "brand": "Techcombank",
        "brand:wikidata": "Q10541776",
        "name": "Techcombank",
        "opening_hours": "24/7",
        "operator": "Techcombank",
        "operator:wikidata": "Q10541776"
      },
      "geometry": {
        "type": "Point",
        "coordinates": [
          106.6883796,
          10.8606816
        ]
      },
      "id": "node/2507760680"
    },
    {
      "type": "Feature",
      "properties": {
        "@id": "node/2507760681",
        "amenity": "atm",
        "brand": "Techcombank",
        "brand:wikidata": "Q10541776",
        "name": "Techcombank",
        "opening_hours": "24/7",
        "operator": "Techcombank",
        "operator:wikidata": "Q10541776"
      },
      "geometry": {
        "type": "Point",
        "coordinates": [
          106.64921,
          10.867852
        ]
      },
      "id": "node/2507760681"
    },
    {
      "type": "Feature",
      "properties": {
        "@id": "node/2507767195",
        "amenity": "atm",
        "brand": "Techcombank",
        "brand:wikidata": "Q10541776",
        "name": "Techcombank",
        "opening_hours": "24/7",
        "operator": "Techcombank",
        "operator:wikidata": "Q10541776"
      },
      "geometry": {
        "type": "Point",
        "coordinates": [
          106.5747867,
          10.7301328
        ]
      },
      "id": "node/2507767195"
    },
    {
      "type": "Feature",
      "properties": {
        "@id": "node/2507767199",
        "amenity": "atm",
        "brand": "Techcombank",
        "brand:wikidata": "Q10541776",
        "name": "Techcombank",
        "opening_hours": "24/7",
        "operator": "Techcombank",
        "operator:wikidata": "Q10541776"
      },
      "geometry": {
        "type": "Point",
        "coordinates": [
          106.61536,
          10.739116
        ]
      },
      "id": "node/2507767199"
    },
    {
      "type": "Feature",
      "properties": {
        "@id": "node/2507767202",
        "amenity": "atm",
        "brand": "Techcombank",
        "brand:wikidata": "Q10541776",
        "name": "Techcombank",
        "opening_hours": "24/7",
        "operator": "Techcombank",
        "operator:wikidata": "Q10541776"
      },
      "geometry": {
        "type": "Point",
        "coordinates": [
          106.6155794,
          10.758008
        ]
      },
      "id": "node/2507767202"
    },
    {
      "type": "Feature",
      "properties": {
        "@id": "node/2507767205",
        "amenity": "atm",
        "brand": "Techcombank",
        "brand:wikidata": "Q10541776",
        "name": "Techcombank",
        "opening_hours": "24/7",
        "operator": "Techcombank",
        "operator:wikidata": "Q10541776"
      },
      "geometry": {
        "type": "Point",
        "coordinates": [
          106.5952439,
          10.7686283
        ]
      },
      "id": "node/2507767205"
    },
    {
      "type": "Feature",
      "properties": {
        "@id": "node/2513575317",
        "amenity": "atm",
        "brand": "Techcombank",
        "brand:wikidata": "Q10541776",
        "name": "Techcombank",
        "opening_hours": "24/7",
        "operator": "Techcombank",
        "operator:wikidata": "Q10541776"
      },
      "geometry": {
        "type": "Point",
        "coordinates": [
          106.7123263,
          10.7925195
        ]
      },
      "id": "node/2513575317"
    },
    {
      "type": "Feature",
      "properties": {
        "@id": "node/2513575319",
        "amenity": "atm",
        "brand": "Techcombank",
        "brand:wikidata": "Q10541776",
        "name": "Techcombank",
        "opening_hours": "24/7",
        "operator": "Techcombank",
        "operator:wikidata": "Q10541776"
      },
      "geometry": {
        "type": "Point",
        "coordinates": [
          106.7044121,
          10.79819
        ]
      },
      "id": "node/2513575319"
    },
    {
      "type": "Feature",
      "properties": {
        "@id": "node/2513575320",
        "amenity": "atm",
        "brand": "Techcombank",
        "brand:wikidata": "Q10541776",
        "name": "Techcombank",
        "opening_hours": "24/7",
        "operator": "Techcombank",
        "operator:wikidata": "Q10541776"
      },
      "geometry": {
        "type": "Point",
        "coordinates": [
          106.7197339,
          10.7989466
        ]
      },
      "id": "node/2513575320"
    },
    {
      "type": "Feature",
      "properties": {
        "@id": "node/2513575321",
        "addr:city": "Ho Chi Minh City",
        "addr:district": "Quận 1",
        "addr:housenumber": "34",
        "addr:street": "Đinh Tiên Hoàng",
        "addr:subdistrict": "Phường Đa Kao",
        "amenity": "atm",
        "brand": "Techcombank",
        "brand:wikidata": "Q10541776",
        "name": "Techcombank",
        "opening_hours": "24/7",
        "operator": "Techcombank",
        "operator:wikidata": "Q10541776"
      },
      "geometry": {
        "type": "Point",
        "coordinates": [
          106.696268,
          10.800224
        ]
      },
      "id": "node/2513575321"
    },
    {
      "type": "Feature",
      "properties": {
        "@id": "node/2513575322",
        "amenity": "atm",
        "brand": "Techcombank",
        "brand:wikidata": "Q10541776",
        "name": "Techcombank",
        "opening_hours": "24/7",
        "operator": "Techcombank",
        "operator:wikidata": "Q10541776"
      },
      "geometry": {
        "type": "Point",
        "coordinates": [
          106.7099162,
          10.8030908
        ]
      },
      "id": "node/2513575322"
    },
    {
      "type": "Feature",
      "properties": {
        "@id": "node/2513575323",
        "amenity": "atm",
        "brand": "Techcombank",
        "brand:wikidata": "Q10541776",
        "name": "Techcombank",
        "opening_hours": "24/7",
        "operator": "Techcombank",
        "operator:wikidata": "Q10541776"
      },
      "geometry": {
        "type": "Point",
        "coordinates": [
          106.6887446,
          10.8034619
        ]
      },
      "id": "node/2513575323"
    },
    {
      "type": "Feature",
      "properties": {
        "@id": "node/2513575324",
        "amenity": "atm",
        "brand": "Techcombank",
        "brand:wikidata": "Q10541776",
        "name": "Techcombank",
        "opening_hours": "24/7",
        "operator": "Techcombank",
        "operator:wikidata": "Q10541776"
      },
      "geometry": {
        "type": "Point",
        "coordinates": [
          106.715813,
          10.804969
        ]
      },
      "id": "node/2513575324"
    },
    {
      "type": "Feature",
      "properties": {
        "@id": "node/2513575325",
        "amenity": "atm",
        "brand": "Techcombank",
        "brand:wikidata": "Q10541776",
        "name": "Techcombank",
        "opening_hours": "24/7",
        "operator": "Techcombank",
        "operator:wikidata": "Q10541776"
      },
      "geometry": {
        "type": "Point",
        "coordinates": [
          106.692059,
          10.810533
        ]
      },
      "id": "node/2513575325"
    },
    {
      "type": "Feature",
      "properties": {
        "@id": "node/2513575326",
        "amenity": "atm",
        "brand": "Techcombank",
        "brand:wikidata": "Q10541776",
        "name": "Techcombank",
        "opening_hours": "24/7",
        "operator": "Techcombank",
        "operator:wikidata": "Q10541776"
      },
      "geometry": {
        "type": "Point",
        "coordinates": [
          106.714198,
          10.8110498
        ]
      },
      "id": "node/2513575326"
    },
    {
      "type": "Feature",
      "properties": {
        "@id": "node/2513575328",
        "amenity": "atm",
        "brand": "Techcombank",
        "brand:wikidata": "Q10541776",
        "name": "Techcombank",
        "opening_hours": "24/7",
        "operator": "Techcombank",
        "operator:wikidata": "Q10541776"
      },
      "geometry": {
        "type": "Point",
        "coordinates": [
          106.6977357,
          10.8151865
        ]
      },
      "id": "node/2513575328"
    },
    {
      "type": "Feature",
      "properties": {
        "@id": "node/2513576338",
        "amenity": "atm",
        "brand": "Techcombank",
        "brand:wikidata": "Q10541776",
        "name": "Techcombank",
        "opening_hours": "24/7",
        "operator": "Techcombank",
        "operator:wikidata": "Q10541776"
      },
      "geometry": {
        "type": "Point",
        "coordinates": [
          106.688397,
          10.816513
        ]
      },
      "id": "node/2513576338"
    },
    {
      "type": "Feature",
      "properties": {
        "@id": "node/2513576339",
        "amenity": "atm",
        "brand": "Techcombank",
        "brand:wikidata": "Q10541776",
        "name": "Techcombank",
        "opening_hours": "24/7",
        "operator": "Techcombank",
        "operator:wikidata": "Q10541776"
      },
      "geometry": {
        "type": "Point",
        "coordinates": [
          106.682664,
          10.8194655
        ]
      },
      "id": "node/2513576339"
    },
    {
      "type": "Feature",
      "properties": {
        "@id": "node/2513576340",
        "amenity": "atm",
        "brand": "Techcombank",
        "brand:wikidata": "Q10541776",
        "name": "Techcombank",
        "opening_hours": "24/7",
        "operator": "Techcombank",
        "operator:wikidata": "Q10541776"
      },
      "geometry": {
        "type": "Point",
        "coordinates": [
          106.694042,
          10.8201884
        ]
      },
      "id": "node/2513576340"
    },
    {
      "type": "Feature",
      "properties": {
        "@id": "node/2513576342",
        "amenity": "atm",
        "brand": "Techcombank",
        "brand:wikidata": "Q10541776",
        "name": "Techcombank",
        "opening_hours": "24/7",
        "operator": "Techcombank",
        "operator:wikidata": "Q10541776"
      },
      "geometry": {
        "type": "Point",
        "coordinates": [
          106.6882148,
          10.8256981
        ]
      },
      "id": "node/2513576342"
    },
    {
      "type": "Feature",
      "properties": {
        "@id": "node/2513576343",
        "amenity": "atm",
        "brand": "Techcombank",
        "brand:wikidata": "Q10541776",
        "name": "Techcombank",
        "opening_hours": "24/7",
        "operator": "Techcombank",
        "operator:wikidata": "Q10541776"
      },
      "geometry": {
        "type": "Point",
        "coordinates": [
          106.6829501,
          10.8264307
        ]
      },
      "id": "node/2513576343"
    },
    {
      "type": "Feature",
      "properties": {
        "@id": "node/2513576344",
        "addr:street": "Đường Quang Trung",
        "amenity": "atm",
        "brand": "Techcombank",
        "brand:wikidata": "Q10541776",
        "name": "Techcombank",
        "opening_hours": "24/7",
        "operator": "Techcombank",
        "operator:wikidata": "Q10541776"
      },
      "geometry": {
        "type": "Point",
        "coordinates": [
          106.6738532,
          10.8286962
        ]
      },
      "id": "node/2513576344"
    },
    {
      "type": "Feature",
      "properties": {
        "@id": "node/2513576346",
        "amenity": "atm",
        "brand": "Techcombank",
        "brand:wikidata": "Q10541776",
        "name": "Techcombank",
        "opening_hours": "24/7",
        "operator": "Techcombank",
        "operator:wikidata": "Q10541776"
      },
      "geometry": {
        "type": "Point",
        "coordinates": [
          106.6789403,
          10.8288615
        ]
      },
      "id": "node/2513576346"
    },
    {
      "type": "Feature",
      "properties": {
        "@id": "node/2513576348",
        "amenity": "atm",
        "name": "ATM MB Bank"
      },
      "geometry": {
        "type": "Point",
        "coordinates": [
          106.678161,
          10.8294918
        ]
      },
      "id": "node/2513576348"
    },
    {
      "type": "Feature",
      "properties": {
        "@id": "node/2513576349",
        "amenity": "atm",
        "brand": "Techcombank",
        "brand:wikidata": "Q10541776",
        "name": "Techcombank",
        "opening_hours": "24/7",
        "operator": "Techcombank",
        "operator:wikidata": "Q10541776"
      },
      "geometry": {
        "type": "Point",
        "coordinates": [
          106.668148,
          10.8344387
        ]
      },
      "id": "node/2513576349"
    },
    {
      "type": "Feature",
      "properties": {
        "@id": "node/2513576350",
        "amenity": "atm",
        "brand": "Techcombank",
        "brand:wikidata": "Q10541776",
        "name": "Techcombank",
        "opening_hours": "24/7",
        "operator": "Techcombank",
        "operator:wikidata": "Q10541776"
      },
      "geometry": {
        "type": "Point",
        "coordinates": [
          106.634711,
          10.8378634
        ]
      },
      "id": "node/2513576350"
    },
    {
      "type": "Feature",
      "properties": {
        "@id": "node/2513576351",
        "amenity": "atm",
        "brand": "Techcombank",
        "brand:wikidata": "Q10541776",
        "name": "Techcombank",
        "opening_hours": "24/7",
        "operator": "Techcombank",
        "operator:wikidata": "Q10541776"
      },
      "geometry": {
        "type": "Point",
        "coordinates": [
          106.6528198,
          10.8381121
        ]
      },
      "id": "node/2513576351"
    },
    {
      "type": "Feature",
      "properties": {
        "@id": "node/2513576352",
        "amenity": "atm",
        "brand": "Techcombank",
        "brand:wikidata": "Q10541776",
        "name": "Techcombank",
        "opening_hours": "24/7",
        "operator": "Techcombank",
        "operator:wikidata": "Q10541776"
      },
      "geometry": {
        "type": "Point",
        "coordinates": [
          106.6379992,
          10.8412996
        ]
      },
      "id": "node/2513576352"
    },
    {
      "type": "Feature",
      "properties": {
        "@id": "node/2513576353",
        "amenity": "atm",
        "brand": "Techcombank",
        "brand:wikidata": "Q10541776",
        "name": "Techcombank",
        "opening_hours": "24/7",
        "operator": "Techcombank",
        "operator:wikidata": "Q10541776"
      },
      "geometry": {
        "type": "Point",
        "coordinates": [
          106.6405304,
          10.8438361
        ]
      },
      "id": "node/2513576353"
    },
    {
      "type": "Feature",
      "properties": {
        "@id": "node/2513576354",
        "amenity": "atm",
        "brand": "Techcombank",
        "brand:wikidata": "Q10541776",
        "name": "Techcombank",
        "opening_hours": "24/7",
        "operator": "Techcombank",
        "operator:wikidata": "Q10541776"
      },
      "geometry": {
        "type": "Point",
        "coordinates": [
          106.6682086,
          10.8475695
        ]
      },
      "id": "node/2513576354"
    },
    {
      "type": "Feature",
      "properties": {
        "@id": "node/2513576355",
        "amenity": "atm",
        "brand": "Techcombank",
        "brand:wikidata": "Q10541776",
        "name": "Techcombank",
        "opening_hours": "24/7",
        "operator": "Techcombank",
        "operator:wikidata": "Q10541776"
      },
      "geometry": {
        "type": "Point",
        "coordinates": [
          106.6484724,
          10.8486166
        ]
      },
      "id": "node/2513576355"
    },
    {
      "type": "Feature",
      "properties": {
        "@id": "node/2513576356",
        "addr:street": "Đường Phạm Văn Chiêu",
        "amenity": "atm",
        "brand": "Techcombank",
        "brand:wikidata": "Q10541776",
        "name": "Techcombank",
        "opening_hours": "24/7",
        "operator": "Techcombank",
        "operator:wikidata": "Q10541776"
      },
      "geometry": {
        "type": "Point",
        "coordinates": [
          106.6576158,
          10.8516647
        ]
      },
      "id": "node/2513576356"
    },
    {
      "type": "Feature",
      "properties": {
        "@id": "node/2513598191",
        "amenity": "atm",
        "brand": "Techcombank",
        "brand:wikidata": "Q10541776",
        "name": "Techcombank",
        "opening_hours": "24/7",
        "operator": "Techcombank",
        "operator:wikidata": "Q10541776"
      },
      "geometry": {
        "type": "Point",
        "coordinates": [
          106.6449734,
          10.7785603
        ]
      },
      "id": "node/2513598191"
    },
    {
      "type": "Feature",
      "properties": {
        "@id": "node/2513598195",
        "amenity": "atm",
        "brand": "Techcombank",
        "brand:wikidata": "Q10541776",
        "name": "Techcombank",
        "opening_hours": "24/7",
        "operator": "Techcombank",
        "operator:wikidata": "Q10541776"
      },
      "geometry": {
        "type": "Point",
        "coordinates": [
          106.6547214,
          10.7818164
        ]
      },
      "id": "node/2513598195"
    },
    {
      "type": "Feature",
      "properties": {
        "@id": "node/2513598198",
        "amenity": "atm",
        "brand": "Techcombank",
        "brand:wikidata": "Q10541776",
        "name": "Techcombank",
        "opening_hours": "24/7",
        "operator": "Techcombank",
        "operator:wikidata": "Q10541776"
      },
      "geometry": {
        "type": "Point",
        "coordinates": [
          106.6507742,
          10.7845483
        ]
      },
      "id": "node/2513598198"
    },
    {
      "type": "Feature",
      "properties": {
        "@id": "node/2513598202",
        "amenity": "atm",
        "brand": "Techcombank",
        "brand:wikidata": "Q10541776",
        "name": "Techcombank",
        "opening_hours": "24/7",
        "operator": "Techcombank",
        "operator:wikidata": "Q10541776"
      },
      "geometry": {
        "type": "Point",
        "coordinates": [
          106.658459,
          10.7899585
        ]
      },
      "id": "node/2513598202"
    },
    {
      "type": "Feature",
      "properties": {
        "@id": "node/2513598207",
        "amenity": "atm",
        "brand": "Techcombank",
        "brand:wikidata": "Q10541776",
        "name": "Techcombank",
        "opening_hours": "24/7",
        "operator": "Techcombank",
        "operator:wikidata": "Q10541776"
      },
      "geometry": {
        "type": "Point",
        "coordinates": [
          106.6539746,
          10.792736
        ]
      },
      "id": "node/2513598207"
    },
    {
      "type": "Feature",
      "properties": {
        "@id": "node/2513598208",
        "amenity": "atm",
        "brand": "Techcombank",
        "brand:wikidata": "Q10541776",
        "name": "Techcombank",
        "opening_hours": "24/7",
        "operator": "Techcombank",
        "operator:wikidata": "Q10541776"
      },
      "geometry": {
        "type": "Point",
        "coordinates": [
          106.651312,
          10.7938128
        ]
      },
      "id": "node/2513598208"
    },
    {
      "type": "Feature",
      "properties": {
        "@id": "node/2513598210",
        "amenity": "atm",
        "brand": "Techcombank",
        "brand:wikidata": "Q10541776",
        "name": "Techcombank",
        "opening_hours": "24/7",
        "operator": "Techcombank",
        "operator:wikidata": "Q10541776"
      },
      "geometry": {
        "type": "Point",
        "coordinates": [
          106.6525924,
          10.7988991
        ]
      },
      "id": "node/2513598210"
    },
    {
      "type": "Feature",
      "properties": {
        "@id": "node/2513598211",
        "amenity": "atm",
        "brand": "Techcombank",
        "brand:wikidata": "Q10541776",
        "name": "Techcombank",
        "opening_hours": "24/7",
        "operator": "Techcombank",
        "operator:wikidata": "Q10541776"
      },
      "geometry": {
        "type": "Point",
        "coordinates": [
          106.641737,
          10.7989161
        ]
      },
      "id": "node/2513598211"
    },
    {
      "type": "Feature",
      "properties": {
        "@id": "node/2513598212",
        "amenity": "atm",
        "brand": "Techcombank",
        "brand:wikidata": "Q10541776",
        "name": "Techcombank",
        "opening_hours": "24/7",
        "operator": "Techcombank",
        "operator:wikidata": "Q10541776"
      },
      "geometry": {
        "type": "Point",
        "coordinates": [
          106.637518,
          10.7992276
        ]
      },
      "id": "node/2513598212"
    },
    {
      "type": "Feature",
      "properties": {
        "@id": "node/2513598213",
        "amenity": "atm",
        "brand": "Techcombank",
        "brand:wikidata": "Q10541776",
        "name": "Techcombank",
        "opening_hours": "24/7",
        "operator": "Techcombank",
        "operator:wikidata": "Q10541776"
      },
      "geometry": {
        "type": "Point",
        "coordinates": [
          106.6630506,
          10.8004301
        ]
      },
      "id": "node/2513598213"
    },
    {
      "type": "Feature",
      "properties": {
        "@id": "node/2513598214",
        "amenity": "atm",
        "brand": "Techcombank",
        "brand:wikidata": "Q10541776",
        "name": "Techcombank",
        "opening_hours": "24/7",
        "operator": "Techcombank",
        "operator:wikidata": "Q10541776"
      },
      "geometry": {
        "type": "Point",
        "coordinates": [
          106.65475,
          10.8010402
        ]
      },
      "id": "node/2513598214"
    },
    {
      "type": "Feature",
      "properties": {
        "@id": "node/2513598216",
        "amenity": "atm",
        "brand": "Techcombank",
        "brand:wikidata": "Q10541776",
        "name": "Techcombank",
        "opening_hours": "24/7",
        "operator": "Techcombank",
        "operator:wikidata": "Q10541776"
      },
      "geometry": {
        "type": "Point",
        "coordinates": [
          106.648943,
          10.801605
        ]
      },
      "id": "node/2513598216"
    },
    {
      "type": "Feature",
      "properties": {
        "@id": "node/2513598217",
        "amenity": "atm",
        "brand": "Techcombank",
        "brand:wikidata": "Q10541776",
        "name": "Techcombank",
        "opening_hours": "24/7",
        "operator": "Techcombank",
        "operator:wikidata": "Q10541776"
      },
      "geometry": {
        "type": "Point",
        "coordinates": [
          106.6414395,
          10.801881
        ]
      },
      "id": "node/2513598217"
    },
    {
      "type": "Feature",
      "properties": {
        "@id": "node/2513598218",
        "amenity": "atm",
        "brand": "Techcombank",
        "brand:wikidata": "Q10541776",
        "name": "Techcombank",
        "opening_hours": "24/7",
        "operator": "Techcombank",
        "operator:wikidata": "Q10541776"
      },
      "geometry": {
        "type": "Point",
        "coordinates": [
          106.6664796,
          10.805203
        ]
      },
      "id": "node/2513598218"
    },
    {
      "type": "Feature",
      "properties": {
        "@id": "node/2513598220",
        "amenity": "atm",
        "brand": "Techcombank",
        "brand:wikidata": "Q10541776",
        "name": "Techcombank",
        "opening_hours": "24/7",
        "operator": "Techcombank",
        "operator:wikidata": "Q10541776"
      },
      "geometry": {
        "type": "Point",
        "coordinates": [
          106.6654172,
          10.8132338
        ]
      },
      "id": "node/2513598220"
    },
    {
      "type": "Feature",
      "properties": {
        "@id": "node/2513598221",
        "amenity": "atm",
        "brand": "Techcombank",
        "brand:wikidata": "Q10541776",
        "name": "Techcombank",
        "opening_hours": "24/7",
        "operator": "Techcombank",
        "operator:wikidata": "Q10541776"
      },
      "geometry": {
        "type": "Point",
        "coordinates": [
          106.6667142,
          10.813257
        ]
      },
      "id": "node/2513598221"
    },
    {
      "type": "Feature",
      "properties": {
        "@id": "node/2513598222",
        "amenity": "atm",
        "brand": "Techcombank",
        "brand:wikidata": "Q10541776",
        "name": "Techcombank",
        "opening_hours": "24/7",
        "operator": "Techcombank",
        "operator:wikidata": "Q10541776"
      },
      "geometry": {
        "type": "Point",
        "coordinates": [
          106.6692515,
          10.8132296
        ]
      },
      "id": "node/2513598222"
    },
    {
      "type": "Feature",
      "properties": {
        "@id": "node/2513598223",
        "amenity": "atm",
        "brand": "Techcombank",
        "brand:wikidata": "Q10541776",
        "name": "Techcombank",
        "opening_hours": "24/7",
        "operator": "Techcombank",
        "operator:wikidata": "Q10541776"
      },
      "geometry": {
        "type": "Point",
        "coordinates": [
          106.6317473,
          10.8187339
        ]
      },
      "id": "node/2513598223"
    },
    {
      "type": "Feature",
      "properties": {
        "@id": "node/2513598224",
        "amenity": "atm",
        "brand": "Techcombank",
        "brand:wikidata": "Q10541776",
        "name": "Techcombank",
        "opening_hours": "24/7",
        "operator": "Techcombank",
        "operator:wikidata": "Q10541776"
      },
      "geometry": {
        "type": "Point",
        "coordinates": [
          106.6296173,
          10.8255479
        ]
      },
      "id": "node/2513598224"
    },
    {
      "type": "Feature",
      "properties": {
        "@id": "node/2513599188",
        "amenity": "atm",
        "brand": "Techcombank",
        "brand:wikidata": "Q10541776",
        "name": "Techcombank",
        "opening_hours": "24/7",
        "operator": "Techcombank",
        "operator:wikidata": "Q10541776"
      },
      "geometry": {
        "type": "Point",
        "coordinates": [
          106.631033,
          10.7786342
        ]
      },
      "id": "node/2513599188"
    },
    {
      "type": "Feature",
      "properties": {
        "@id": "node/2513599189",
        "amenity": "atm",
        "brand": "Techcombank",
        "brand:wikidata": "Q10541776",
        "name": "Techcombank",
        "opening_hours": "24/7",
        "operator": "Techcombank",
        "operator:wikidata": "Q10541776"
      },
      "geometry": {
        "type": "Point",
        "coordinates": [
          106.6232069,
          10.7840974
        ]
      },
      "id": "node/2513599189"
    },
    {
      "type": "Feature",
      "properties": {
        "@id": "node/2513599190",
        "amenity": "atm",
        "brand": "Techcombank",
        "brand:wikidata": "Q10541776",
        "name": "Techcombank",
        "opening_hours": "24/7",
        "operator": "Techcombank",
        "operator:wikidata": "Q10541776"
      },
      "geometry": {
        "type": "Point",
        "coordinates": [
          106.6225041,
          10.7902722
        ]
      },
      "id": "node/2513599190"
    },
    {
      "type": "Feature",
      "properties": {
        "@id": "node/2513599191",
        "amenity": "atm",
        "brand": "Techcombank",
        "brand:wikidata": "Q10541776",
        "name": "Techcombank",
        "opening_hours": "24/7",
        "operator": "Techcombank",
        "operator:wikidata": "Q10541776"
      },
      "geometry": {
        "type": "Point",
        "coordinates": [
          106.6336365,
          10.7936632
        ]
      },
      "id": "node/2513599191"
    },
    {
      "type": "Feature",
      "properties": {
        "@id": "node/2513599192",
        "amenity": "atm",
        "brand": "Techcombank",
        "brand:wikidata": "Q10541776",
        "name": "Techcombank",
        "opening_hours": "24/7",
        "operator": "Techcombank",
        "operator:wikidata": "Q10541776"
      },
      "geometry": {
        "type": "Point",
        "coordinates": [
          106.6268334,
          10.8061337
        ]
      },
      "id": "node/2513599192"
    },
    {
      "type": "Feature",
      "properties": {
        "@id": "node/2513599193",
        "amenity": "atm",
        "name": "Techcombank"
      },
      "geometry": {
        "type": "Point",
        "coordinates": [
          106.6126061,
          10.8108113
        ]
      },
      "id": "node/2513599193"
    },
    {
      "type": "Feature",
      "properties": {
        "@id": "node/2513599194",
        "amenity": "atm",
        "brand": "Techcombank",
        "brand:wikidata": "Q10541776",
        "name": "Techcombank",
        "opening_hours": "24/7",
        "operator": "Techcombank",
        "operator:wikidata": "Q10541776"
      },
      "geometry": {
        "type": "Point",
        "coordinates": [
          106.6227783,
          10.813758
        ]
      },
      "id": "node/2513599194"
    },
    {
      "type": "Feature",
      "properties": {
        "@id": "node/2513601842",
        "amenity": "atm",
        "brand": "Techcombank",
        "brand:wikidata": "Q10541776",
        "name": "Techcombank",
        "opening_hours": "24/7",
        "operator": "Techcombank",
        "operator:wikidata": "Q10541776"
      },
      "geometry": {
        "type": "Point",
        "coordinates": [
          106.7138509,
          10.831309
        ]
      },
      "id": "node/2513601842"
    },
    {
      "type": "Feature",
      "properties": {
        "@id": "node/2513601843",
        "amenity": "atm",
        "brand": "Techcombank",
        "brand:wikidata": "Q10541776",
        "name": "Techcombank",
        "opening_hours": "24/7",
        "operator": "Techcombank",
        "operator:wikidata": "Q10541776"
      },
      "geometry": {
        "type": "Point",
        "coordinates": [
          106.7463525,
          10.8409087
        ]
      },
      "id": "node/2513601843"
    },
    {
      "type": "Feature",
      "properties": {
        "@id": "node/2513601844",
        "amenity": "atm",
        "brand": "Techcombank",
        "brand:wikidata": "Q10541776",
        "name": "Techcombank",
        "opening_hours": "24/7",
        "operator": "Techcombank",
        "operator:wikidata": "Q10541776"
      },
      "geometry": {
        "type": "Point",
        "coordinates": [
          106.767142,
          10.8505881
        ]
      },
      "id": "node/2513601844"
    },
    {
      "type": "Feature",
      "properties": {
        "@id": "node/2513601845",
        "amenity": "atm",
        "brand": "Techcombank",
        "brand:wikidata": "Q10541776",
        "name": "Techcombank",
        "opening_hours": "24/7",
        "operator": "Techcombank",
        "operator:wikidata": "Q10541776"
      },
      "geometry": {
        "type": "Point",
        "coordinates": [
          106.7557704,
          10.851011
        ]
      },
      "id": "node/2513601845"
    },
    {
      "type": "Feature",
      "properties": {
        "@id": "node/2513601846",
        "amenity": "atm",
        "brand": "Techcombank",
        "brand:wikidata": "Q10541776",
        "name": "Techcombank",
        "opening_hours": "24/7",
        "operator": "Techcombank",
        "operator:wikidata": "Q10541776"
      },
      "geometry": {
        "type": "Point",
        "coordinates": [
          106.763159,
          10.8510279
        ]
      },
      "id": "node/2513601846"
    },
    {
      "type": "Feature",
      "properties": {
        "@id": "node/2513601847",
        "amenity": "atm",
        "brand": "Techcombank",
        "brand:wikidata": "Q10541776",
        "name": "Techcombank",
        "opening_hours": "24/7",
        "operator": "Techcombank",
        "operator:wikidata": "Q10541776"
      },
      "geometry": {
        "type": "Point",
        "coordinates": [
          106.777713,
          10.8592874
        ]
      },
      "id": "node/2513601847"
    },
    {
      "type": "Feature",
      "properties": {
        "@id": "node/2513601848",
        "amenity": "atm",
        "brand": "Techcombank",
        "brand:wikidata": "Q10541776",
        "name": "Techcombank",
        "opening_hours": "24/7",
        "operator": "Techcombank",
        "operator:wikidata": "Q10541776"
      },
      "geometry": {
        "type": "Point",
        "coordinates": [
          106.7612288,
          10.8647752
        ]
      },
      "id": "node/2513601848"
    },
    {
      "type": "Feature",
      "properties": {
        "@id": "node/2513603203",
        "amenity": "atm",
        "brand": "Techcombank",
        "brand:wikidata": "Q10541776",
        "name": "Techcombank",
        "opening_hours": "24/7",
        "operator": "Techcombank",
        "operator:wikidata": "Q10541776"
      },
      "geometry": {
        "type": "Point",
        "coordinates": [
          106.5898961,
          10.8716144
        ]
      },
      "id": "node/2513603203"
    },
    {
      "type": "Feature",
      "properties": {
        "@id": "node/2513603204",
        "amenity": "atm",
        "brand": "Techcombank",
        "brand:wikidata": "Q10541776",
        "name": "Techcombank",
        "opening_hours": "24/7",
        "operator": "Techcombank",
        "operator:wikidata": "Q10541776"
      },
      "geometry": {
        "type": "Point",
        "coordinates": [
          106.5703975,
          10.8729755
        ]
      },
      "id": "node/2513603204"
    },
    {
      "type": "Feature",
      "properties": {
        "@id": "node/2513603205",
        "amenity": "atm",
        "brand": "Techcombank",
        "brand:wikidata": "Q10541776",
        "name": "Techcombank",
        "opening_hours": "24/7",
        "operator": "Techcombank",
        "operator:wikidata": "Q10541776"
      },
      "geometry": {
        "type": "Point",
        "coordinates": [
          106.5658224,
          10.8763334
        ]
      },
      "id": "node/2513603205"
    },
    {
      "type": "Feature",
      "properties": {
        "@id": "node/2513603207",
        "amenity": "atm",
        "brand": "Techcombank",
        "brand:wikidata": "Q10541776",
        "name": "Techcombank",
        "opening_hours": "24/7",
        "operator": "Techcombank",
        "operator:wikidata": "Q10541776"
      },
      "geometry": {
        "type": "Point",
        "coordinates": [
          106.566953,
          10.883108
        ]
      },
      "id": "node/2513603207"
    },
    {
      "type": "Feature",
      "properties": {
        "@id": "node/2513603209",
        "amenity": "atm",
        "name": "Techcombank"
      },
      "geometry": {
        "type": "Point",
        "coordinates": [
          106.5987445,
          10.8879615
        ]
      },
      "id": "node/2513603209"
    },
    {
      "type": "Feature",
      "properties": {
        "@id": "node/2513603210",
        "amenity": "atm",
        "name": "Techcombank"
      },
      "geometry": {
        "type": "Point",
        "coordinates": [
          106.598574,
          10.896612
        ]
      },
      "id": "node/2513603210"
    },
    {
      "type": "Feature",
      "properties": {
        "@id": "node/2513609198",
        "amenity": "atm",
        "brand": "Techcombank",
        "brand:wikidata": "Q10541776",
        "name": "Techcombank",
        "opening_hours": "24/7",
        "operator": "Techcombank",
        "operator:wikidata": "Q10541776"
      },
      "geometry": {
        "type": "Point",
        "coordinates": [
          106.5872351,
          10.6954506
        ]
      },
      "id": "node/2513609198"
    },
    {
      "type": "Feature",
      "properties": {
        "@id": "node/2513609199",
        "amenity": "atm",
        "brand": "Techcombank",
        "brand:wikidata": "Q10541776",
        "name": "Techcombank",
        "opening_hours": "24/7",
        "operator": "Techcombank",
        "operator:wikidata": "Q10541776"
      },
      "geometry": {
        "type": "Point",
        "coordinates": [
          106.689919,
          10.7384733
        ]
      },
      "id": "node/2513609199"
    },
    {
      "type": "Feature",
      "properties": {
        "@id": "node/2562551199",
        "amenity": "atm",
        "brand": "Techcombank",
        "brand:wikidata": "Q10541776",
        "name": "Techcombank",
        "opening_hours": "24/7",
        "operator": "Techcombank",
        "operator:wikidata": "Q10541776",
        "website": "http://thienduong.vn"
      },
      "geometry": {
        "type": "Point",
        "coordinates": [
          106.6516121,
          10.7691841
        ]
      },
      "id": "node/2562551199"
    },
    {
      "type": "Feature",
      "properties": {
        "@id": "node/2616975929",
        "amenity": "atm",
        "brand": "TechomBank"
      },
      "geometry": {
        "type": "Point",
        "coordinates": [
          106.6950517,
          10.7797637
        ]
      },
      "id": "node/2616975929"
    },
    {
      "type": "Feature",
      "properties": {
        "@id": "node/2623148817",
        "amenity": "atm"
      },
      "geometry": {
        "type": "Point",
        "coordinates": [
          106.7366557,
          10.805081
        ]
      },
      "id": "node/2623148817"
    },
    {
      "type": "Feature",
      "properties": {
        "@id": "node/2647229930",
        "amenity": "atm",
        "name": "Vietinbank"
      },
      "geometry": {
        "type": "Point",
        "coordinates": [
          107.081867,
          10.348717
        ]
      },
      "id": "node/2647229930"
    },
    {
      "type": "Feature",
      "properties": {
        "@id": "node/2670478813",
        "amenity": "atm",
        "name": "PGBank"
      },
      "geometry": {
        "type": "Point",
        "coordinates": [
          107.0788207,
          10.3410766
        ]
      },
      "id": "node/2670478813"
    },
    {
      "type": "Feature",
      "properties": {
        "@id": "node/2683044520",
        "amenity": "atm",
        "name": "ATM Agribank",
        "operator": "Agribank"
      },
      "geometry": {
        "type": "Point",
        "coordinates": [
          106.7043388,
          10.7445248
        ]
      },
      "id": "node/2683044520"
    },
    {
      "type": "Feature",
      "properties": {
        "@id": "node/2692575156",
        "amenity": "atm",
        "operator": "ATM Techcombank"
      },
      "geometry": {
        "type": "Point",
        "coordinates": [
          106.7123279,
          10.7387067
        ]
      },
      "id": "node/2692575156"
    },
    {
      "type": "Feature",
      "properties": {
        "@id": "node/2927380902",
        "amenity": "atm",
        "operator": "SeABank"
      },
      "geometry": {
        "type": "Point",
        "coordinates": [
          106.6918144,
          10.7764217
        ]
      },
      "id": "node/2927380902"
    },
    {
      "type": "Feature",
      "properties": {
        "@id": "node/2930737601",
        "amenity": "atm",
        "brand": "Techcombank",
        "brand:wikidata": "Q10541776",
        "name": "Techcombank",
        "opening_hours": "24/7",
        "operator": "Techcombank",
        "operator:wikidata": "Q10541776"
      },
      "geometry": {
        "type": "Point",
        "coordinates": [
          106.697861,
          10.781095
        ]
      },
      "id": "node/2930737601"
    },
    {
      "type": "Feature",
      "properties": {
        "@id": "node/2931146601",
        "amenity": "atm",
        "brand": "Techcombank",
        "brand:wikidata": "Q10541776",
        "name": "Techcombank",
        "opening_hours": "24/7",
        "operator": "Techcombank",
        "operator:wikidata": "Q10541776"
      },
      "geometry": {
        "type": "Point",
        "coordinates": [
          106.70385,
          10.771671
        ]
      },
      "id": "node/2931146601"
    },
    {
      "type": "Feature",
      "properties": {
        "@id": "node/2932797891",
        "amenity": "atm",
        "brand": "BIDV",
        "brand:wikidata": "Q1003180",
        "name": "ATM BIDV",
        "official_name": "Ngân hàng Đầu tư và Phát triển Việt Nam",
        "official_name:en": "Bank for Investment and Development of Vietnam",
        "official_name:vi": "Ngân hàng Đầu tư và Phát triển Việt Nam",
        "operator": "BIDV",
        "operator:wikidata": "Q1003180"
      },
      "geometry": {
        "type": "Point",
        "coordinates": [
          106.7080818,
          10.7623463
        ]
      },
      "id": "node/2932797891"
    },
    {
      "type": "Feature",
      "properties": {
        "@id": "node/2932797892",
        "amenity": "atm",
        "name": "ATM VPBank"
      },
      "geometry": {
        "type": "Point",
        "coordinates": [
          106.7081062,
          10.7623403
        ]
      },
      "id": "node/2932797892"
    },
    {
      "type": "Feature",
      "properties": {
        "@id": "node/2941362601",
        "amenity": "atm"
      },
      "geometry": {
        "type": "Point",
        "coordinates": [
          107.175404,
          10.488977
        ]
      },
      "id": "node/2941362601"
    },
    {
      "type": "Feature",
      "properties": {
        "@id": "node/2941364001",
        "amenity": "atm",
        "name": "BIDV"
      },
      "geometry": {
        "type": "Point",
        "coordinates": [
          107.177629,
          10.489591
        ]
      },
      "id": "node/2941364001"
    },
    {
      "type": "Feature",
      "properties": {
        "@id": "node/2941511401",
        "amenity": "atm"
      },
      "geometry": {
        "type": "Point",
        "coordinates": [
          107.0834647,
          10.3561643
        ]
      },
      "id": "node/2941511401"
    },
    {
      "type": "Feature",
      "properties": {
        "@id": "node/2948812533",
        "amenity": "atm",
        "brand": "Citibank",
        "brand:wikidata": "Q857063",
        "name": "Citibank",
        "operator": "Citibank",
        "operator:wikidata": "Q857063",
        "short_name": "Citi"
      },
      "geometry": {
        "type": "Point",
        "coordinates": [
          106.699846,
          10.78419
        ]
      },
      "id": "node/2948812533"
    },
    {
      "type": "Feature",
      "properties": {
        "@id": "node/2954413133",
        "amenity": "atm",
        "name": "ATM Shinhan Bank"
      },
      "geometry": {
        "type": "Point",
        "coordinates": [
          106.720963,
          10.726299
        ]
      },
      "id": "node/2954413133"
    },
    {
      "type": "Feature",
      "properties": {
        "@id": "node/2964111646",
        "amenity": "atm",
        "name": "VietinBank ATM",
        "not:brand:wikidata": "Q7928459",
        "operator": "ATM ViettinBank"
      },
      "geometry": {
        "type": "Point",
        "coordinates": [
          106.7713808,
          10.8463212
        ]
      },
      "id": "node/2964111646"
    },
    {
      "type": "Feature",
      "properties": {
        "@id": "node/2965478033",
        "amenity": "atm",
        "name": "ATM MB Bank"
      },
      "geometry": {
        "type": "Point",
        "coordinates": [
          106.699165,
          10.777984
        ]
      },
      "id": "node/2965478033"
    },
    {
      "type": "Feature",
      "properties": {
        "@id": "node/2974077486",
        "amenity": "atm",
        "cash_in": "yes",
        "operator": "Dong A Bank"
      },
      "geometry": {
        "type": "Point",
        "coordinates": [
          106.7015389,
          10.7868287
        ]
      },
      "id": "node/2974077486"
    },
    {
      "type": "Feature",
      "properties": {
        "@id": "node/2991928133",
        "amenity": "atm",
        "atm": "yes",
        "name": "Vietcombank, Shinhan Bank, HSBC ATM",
        "operator": "Vietcombank ATM"
      },
      "geometry": {
        "type": "Point",
        "coordinates": [
          106.664726,
          10.816152
        ]
      },
      "id": "node/2991928133"
    },
    {
      "type": "Feature",
      "properties": {
        "@id": "node/2991929633",
        "amenity": "atm",
        "cash_in": "no",
        "check_date": "2025-03-20",
        "indoor": "no",
        "opening_hours": "24/7",
        "operator": "BIDV"
      },
      "geometry": {
        "type": "Point",
        "coordinates": [
          106.663574,
          10.815883
        ]
      },
      "id": "node/2991929633"
    },
    {
      "type": "Feature",
      "properties": {
        "@id": "node/2993459333",
        "amenity": "atm",
        "name": "ATM Sacombank"
      },
      "geometry": {
        "type": "Point",
        "coordinates": [
          106.720019,
          10.729396
        ]
      },
      "id": "node/2993459333"
    },
    {
      "type": "Feature",
      "properties": {
        "@id": "node/3055774378",
        "amenity": "atm",
        "name": "Vietcombank ATM",
        "not:brand:wikidata": "Q6122995",
        "operator": "Vietcombank"
      },
      "geometry": {
        "type": "Point",
        "coordinates": [
          106.7746046,
          10.8483297
        ]
      },
      "id": "node/3055774378"
    },
    {
      "type": "Feature",
      "properties": {
        "@id": "node/3084818670",
        "amenity": "atm",
        "name": "ATM Agribank"
      },
      "geometry": {
        "type": "Point",
        "coordinates": [
          106.7684642,
          10.8509424
        ]
      },
      "id": "node/3084818670"
    },
    {
      "type": "Feature",
      "properties": {
        "@id": "node/3084818671",
        "amenity": "atm",
        "name": "ATM DongA bank"
      },
      "geometry": {
        "type": "Point",
        "coordinates": [
          106.7687062,
          10.8516013
        ]
      },
      "id": "node/3084818671"
    },
    {
      "type": "Feature",
      "properties": {
        "@id": "node/3084818675",
        "amenity": "atm",
        "brand": "Techcombank",
        "brand:wikidata": "Q10541776",
        "name": "Techcombank",
        "opening_hours": "24/7",
        "operator": "Techcombank",
        "operator:wikidata": "Q10541776"
      },
      "geometry": {
        "type": "Point",
        "coordinates": [
          106.7686952,
          10.8515733
        ]
      },
      "id": "node/3084818675"
    },
    {
      "type": "Feature",
      "properties": {
        "@id": "node/3115060357",
        "amenity": "atm",
        "brand": "Sacombank",
        "brand:wikidata": "Q6123772",
        "operator": "Sacombank",
        "operator:wikidata": "Q6123772"
      },
      "geometry": {
        "type": "Point",
        "coordinates": [
          106.7548215,
          10.8509054
        ]
      },
      "id": "node/3115060357"
    },
    {
      "type": "Feature",
      "properties": {
        "@id": "node/3115060374",
        "amenity": "atm",
        "name": "ATM DongA bank",
        "opening_hours": "24/7",
        "operator": "DongA Bank"
      },
      "geometry": {
        "type": "Point",
        "coordinates": [
          106.7583112,
          10.8510967
        ]
      },
      "id": "node/3115060374"
    },
    {
      "type": "Feature",
      "properties": {
        "@id": "node/3116282963",
        "amenity": "atm"
      },
      "geometry": {
        "type": "Point",
        "coordinates": [
          106.7587204,
          10.8494151
        ]
      },
      "id": "node/3116282963"
    },
    {
      "type": "Feature",
      "properties": {
        "@id": "node/3116282966",
        "amenity": "atm"
      },
      "geometry": {
        "type": "Point",
        "coordinates": [
          106.7616824,
          10.8448693
        ]
      },
      "id": "node/3116282966"
    },
    {
      "type": "Feature",
      "properties": {
        "@id": "node/3116339938",
        "amenity": "atm"
      },
      "geometry": {
        "type": "Point",
        "coordinates": [
          106.6696995,
          10.7545151
        ]
      },
      "id": "node/3116339938"
    },
    {
      "type": "Feature",
      "properties": {
        "@id": "node/3116339959",
        "amenity": "atm"
      },
      "geometry": {
        "type": "Point",
        "coordinates": [
          106.6951713,
          10.8051886
        ]
      },
      "id": "node/3116339959"
    },
    {
      "type": "Feature",
      "properties": {
        "@id": "node/3193687013",
        "amenity": "atm",
        "brand": "Vietcombank",
        "brand:wikidata": "Q6122995",
        "name": "Vietcombank",
        "operator": "Vietcombank",
        "operator:wikidata": "Q6122995"
      },
      "geometry": {
        "type": "Point",
        "coordinates": [
          106.6817365,
          10.8003445
        ]
      },
      "id": "node/3193687013"
    },
    {
      "type": "Feature",
      "properties": {
        "@id": "node/3195288749",
        "amenity": "atm",
        "operator": "ACB"
      },
      "geometry": {
        "type": "Point",
        "coordinates": [
          106.6785655,
          10.809424
        ]
      },
      "id": "node/3195288749"
    },
    {
      "type": "Feature",
      "properties": {
        "@id": "node/3201123557",
        "amenity": "atm",
        "covered": "yes",
        "drive_through": "no",
        "name": "ATM ANZ"
      },
      "geometry": {
        "type": "Point",
        "coordinates": [
          106.665328,
          10.812863
        ]
      },
      "id": "node/3201123557"
    },
    {
      "type": "Feature",
      "properties": {
        "@id": "node/3202905354",
        "amenity": "atm",
        "name": "ATM ANZbank"
      },
      "geometry": {
        "type": "Point",
        "coordinates": [
          106.6689114,
          10.7993363
        ]
      },
      "id": "node/3202905354"
    },
    {
      "type": "Feature",
      "properties": {
        "@id": "node/3227776661",
        "amenity": "atm",
        "name": "ATM BIDV"
      },
      "geometry": {
        "type": "Point",
        "coordinates": [
          106.6837828,
          10.7593065
        ]
      },
      "id": "node/3227776661"
    },
    {
      "type": "Feature",
      "properties": {
        "@id": "node/3230436399",
        "amenity": "atm",
        "brand": "Techcombank",
        "brand:wikidata": "Q10541776",
        "name": "Techcombank",
        "opening_hours": "24/7",
        "operator": "Techcombank",
        "operator:wikidata": "Q10541776"
      },
      "geometry": {
        "type": "Point",
        "coordinates": [
          106.7592565,
          10.8248298
        ]
      },
      "id": "node/3230436399"
    },
    {
      "type": "Feature",
      "properties": {
        "@id": "node/3237613361",
        "amenity": "atm",
        "brand": "VietinBank",
        "brand:wikidata": "Q7928459",
        "name": "Vietcombank",
        "not:brand:wikidata": "Q6122995",
        "operator": "VietinBank",
        "operator:wikidata": "Q7928459"
      },
      "geometry": {
        "type": "Point",
        "coordinates": [
          106.7634698,
          10.857752
        ]
      },
      "id": "node/3237613361"
    },
    {
      "type": "Feature",
      "properties": {
        "@id": "node/3237613362",
        "amenity": "atm",
        "name": "Vietinbank",
        "not:brand:wikidata": "Q7928459"
      },
      "geometry": {
        "type": "Point",
        "coordinates": [
          106.7634391,
          10.8577485
        ]
      },
      "id": "node/3237613362"
    },
    {
      "type": "Feature",
      "properties": {
        "@id": "node/3237718589",
        "amenity": "atm",
        "brand": "HSBC",
        "brand:wikidata": "Q190464",
        "name": "HSBC",
        "operator": "HSBC",
        "operator:wikidata": "Q190464"
      },
      "geometry": {
        "type": "Point",
        "coordinates": [
          106.7632625,
          10.8507517
        ]
      },
      "id": "node/3237718589"
    },
    {
      "type": "Feature",
      "properties": {
        "@id": "node/3237718590",
        "amenity": "atm",
        "brand": "Techcombank",
        "brand:wikidata": "Q10541776",
        "name": "Techcombank",
        "opening_hours": "24/7",
        "operator": "Techcombank",
        "operator:wikidata": "Q10541776"
      },
      "geometry": {
        "type": "Point",
        "coordinates": [
          106.7632915,
          10.8507517
        ]
      },
      "id": "node/3237718590"
    },
    {
      "type": "Feature",
      "properties": {
        "@id": "node/3237736580",
        "amenity": "atm",
        "brand": "VietinBank",
        "brand:wikidata": "Q7928459",
        "name": "VietinBank",
        "operator": "VietinBank",
        "operator:wikidata": "Q7928459"
      },
      "geometry": {
        "type": "Point",
        "coordinates": [
          106.7711441,
          10.8514649
        ]
      },
      "id": "node/3237736580"
    },
    {
      "type": "Feature",
      "properties": {
        "@id": "node/3240593984",
        "amenity": "atm",
        "name": "ATM VietinBank",
        "not:brand:wikidata": "Q7928459"
      },
      "geometry": {
        "type": "Point",
        "coordinates": [
          106.6939372,
          10.7900494
        ]
      },
      "id": "node/3240593984"
    },
    {
      "type": "Feature",
      "properties": {
        "@id": "node/3247522333",
        "amenity": "atm",
        "brand": "BIDV",
        "brand:wikidata": "Q1003180",
        "name": "ATM BIDV",
        "official_name": "Ngân hàng Đầu tư và Phát triển Việt Nam",
        "official_name:en": "Bank for Investment and Development of Vietnam",
        "official_name:vi": "Ngân hàng Đầu tư và Phát triển Việt Nam",
        "operator": "BIDV",
        "operator:wikidata": "Q1003180"
      },
      "geometry": {
        "type": "Point",
        "coordinates": [
          106.702726,
          10.8109337
        ]
      },
      "id": "node/3247522333"
    },
    {
      "type": "Feature",
      "properties": {
        "@id": "node/3274068161",
        "amenity": "atm",
        "name": "ATM VPbank"
      },
      "geometry": {
        "type": "Point",
        "coordinates": [
          106.6845024,
          10.8033967
        ]
      },
      "id": "node/3274068161"
    },
    {
      "type": "Feature",
      "properties": {
        "@id": "node/3372106284",
        "amenity": "atm",
        "brand": "HSBC",
        "brand:wikidata": "Q190464",
        "brand:wikipedia": "en:HSBC",
        "name": "HSBC",
        "opening_hours": "24/7",
        "operator": "HSBC",
        "operator:wikidata": "Q190464",
        "operator:wikipedia": "en:HSBC"
      },
      "geometry": {
        "type": "Point",
        "coordinates": [
          106.6943255,
          10.7690545
        ]
      },
      "id": "node/3372106284"
    },
    {
      "type": "Feature",
      "properties": {
        "@id": "node/3372136322",
        "amenity": "atm"
      },
      "geometry": {
        "type": "Point",
        "coordinates": [
          106.6944811,
          10.7677028
        ]
      },
      "id": "node/3372136322"
    },
    {
      "type": "Feature",
      "properties": {
        "@id": "node/3372142888",
        "amenity": "atm",
        "brand": "BIDV",
        "brand:wikidata": "Q1003180",
        "name": "ATM BIDV",
        "official_name": "Ngân hàng Đầu tư và Phát triển Việt Nam",
        "official_name:en": "Bank for Investment and Development of Vietnam",
        "official_name:vi": "Ngân hàng Đầu tư và Phát triển Việt Nam",
        "operator": "BIDV",
        "operator:wikidata": "Q1003180"
      },
      "geometry": {
        "type": "Point",
        "coordinates": [
          106.6948244,
          10.7678437
        ]
      },
      "id": "node/3372142888"
    },
    {
      "type": "Feature",
      "properties": {
        "@id": "node/3493024105",
        "amenity": "atm",
        "brand": "Techcombank",
        "brand:wikidata": "Q10541776",
        "cash_in": "yes",
        "name": "Techcombank",
        "opening_hours": "24/7",
        "operator": "Techcombank",
        "operator:wikidata": "Q10541776"
      },
      "geometry": {
        "type": "Point",
        "coordinates": [
          106.7473908,
          10.800534
        ]
      },
      "id": "node/3493024105"
    },
    {
      "type": "Feature",
      "properties": {
        "@id": "node/3506740121",
        "amenity": "atm",
        "not:brand:wikidata": "Q6123772",
        "operator": "ATM Sacombank"
      },
      "geometry": {
        "type": "Point",
        "coordinates": [
          106.6921791,
          10.7879368
        ]
      },
      "id": "node/3506740121"
    },
    {
      "type": "Feature",
      "properties": {
        "@id": "node/3506748529",
        "amenity": "atm",
        "brand": "Sacombank",
        "brand:wikidata": "Q6123772",
        "operator": "Sacombank",
        "operator:wikidata": "Q6123772"
      },
      "geometry": {
        "type": "Point",
        "coordinates": [
          106.6952636,
          10.7883558
        ]
      },
      "id": "node/3506748529"
    },
    {
      "type": "Feature",
      "properties": {
        "@id": "node/3623476493",
        "amenity": "atm",
        "name": "ATM ACB",
        "operator": "ACB"
      },
      "geometry": {
        "type": "Point",
        "coordinates": [
          106.665362,
          10.813355
        ]
      },
      "id": "node/3623476493"
    },
    {
      "type": "Feature",
      "properties": {
        "@id": "node/3625601700",
        "amenity": "atm",
        "covered": "yes",
        "name": "ATM DongAbank",
        "operator": "DongA bank"
      },
      "geometry": {
        "type": "Point",
        "coordinates": [
          106.6732676,
          10.8081814
        ]
      },
      "id": "node/3625601700"
    },
    {
      "type": "Feature",
      "properties": {
        "@id": "node/3625601702",
        "amenity": "atm",
        "brand": "Sacombank",
        "brand:wikidata": "Q6123772",
        "name": "Sacombank",
        "operator": "Sacombank",
        "operator:wikidata": "Q6123772"
      },
      "geometry": {
        "type": "Point",
        "coordinates": [
          106.677625,
          10.8126367
        ]
      },
      "id": "node/3625601702"
    },
    {
      "type": "Feature",
      "properties": {
        "@id": "node/3626360177",
        "amenity": "atm",
        "operator": "VIB"
      },
      "geometry": {
        "type": "Point",
        "coordinates": [
          106.6782558,
          10.8088921
        ]
      },
      "id": "node/3626360177"
    },
    {
      "type": "Feature",
      "properties": {
        "@id": "node/3652013330",
        "amenity": "atm",
        "brand": "Vietcombank",
        "brand:wikidata": "Q6122995",
        "operator": "Vietcombank",
        "operator:wikidata": "Q6122995"
      },
      "geometry": {
        "type": "Point",
        "coordinates": [
          106.6782558,
          10.8089103
        ]
      },
      "id": "node/3652013330"
    },
    {
      "type": "Feature",
      "properties": {
        "@id": "node/3652013338",
        "amenity": "atm",
        "operator": "Maritime Bank"
      },
      "geometry": {
        "type": "Point",
        "coordinates": [
          106.6782563,
          10.8088732
        ]
      },
      "id": "node/3652013338"
    },
    {
      "type": "Feature",
      "properties": {
        "@id": "node/3652013341",
        "amenity": "atm",
        "brand": "BIDV",
        "brand:wikidata": "Q1003180",
        "operator": "BIDV",
        "operator:wikidata": "Q1003180"
      },
      "geometry": {
        "type": "Point",
        "coordinates": [
          106.678257,
          10.808854
        ]
      },
      "id": "node/3652013341"
    },
    {
      "type": "Feature",
      "properties": {
        "@id": "node/3654066928",
        "addr:city": "Ho Chi Minh City",
        "addr:housenumber": "146",
        "addr:street": "Hồ Văn Huê",
        "amenity": "atm",
        "operator": "ACB"
      },
      "geometry": {
        "type": "Point",
        "coordinates": [
          106.6769,
          10.803079
        ]
      },
      "id": "node/3654066928"
    },
    {
      "type": "Feature",
      "properties": {
        "@id": "node/3654066938",
        "amenity": "atm",
        "operator": "Eximbank"
      },
      "geometry": {
        "type": "Point",
        "coordinates": [
          106.6771005,
          10.803456
        ]
      },
      "id": "node/3654066938"
    },
    {
      "type": "Feature",
      "properties": {
        "@id": "node/3654066946",
        "addr:city": "Ho Chi Minh City",
        "addr:housenumber": "5",
        "addr:street": "Phan Đăng Lưu",
        "amenity": "atm",
        "brand": "SeABank",
        "brand:wikidata": "Q10800276",
        "operator": "SeABank",
        "operator:wikidata": "Q10800276"
      },
      "geometry": {
        "type": "Point",
        "coordinates": [
          106.6847554,
          10.8037113
        ]
      },
      "id": "node/3654066946"
    },
    {
      "type": "Feature",
      "properties": {
        "@id": "node/3654066979",
        "amenity": "atm",
        "operator": "ACB"
      },
      "geometry": {
        "type": "Point",
        "coordinates": [
          106.6838645,
          10.8041205
        ]
      },
      "id": "node/3654066979"
    },
    {
      "type": "Feature",
      "properties": {
        "@id": "node/3654067020",
        "addr:city": "Ho Chi Minh City",
        "addr:housenumber": "139",
        "addr:street": "Hoàng Văn Thụ",
        "amenity": "atm",
        "operator": "Maritime Bank"
      },
      "geometry": {
        "type": "Point",
        "coordinates": [
          106.6755664,
          10.7994177
        ]
      },
      "id": "node/3654067020"
    },
    {
      "type": "Feature",
      "properties": {
        "@id": "node/3654067033",
        "addr:city": "Ho Chi Minh City",
        "addr:housenumber": "143",
        "addr:street": "Hoàng Văn Thụ",
        "amenity": "atm",
        "brand": "Agribank",
        "brand:wikidata": "Q1924723",
        "official_name": "Ngân hàng Nông nghiệp và Phát triển Nông thôn Việt Nam",
        "official_name:en": "Vietnam Bank for Agriculture and Rural Development",
        "operator": "Agribank",
        "operator:wikidata": "Q1924723"
      },
      "geometry": {
        "type": "Point",
        "coordinates": [
          106.6752946,
          10.7994426
        ]
      },
      "id": "node/3654067033"
    },
    {
      "type": "Feature",
      "properties": {
        "@id": "node/3654562876",
        "amenity": "atm",
        "operator": "Dong A Bank"
      },
      "geometry": {
        "type": "Point",
        "coordinates": [
          106.6782119,
          10.7952324
        ]
      },
      "id": "node/3654562876"
    },
    {
      "type": "Feature",
      "properties": {
        "@id": "node/3758591906",
        "amenity": "atm",
        "cash_in": "no",
        "check_date": "2025-08-26",
        "name": "ATM BIDV"
      },
      "geometry": {
        "type": "Point",
        "coordinates": [
          106.6798427,
          10.79327
        ]
      },
      "id": "node/3758591906"
    },
    {
      "type": "Feature",
      "properties": {
        "@id": "node/3768898926",
        "amenity": "atm",
        "name": "ATM Vietcombank",
        "not:brand:wikidata": "Q6122995"
      },
      "geometry": {
        "type": "Point",
        "coordinates": [
          106.678095,
          10.7663971
        ]
      },
      "id": "node/3768898926"
    },
    {
      "type": "Feature",
      "properties": {
        "@id": "node/3797593066",
        "amenity": "atm",
        "brand": "Standard Chartered",
        "brand:wikidata": "Q548278",
        "name": "Standard Chartered",
        "operator": "Standard Chartered",
        "operator:wikidata": "Q548278"
      },
      "geometry": {
        "type": "Point",
        "coordinates": [
          106.7035156,
          10.7842606
        ]
      },
      "id": "node/3797593066"
    },
    {
      "type": "Feature",
      "properties": {
        "@id": "node/3900940165",
        "amenity": "atm",
        "brand": "Sacombank",
        "brand:wikidata": "Q6123772",
        "name": "Sacombank",
        "name:de": "Geldautomat",
        "operator": "Sacombank",
        "operator:wikidata": "Q6123772"
      },
      "geometry": {
        "type": "Point",
        "coordinates": [
          106.6930267,
          10.7695592
        ]
      },
      "id": "node/3900940165"
    },
    {
      "type": "Feature",
      "properties": {
        "@id": "node/4105423890",
        "amenity": "atm"
      },
      "geometry": {
        "type": "Point",
        "coordinates": [
          107.0940265,
          10.3512372
        ]
      },
      "id": "node/4105423890"
    },
    {
      "type": "Feature",
      "properties": {
        "@id": "node/4122430890",
        "amenity": "atm",
        "currency:VND": "yes",
        "name": "ATM ACB",
        "opening_hours": "24/7"
      },
      "geometry": {
        "type": "Point",
        "coordinates": [
          106.6748432,
          10.7476412
        ]
      },
      "id": "node/4122430890"
    },
    {
      "type": "Feature",
      "properties": {
        "@id": "node/4163311190",
        "amenity": "atm",
        "opening_hours": "24/7"
      },
      "geometry": {
        "type": "Point",
        "coordinates": [
          106.5883713,
          10.9423497
        ]
      },
      "id": "node/4163311190"
    },
    {
      "type": "Feature",
      "properties": {
        "@id": "node/4175103892",
        "amenity": "atm",
        "opening_hours": "Su-Fr 08:00-16:00"
      },
      "geometry": {
        "type": "Point",
        "coordinates": [
          106.6259792,
          10.8538138
        ]
      },
      "id": "node/4175103892"
    },
    {
      "type": "Feature",
      "properties": {
        "@id": "node/4193547975",
        "amenity": "atm",
        "brand": "Sacombank",
        "brand:wikidata": "Q6123772",
        "name": "Sacombank",
        "operator": "Sacombank",
        "operator:wikidata": "Q6123772"
      },
      "geometry": {
        "type": "Point",
        "coordinates": [
          106.7002011,
          10.779102
        ]
      },
      "id": "node/4193547975"
    },
    {
      "type": "Feature",
      "properties": {
        "@id": "node/4253739590",
        "amenity": "atm",
        "brand": "Sacombank",
        "brand:wikidata": "Q6123772",
        "operator": "Sacombank",
        "operator:wikidata": "Q6123772"
      },
      "geometry": {
        "type": "Point",
        "coordinates": [
          106.6908587,
          10.7749288
        ]
      },
      "id": "node/4253739590"
    },
    {
      "type": "Feature",
      "properties": {
        "@id": "node/4256323489",
        "amenity": "atm",
        "operator": "ANZ"
      },
      "geometry": {
        "type": "Point",
        "coordinates": [
          106.6923306,
          10.7666361
        ]
      },
      "id": "node/4256323489"
    },
    {
      "type": "Feature",
      "properties": {
        "@id": "node/4265464289",
        "amenity": "atm",
        "operator": "Abbank"
      },
      "geometry": {
        "type": "Point",
        "coordinates": [
          107.0871117,
          10.3529629
        ]
      },
      "id": "node/4265464289"
    },
    {
      "type": "Feature",
      "properties": {
        "@id": "node/4280504991",
        "amenity": "atm",
        "operator": "comfeed"
      },
      "geometry": {
        "type": "Point",
        "coordinates": [
          106.6283046,
          10.7377465
        ]
      },
      "id": "node/4280504991"
    },
    {
      "type": "Feature",
      "properties": {
        "@id": "node/4300251889",
        "amenity": "atm",
        "operator": "japfa binh duong"
      },
      "geometry": {
        "type": "Point",
        "coordinates": [
          106.8709176,
          11.1309449
        ]
      },
      "id": "node/4300251889"
    },
    {
      "type": "Feature",
      "properties": {
        "@id": "node/4308662292",
        "amenity": "atm",
        "operator": "trai ga a nghia"
      },
      "geometry": {
        "type": "Point",
        "coordinates": [
          106.5489841,
          11.2779732
        ]
      },
      "id": "node/4308662292"
    },
    {
      "type": "Feature",
      "properties": {
        "@id": "node/4308771789",
        "amenity": "atm",
        "operator": "hx hc"
      },
      "geometry": {
        "type": "Point",
        "coordinates": [
          106.4941605,
          11.2684612
        ]
      },
      "id": "node/4308771789"
    },
    {
      "type": "Feature",
      "properties": {
        "@id": "node/4319146690",
        "amenity": "atm"
      },
      "geometry": {
        "type": "Point",
        "coordinates": [
          106.6085046,
          10.7520379
        ]
      },
      "id": "node/4319146690"
    },
    {
      "type": "Feature",
      "properties": {
        "@id": "node/4323333390",
        "amenity": "atm"
      },
      "geometry": {
        "type": "Point",
        "coordinates": [
          106.6992443,
          10.7753465
        ]
      },
      "id": "node/4323333390"
    },
    {
      "type": "Feature",
      "properties": {
        "@id": "node/4325186797",
        "amenity": "atm"
      },
      "geometry": {
        "type": "Point",
        "coordinates": [
          106.7003178,
          10.7728281
        ]
      },
      "id": "node/4325186797"
    },
    {
      "type": "Feature",
      "properties": {
        "@id": "node/4339554590",
        "amenity": "atm",
        "brand": "HSBC",
        "brand:wikidata": "Q190464",
        "name:de": "Geldautomat",
        "operator": "HSBC",
        "operator:wikidata": "Q190464"
      },
      "geometry": {
        "type": "Point",
        "coordinates": [
          106.6919898,
          10.7705215
        ]
      },
      "id": "node/4339554590"
    },
    {
      "type": "Feature",
      "properties": {
        "@id": "node/4379524589",
        "amenity": "atm"
      },
      "geometry": {
        "type": "Point",
        "coordinates": [
          106.6067085,
          10.8601188
        ]
      },
      "id": "node/4379524589"
    },
    {
      "type": "Feature",
      "properties": {
        "@id": "node/4395954491",
        "amenity": "atm",
        "brand": "Vietcombank",
        "brand:wikidata": "Q6122995",
        "name": "Vietcombank",
        "opening_hours": "24/7",
        "operator": "Vietcombank",
        "operator:wikidata": "Q6122995"
      },
      "geometry": {
        "type": "Point",
        "coordinates": [
          106.6773849,
          10.7821601
        ]
      },
      "id": "node/4395954491"
    },
    {
      "type": "Feature",
      "properties": {
        "@id": "node/4462174795",
        "amenity": "atm",
        "brand": "Nam A Bank",
        "brand:wikidata": "Q10800266",
        "check_date": "2025-06-07",
        "operator": "Nam A Bank",
        "operator:wikidata": "Q10800266"
      },
      "geometry": {
        "type": "Point",
        "coordinates": [
          106.6934741,
          10.785028
        ]
      },
      "id": "node/4462174795"
    },
    {
      "type": "Feature",
      "properties": {
        "@id": "node/4463203997",
        "amenity": "atm",
        "brand": "BIDV",
        "brand:wikidata": "Q1003180",
        "name": "ATM BIDV",
        "official_name": "Ngân hàng Đầu tư và Phát triển Việt Nam",
        "official_name:en": "Bank for Investment and Development of Vietnam",
        "official_name:vi": "Ngân hàng Đầu tư và Phát triển Việt Nam",
        "opening_hours": "24/7",
        "operator": "BIDV",
        "operator:wikidata": "Q1003180"
      },
      "geometry": {
        "type": "Point",
        "coordinates": [
          106.7040586,
          10.7399198
        ]
      },
      "id": "node/4463203997"
    },
    {
      "type": "Feature",
      "properties": {
        "@id": "node/4467255595",
        "amenity": "atm"
      },
      "geometry": {
        "type": "Point",
        "coordinates": [
          106.6840112,
          10.7723672
        ]
      },
      "id": "node/4467255595"
    },
    {
      "type": "Feature",
      "properties": {
        "@id": "node/4501637789",
        "amenity": "atm",
        "opening_hours": "24/7",
        "operator": "VientinBank"
      },
      "geometry": {
        "type": "Point",
        "coordinates": [
          106.6088137,
          8.6830953
        ]
      },
      "id": "node/4501637789"
    },
    {
      "type": "Feature",
      "properties": {
        "@id": "node/4503345689",
        "amenity": "atm"
      },
      "geometry": {
        "type": "Point",
        "coordinates": [
          106.7609193,
          10.9029253
        ]
      },
      "id": "node/4503345689"
    },
    {
      "type": "Feature",
      "properties": {
        "@id": "node/4514370690",
        "amenity": "atm"
      },
      "geometry": {
        "type": "Point",
        "coordinates": [
          106.6819779,
          11.0567488
        ]
      },
      "id": "node/4514370690"
    },
    {
      "type": "Feature",
      "properties": {
        "@id": "node/4533468089",
        "amenity": "atm"
      },
      "geometry": {
        "type": "Point",
        "coordinates": [
          106.7019332,
          10.8195346
        ]
      },
      "id": "node/4533468089"
    },
    {
      "type": "Feature",
      "properties": {
        "@id": "node/4542663889",
        "amenity": "atm",
        "operator": "vcb"
      },
      "geometry": {
        "type": "Point",
        "coordinates": [
          106.7142781,
          10.8018656
        ]
      },
      "id": "node/4542663889"
    },
    {
      "type": "Feature",
      "properties": {
        "@id": "node/4547532453",
        "amenity": "atm",
        "brand": "VIB",
        "level": "0",
        "opening_hours": "24/7"
      },
      "geometry": {
        "type": "Point",
        "coordinates": [
          107.0764634,
          10.3461942
        ]
      },
      "id": "node/4547532453"
    },
    {
      "type": "Feature",
      "properties": {
        "@id": "node/4547532457",
        "amenity": "atm",
        "brand": "ABBank",
        "level": "0",
        "name": "ABBank",
        "opening_hours": "24/7"
      },
      "geometry": {
        "type": "Point",
        "coordinates": [
          107.076112,
          10.347107
        ]
      },
      "id": "node/4547532457"
    },
    {
      "type": "Feature",
      "properties": {
        "@id": "node/4547578872",
        "amenity": "atm",
        "brand": "BIDV",
        "level": "0",
        "opening_hours": "24/7"
      },
      "geometry": {
        "type": "Point",
        "coordinates": [
          107.0756946,
          10.3455477
        ]
      },
      "id": "node/4547578872"
    },
    {
      "type": "Feature",
      "properties": {
        "@id": "node/4547717482",
        "amenity": "atm",
        "brand": "Maritime Bank",
        "level": "0",
        "name": "Maritime Bank",
        "opening_hours": "24/7"
      },
      "geometry": {
        "type": "Point",
        "coordinates": [
          107.0720239,
          10.3396814
        ]
      },
      "id": "node/4547717482"
    },
    {
      "type": "Feature",
      "properties": {
        "@id": "node/4555505190",
        "amenity": "atm",
        "opening_hours": "24/7",
        "operator": "Dongabank"
      },
      "geometry": {
        "type": "Point",
        "coordinates": [
          106.6459593,
          10.8017892
        ]
      },
      "id": "node/4555505190"
    },
    {
      "type": "Feature",
      "properties": {
        "@id": "node/4555513290",
        "amenity": "atm",
        "cash_in": "no",
        "check_date": "2023-03-14",
        "opening_hours": "24/7",
        "operator": "Vietinbank"
      },
      "geometry": {
        "type": "Point",
        "coordinates": [
          106.6294028,
          10.8227144
        ]
      },
      "id": "node/4555513290"
    },
    {
      "type": "Feature",
      "properties": {
        "@id": "node/4555528089",
        "amenity": "atm",
        "opening_hours": "24/7",
        "operator": "ATM OCBbank"
      },
      "geometry": {
        "type": "Point",
        "coordinates": [
          106.6583539,
          10.7976705
        ]
      },
      "id": "node/4555528089"
    },
    {
      "type": "Feature",
      "properties": {
        "@id": "node/4556710163",
        "amenity": "atm",
        "name": "ATM VIB"
      },
      "geometry": {
        "type": "Point",
        "coordinates": [
          106.6765586,
          10.8313401
        ]
      },
      "id": "node/4556710163"
    },
    {
      "type": "Feature",
      "properties": {
        "@id": "node/4559426290",
        "amenity": "atm",
        "opening_hours": "24/7",
        "operator": "VPBank"
      },
      "geometry": {
        "type": "Point",
        "coordinates": [
          106.6075754,
          10.8552793
        ]
      },
      "id": "node/4559426290"
    },
    {
      "type": "Feature",
      "properties": {
        "@id": "node/4559428891",
        "amenity": "atm",
        "opening_hours": "24/7",
        "operator": "ACB"
      },
      "geometry": {
        "type": "Point",
        "coordinates": [
          106.6075529,
          10.8553298
        ]
      },
      "id": "node/4559428891"
    },
    {
      "type": "Feature",
      "properties": {
        "@id": "node/4559428892",
        "amenity": "atm",
        "opening_hours": "24/7",
        "operator": "VIB"
      },
      "geometry": {
        "type": "Point",
        "coordinates": [
          106.6076033,
          10.8552213
        ]
      },
      "id": "node/4559428892"
    },
    {
      "type": "Feature",
      "properties": {
        "@id": "node/4559442290",
        "amenity": "atm",
        "opening_hours": "24/7",
        "operator": "Agribank"
      },
      "geometry": {
        "type": "Point",
        "coordinates": [
          106.5985761,
          10.8679868
        ]
      },
      "id": "node/4559442290"
    },
    {
      "type": "Feature",
      "properties": {
        "@id": "node/4590754190",
        "amenity": "atm",
        "operator": "SeABank"
      },
      "geometry": {
        "type": "Point",
        "coordinates": [
          107.0748345,
          10.3482671
        ]
      },
      "id": "node/4590754190"
    },
    {
      "type": "Feature",
      "properties": {
        "@id": "node/4591687493",
        "amenity": "atm"
      },
      "geometry": {
        "type": "Point",
        "coordinates": [
          106.7492766,
          10.7310422
        ]
      },
      "id": "node/4591687493"
    },
    {
      "type": "Feature",
      "properties": {
        "@id": "node/4601413389",
        "amenity": "atm",
        "brand": "Citibank",
        "brand:wikidata": "Q857063",
        "name": "Citibank",
        "opening_hours": "24/7",
        "operator": "Citibank",
        "operator:wikidata": "Q857063",
        "short_name": "Citi"
      },
      "geometry": {
        "type": "Point",
        "coordinates": [
          106.6938822,
          10.7676912
        ]
      },
      "id": "node/4601413389"
    },
    {
      "type": "Feature",
      "properties": {
        "@id": "node/4603126389",
        "amenity": "atm",
        "brand": "HSBC",
        "brand:wikidata": "Q190464",
        "name": "HSBC",
        "opening_hours": "24/7",
        "operator": "HSBC",
        "operator:wikidata": "Q190464"
      },
      "geometry": {
        "type": "Point",
        "coordinates": [
          106.6939151,
          10.7674225
        ]
      },
      "id": "node/4603126389"
    },
    {
      "type": "Feature",
      "properties": {
        "@id": "node/4607416490",
        "amenity": "atm"
      },
      "geometry": {
        "type": "Point",
        "coordinates": [
          107.0743671,
          10.3508211
        ]
      },
      "id": "node/4607416490"
    },
    {
      "type": "Feature",
      "properties": {
        "@id": "node/4624418992",
        "amenity": "atm"
      },
      "geometry": {
        "type": "Point",
        "coordinates": [
          106.6936742,
          10.7672985
        ]
      },
      "id": "node/4624418992"
    },
    {
      "type": "Feature",
      "properties": {
        "@id": "node/4628844729",
        "amenity": "atm",
        "brand": "Techcombank",
        "brand:wikidata": "Q10541776",
        "name": "Techcombank",
        "opening_hours": "24/7",
        "operator": "Techcombank",
        "operator:wikidata": "Q10541776"
      },
      "geometry": {
        "type": "Point",
        "coordinates": [
          106.6741134,
          10.7572804
        ]
      },
      "id": "node/4628844729"
    },
    {
      "type": "Feature",
      "properties": {
        "@id": "node/4636304789",
        "amenity": "atm",
        "brand": "ACB",
        "brand:wikidata": "Q727019",
        "operator": "ACB",
        "operator:wikidata": "Q727019"
      },
      "geometry": {
        "type": "Point",
        "coordinates": [
          106.6996641,
          10.7730834
        ]
      },
      "id": "node/4636304789"
    },
    {
      "type": "Feature",
      "properties": {
        "@id": "node/4640830891",
        "amenity": "atm"
      },
      "geometry": {
        "type": "Point",
        "coordinates": [
          106.7466647,
          10.8987208
        ]
      },
      "id": "node/4640830891"
    },
    {
      "type": "Feature",
      "properties": {
        "@id": "node/4670558489",
        "amenity": "atm"
      },
      "geometry": {
        "type": "Point",
        "coordinates": [
          106.7041539,
          10.7789094
        ]
      },
      "id": "node/4670558489"
    },
    {
      "type": "Feature",
      "properties": {
        "@id": "node/4684399802",
        "amenity": "atm",
        "operator": "Eximbank"
      },
      "geometry": {
        "type": "Point",
        "coordinates": [
          106.7893326,
          10.8443053
        ]
      },
      "id": "node/4684399802"
    },
    {
      "type": "Feature",
      "properties": {
        "@id": "node/4684413600",
        "amenity": "atm",
        "brand": "Techcombank",
        "brand:wikidata": "Q10541776",
        "operator": "Techcombank",
        "operator:wikidata": "Q10541776"
      },
      "geometry": {
        "type": "Point",
        "coordinates": [
          106.7895228,
          10.8442797
        ]
      },
      "id": "node/4684413600"
    },
    {
      "type": "Feature",
      "properties": {
        "@id": "node/4684416196",
        "amenity": "atm",
        "brand": "Vietcombank",
        "brand:wikidata": "Q6122995",
        "operator": "Vietcombank",
        "operator:wikidata": "Q6122995"
      },
      "geometry": {
        "type": "Point",
        "coordinates": [
          106.7912343,
          10.8445326
        ]
      },
      "id": "node/4684416196"
    },
    {
      "type": "Feature",
      "properties": {
        "@id": "node/4684416392",
        "amenity": "atm",
        "operator": "DongA Bank"
      },
      "geometry": {
        "type": "Point",
        "coordinates": [
          106.7896463,
          10.8442314
        ]
      },
      "id": "node/4684416392"
    },
    {
      "type": "Feature",
      "properties": {
        "@id": "node/4712868491",
        "amenity": "atm",
        "brand": "SeABank",
        "brand:wikidata": "Q10800276",
        "opening_hours": "24/7",
        "operator": "SeABank",
        "operator:wikidata": "Q10800276"
      },
      "geometry": {
        "type": "Point",
        "coordinates": [
          106.6947667,
          10.7705248
        ]
      },
      "id": "node/4712868491"
    },
    {
      "type": "Feature",
      "properties": {
        "@id": "node/4712869892",
        "amenity": "atm",
        "opening_hours": "24/7",
        "operator": "SeABank ATM"
      },
      "geometry": {
        "type": "Point",
        "coordinates": [
          106.6944801,
          10.7704482
        ]
      },
      "id": "node/4712869892"
    },
    {
      "type": "Feature",
      "properties": {
        "@id": "node/4712874289",
        "amenity": "atm",
        "opening_hours": "24/7",
        "operator": "SeABank ATM"
      },
      "geometry": {
        "type": "Point",
        "coordinates": [
          106.6945453,
          10.7704798
        ]
      },
      "id": "node/4712874289"
    },
    {
      "type": "Feature",
      "properties": {
        "@id": "node/4714603590",
        "amenity": "atm"
      },
      "geometry": {
        "type": "Point",
        "coordinates": [
          106.7657735,
          10.5818896
        ]
      },
      "id": "node/4714603590"
    },
    {
      "type": "Feature",
      "properties": {
        "@id": "node/4742585922",
        "amenity": "atm",
        "cash_in": "no",
        "opening_hours": "24/7",
        "operator": "Agribank"
      },
      "geometry": {
        "type": "Point",
        "coordinates": [
          106.6083044,
          8.6862887
        ]
      },
      "id": "node/4742585922"
    },
    {
      "type": "Feature",
      "properties": {
        "@id": "node/4761094676",
        "amenity": "atm",
        "fee": "1,000 ~ 3,300 VNĐ",
        "operator": "Agribank"
      },
      "geometry": {
        "type": "Point",
        "coordinates": [
          106.6577063,
          10.7723262
        ]
      },
      "id": "node/4761094676"
    },
    {
      "type": "Feature",
      "properties": {
        "@id": "node/4809321993",
        "amenity": "atm",
        "name": "ATM BIDV"
      },
      "geometry": {
        "type": "Point",
        "coordinates": [
          106.7828791,
          10.8825032
        ]
      },
      "id": "node/4809321993"
    },
    {
      "type": "Feature",
      "properties": {
        "@id": "node/4815774028",
        "amenity": "atm",
        "operator": "Cơ quan"
      },
      "geometry": {
        "type": "Point",
        "coordinates": [
          106.6773176,
          10.7492246
        ]
      },
      "id": "node/4815774028"
    },
    {
      "type": "Feature",
      "properties": {
        "@id": "node/4815778322",
        "amenity": "atm",
        "operator": "kfc gò vấp"
      },
      "geometry": {
        "type": "Point",
        "coordinates": [
          106.6793046,
          10.8499601
        ]
      },
      "id": "node/4815778322"
    },
    {
      "type": "Feature",
      "properties": {
        "@id": "node/4815778325",
        "amenity": "atm",
        "operator": "cơ quan 2"
      },
      "geometry": {
        "type": "Point",
        "coordinates": [
          106.6801163,
          10.793224
        ]
      },
      "id": "node/4815778325"
    },
    {
      "type": "Feature",
      "properties": {
        "@id": "node/4815778326",
        "amenity": "atm",
        "operator": "cơ quan 2"
      },
      "geometry": {
        "type": "Point",
        "coordinates": [
          106.6801116,
          10.7931502
        ]
      },
      "id": "node/4815778326"
    },
    {
      "type": "Feature",
      "properties": {
        "@id": "node/4815778327",
        "amenity": "atm",
        "operator": "cty fes kcn sóng thần"
      },
      "geometry": {
        "type": "Point",
        "coordinates": [
          106.7485852,
          10.8882131
        ]
      },
      "id": "node/4815778327"
    },
    {
      "type": "Feature",
      "properties": {
        "@id": "node/4815778328",
        "amenity": "atm",
        "operator": "ttyt p27, q.binh thạnh"
      },
      "geometry": {
        "type": "Point",
        "coordinates": [
          106.7209793,
          10.814981
        ]
      },
      "id": "node/4815778328"
    },
    {
      "type": "Feature",
      "properties": {
        "@id": "node/4815778329",
        "amenity": "atm",
        "brand": "Techcombank",
        "brand:wikidata": "Q10541776",
        "operator": "Techcombank",
        "operator:wikidata": "Q10541776"
      },
      "geometry": {
        "type": "Point",
        "coordinates": [
          106.63275,
          10.7607936
        ]
      },
      "id": "node/4815778329"
    },
    {
      "type": "Feature",
      "properties": {
        "@id": "node/4815778330",
        "amenity": "atm",
        "operator": "hoan mỹ"
      },
      "geometry": {
        "type": "Point",
        "coordinates": [
          106.6394788,
          10.8743667
        ]
      },
      "id": "node/4815778330"
    },
    {
      "type": "Feature",
      "properties": {
        "@id": "node/4815778331",
        "amenity": "atm",
        "operator": "cty đai dương xanh"
      },
      "geometry": {
        "type": "Point",
        "coordinates": [
          106.59798,
          10.8126281
        ]
      },
      "id": "node/4815778331"
    },
    {
      "type": "Feature",
      "properties": {
        "@id": "node/4815778333",
        "amenity": "atm",
        "operator": "cty liên đại"
      },
      "geometry": {
        "type": "Point",
        "coordinates": [
          106.787821,
          10.9169573
        ]
      },
      "id": "node/4815778333"
    },
    {
      "type": "Feature",
      "properties": {
        "@id": "node/4815778334",
        "amenity": "atm",
        "operator": "poratos vsip 1"
      },
      "geometry": {
        "type": "Point",
        "coordinates": [
          106.729966,
          10.9300187
        ]
      },
      "id": "node/4815778334"
    },
    {
      "type": "Feature",
      "properties": {
        "@id": "node/4815778335",
        "amenity": "atm",
        "operator": "gpco"
      },
      "geometry": {
        "type": "Point",
        "coordinates": [
          106.7863315,
          10.9142739
        ]
      },
      "id": "node/4815778335"
    },
    {
      "type": "Feature",
      "properties": {
        "@id": "node/4815778336",
        "amenity": "atm",
        "operator": "cty quảng trị thương mại"
      },
      "geometry": {
        "type": "Point",
        "coordinates": [
          106.7458564,
          10.8454393
        ]
      },
      "id": "node/4815778336"
    },
    {
      "type": "Feature",
      "properties": {
        "@id": "node/4815782423",
        "amenity": "atm",
        "operator": "Abc"
      },
      "geometry": {
        "type": "Point",
        "coordinates": [
          106.6792577,
          10.8481361
        ]
      },
      "id": "node/4815782423"
    },
    {
      "type": "Feature",
      "properties": {
        "@id": "node/4815782424",
        "amenity": "atm",
        "operator": "Kfc gò vấp"
      },
      "geometry": {
        "type": "Point",
        "coordinates": [
          106.6816895,
          10.85038
        ]
      },
      "id": "node/4815782424"
    },
    {
      "type": "Feature",
      "properties": {
        "@id": "node/4815782425",
        "amenity": "atm",
        "operator": "Vtd gò vấp"
      },
      "geometry": {
        "type": "Point",
        "coordinates": [
          106.6802173,
          10.8458916
        ]
      },
      "id": "node/4815782425"
    },
    {
      "type": "Feature",
      "properties": {
        "@id": "node/4815782426",
        "amenity": "atm",
        "operator": "Abc"
      },
      "geometry": {
        "type": "Point",
        "coordinates": [
          106.6792155,
          10.8490583
        ]
      },
      "id": "node/4815782426"
    },
    {
      "type": "Feature",
      "properties": {
        "@id": "node/4815784721",
        "amenity": "atm",
        "operator": "cơ quan"
      },
      "geometry": {
        "type": "Point",
        "coordinates": [
          106.6776834,
          10.7488737
        ]
      },
      "id": "node/4815784721"
    },
    {
      "type": "Feature",
      "properties": {
        "@id": "node/4815784921",
        "amenity": "atm",
        "operator": "vtd gò vấp"
      },
      "geometry": {
        "type": "Point",
        "coordinates": [
          106.6783152,
          10.8446595
        ]
      },
      "id": "node/4815784921"
    },
    {
      "type": "Feature",
      "properties": {
        "@id": "node/4815784923",
        "amenity": "atm",
        "operator": "xh"
      },
      "geometry": {
        "type": "Point",
        "coordinates": [
          106.6348337,
          10.66988
        ]
      },
      "id": "node/4815784923"
    },
    {
      "type": "Feature",
      "properties": {
        "@id": "node/4815787623",
        "amenity": "atm",
        "operator": "công ty việt nhật"
      },
      "geometry": {
        "type": "Point",
        "coordinates": [
          106.8187385,
          10.8929516
        ]
      },
      "id": "node/4815787623"
    },
    {
      "type": "Feature",
      "properties": {
        "@id": "node/4815787624",
        "amenity": "atm",
        "operator": "cty beo sóng thần"
      },
      "geometry": {
        "type": "Point",
        "coordinates": [
          106.7497139,
          10.8810999
        ]
      },
      "id": "node/4815787624"
    },
    {
      "type": "Feature",
      "properties": {
        "@id": "node/4815787625",
        "amenity": "atm",
        "operator": "cty vĩnh nam anh"
      },
      "geometry": {
        "type": "Point",
        "coordinates": [
          106.6487708,
          10.9128917
        ]
      },
      "id": "node/4815787625"
    },
    {
      "type": "Feature",
      "properties": {
        "@id": "node/4815787627",
        "amenity": "atm",
        "operator": "mai chi tho"
      },
      "geometry": {
        "type": "Point",
        "coordinates": [
          106.7517299,
          10.7942762
        ]
      },
      "id": "node/4815787627"
    },
    {
      "type": "Feature",
      "properties": {
        "@id": "node/4815787628",
        "amenity": "atm",
        "operator": "tg trade"
      },
      "geometry": {
        "type": "Point",
        "coordinates": [
          106.7180034,
          10.8129448
        ]
      },
      "id": "node/4815787628"
    },
    {
      "type": "Feature",
      "properties": {
        "@id": "node/4815787630",
        "amenity": "atm",
        "operator": "vsip 1"
      },
      "geometry": {
        "type": "Point",
        "coordinates": [
          106.7354025,
          10.935126
        ]
      },
      "id": "node/4815787630"
    },
    {
      "type": "Feature",
      "properties": {
        "@id": "node/4815787631",
        "amenity": "atm",
        "operator": "paldo vn"
      },
      "geometry": {
        "type": "Point",
        "coordinates": [
          106.7376963,
          10.907969
        ]
      },
      "id": "node/4815787631"
    },
    {
      "type": "Feature",
      "properties": {
        "@id": "node/4815787632",
        "amenity": "atm",
        "operator": "trường thpt thanh đa"
      },
      "geometry": {
        "type": "Point",
        "coordinates": [
          106.7215113,
          10.8155438
        ]
      },
      "id": "node/4815787632"
    },
    {
      "type": "Feature",
      "properties": {
        "@id": "node/4815787633",
        "amenity": "atm",
        "operator": "3"
      },
      "geometry": {
        "type": "Point",
        "coordinates": [
          106.6881122,
          10.8303671
        ]
      },
      "id": "node/4815787633"
    },
    {
      "type": "Feature",
      "properties": {
        "@id": "node/4815787634",
        "amenity": "atm",
        "operator": "transimex"
      },
      "geometry": {
        "type": "Point",
        "coordinates": [
          106.7940156,
          10.8221422
        ]
      },
      "id": "node/4815787634"
    },
    {
      "type": "Feature",
      "properties": {
        "@id": "node/4815787635",
        "amenity": "atm",
        "operator": "thcs thanh đa"
      },
      "geometry": {
        "type": "Point",
        "coordinates": [
          106.7202596,
          10.8135935
        ]
      },
      "id": "node/4815787635"
    },
    {
      "type": "Feature",
      "properties": {
        "@id": "node/4815787636",
        "amenity": "atm",
        "operator": "cty yteco"
      },
      "geometry": {
        "type": "Point",
        "coordinates": [
          106.7198051,
          10.8599788
        ]
      },
      "id": "node/4815787636"
    },
    {
      "type": "Feature",
      "properties": {
        "@id": "node/4815787637",
        "amenity": "atm",
        "operator": "tiềm năng q8"
      },
      "geometry": {
        "type": "Point",
        "coordinates": [
          106.6267094,
          10.701922
        ]
      },
      "id": "node/4815787637"
    },
    {
      "type": "Feature",
      "properties": {
        "@id": "node/4815787638",
        "amenity": "atm",
        "operator": "cty cát vàng"
      },
      "geometry": {
        "type": "Point",
        "coordinates": [
          106.767239,
          10.8900648
        ]
      },
      "id": "node/4815787638"
    },
    {
      "type": "Feature",
      "properties": {
        "@id": "node/4815787639",
        "amenity": "atm",
        "operator": "cty dksh"
      },
      "geometry": {
        "type": "Point",
        "coordinates": [
          106.7248125,
          10.9277859
        ]
      },
      "id": "node/4815787639"
    },
    {
      "type": "Feature",
      "properties": {
        "@id": "node/4815787640",
        "amenity": "atm",
        "operator": "cty gpco"
      },
      "geometry": {
        "type": "Point",
        "coordinates": [
          106.7894423,
          10.9093552
        ]
      },
      "id": "node/4815787640"
    },
    {
      "type": "Feature",
      "properties": {
        "@id": "node/4815787641",
        "amenity": "atm",
        "operator": "sumimoto"
      },
      "geometry": {
        "type": "Point",
        "coordinates": [
          106.6760484,
          11.1009364
        ]
      },
      "id": "node/4815787641"
    },
    {
      "type": "Feature",
      "properties": {
        "@id": "node/4815787642",
        "amenity": "atm",
        "operator": "sen viet"
      },
      "geometry": {
        "type": "Point",
        "coordinates": [
          106.6610002,
          10.8633369
        ]
      },
      "id": "node/4815787642"
    },
    {
      "type": "Feature",
      "properties": {
        "@id": "node/4815787643",
        "amenity": "atm",
        "operator": "sen viet"
      },
      "geometry": {
        "type": "Point",
        "coordinates": [
          106.6618093,
          10.86341
        ]
      },
      "id": "node/4815787643"
    },
    {
      "type": "Feature",
      "properties": {
        "@id": "node/4815787644",
        "amenity": "atm",
        "operator": "dksh"
      },
      "geometry": {
        "type": "Point",
        "coordinates": [
          106.6866847,
          11.0804661
        ]
      },
      "id": "node/4815787644"
    },
    {
      "type": "Feature",
      "properties": {
        "@id": "node/4815789921",
        "amenity": "atm",
        "operator": "Kfc gò vấp"
      },
      "geometry": {
        "type": "Point",
        "coordinates": [
          106.6816895,
          10.8504012
        ]
      },
      "id": "node/4815789921"
    },
    {
      "type": "Feature",
      "properties": {
        "@id": "node/4815790423",
        "amenity": "atm",
        "operator": "công ty đất mới"
      },
      "geometry": {
        "type": "Point",
        "coordinates": [
          106.7483808,
          10.8799273
        ]
      },
      "id": "node/4815790423"
    },
    {
      "type": "Feature",
      "properties": {
        "@id": "node/4815790424",
        "amenity": "atm",
        "operator": "cty apha chem"
      },
      "geometry": {
        "type": "Point",
        "coordinates": [
          106.6610859,
          10.8614789
        ]
      },
      "id": "node/4815790424"
    },
    {
      "type": "Feature",
      "properties": {
        "@id": "node/4815790426",
        "amenity": "atm",
        "operator": "quốc lộ 13"
      },
      "geometry": {
        "type": "Point",
        "coordinates": [
          106.7248486,
          10.863172
        ]
      },
      "id": "node/4815790426"
    },
    {
      "type": "Feature",
      "properties": {
        "@id": "node/4815793422",
        "amenity": "atm",
        "operator": "cty hương đi"
      },
      "geometry": {
        "type": "Point",
        "coordinates": [
          106.6020531,
          10.7648084
        ]
      },
      "id": "node/4815793422"
    },
    {
      "type": "Feature",
      "properties": {
        "@id": "node/4815793423",
        "amenity": "atm",
        "check_date": "2024-03-16",
        "operator": "văn phong 2"
      },
      "geometry": {
        "type": "Point",
        "coordinates": [
          106.6930242,
          10.7852944
        ]
      },
      "id": "node/4815793423"
    },
    {
      "type": "Feature",
      "properties": {
        "@id": "node/4815793424",
        "amenity": "atm",
        "operator": "trường thpt lê thánh tôn"
      },
      "geometry": {
        "type": "Point",
        "coordinates": [
          106.7074608,
          10.7450446
        ]
      },
      "id": "node/4815793424"
    },
    {
      "type": "Feature",
      "properties": {
        "@id": "node/4815793426",
        "amenity": "atm",
        "operator": "cat vàng"
      },
      "geometry": {
        "type": "Point",
        "coordinates": [
          106.7653594,
          10.8747395
        ]
      },
      "id": "node/4815793426"
    },
    {
      "type": "Feature",
      "properties": {
        "@id": "node/4815793427",
        "amenity": "atm",
        "operator": "cty đại dương xanh"
      },
      "geometry": {
        "type": "Point",
        "coordinates": [
          106.5999458,
          10.8162546
        ]
      },
      "id": "node/4815793427"
    },
    {
      "type": "Feature",
      "properties": {
        "@id": "node/4815793428",
        "amenity": "atm",
        "operator": "cty viễn đông"
      },
      "geometry": {
        "type": "Point",
        "coordinates": [
          106.7826216,
          10.8457301
        ]
      },
      "id": "node/4815793428"
    },
    {
      "type": "Feature",
      "properties": {
        "@id": "node/4815793429",
        "amenity": "atm",
        "operator": "sumimoto"
      },
      "geometry": {
        "type": "Point",
        "coordinates": [
          106.6868436,
          11.087577
        ]
      },
      "id": "node/4815793429"
    },
    {
      "type": "Feature",
      "properties": {
        "@id": "node/4815793430",
        "amenity": "atm",
        "operator": "bel"
      },
      "geometry": {
        "type": "Point",
        "coordinates": [
          106.6943583,
          11.021991
        ]
      },
      "id": "node/4815793430"
    },
    {
      "type": "Feature",
      "properties": {
        "@id": "node/4815793431",
        "amenity": "atm",
        "operator": "gpco"
      },
      "geometry": {
        "type": "Point",
        "coordinates": [
          106.7876394,
          10.914781
        ]
      },
      "id": "node/4815793431"
    },
    {
      "type": "Feature",
      "properties": {
        "@id": "node/4815794021",
        "amenity": "atm",
        "operator": "ttyt dự phòng q11"
      },
      "geometry": {
        "type": "Point",
        "coordinates": [
          106.6541384,
          10.7659681
        ]
      },
      "id": "node/4815794021"
    },
    {
      "type": "Feature",
      "properties": {
        "@id": "node/4815797521",
        "amenity": "atm",
        "operator": "gjk"
      },
      "geometry": {
        "type": "Point",
        "coordinates": [
          106.6152572,
          10.7120729
        ]
      },
      "id": "node/4815797521"
    },
    {
      "type": "Feature",
      "properties": {
        "@id": "node/4815797721",
        "amenity": "atm",
        "operator": "cty hưng long phát (kcn tân tạo)"
      },
      "geometry": {
        "type": "Point",
        "coordinates": [
          106.5857707,
          10.7417387
        ]
      },
      "id": "node/4815797721"
    },
    {
      "type": "Feature",
      "properties": {
        "@id": "node/4815797722",
        "amenity": "atm",
        "operator": "á châu"
      },
      "geometry": {
        "type": "Point",
        "coordinates": [
          106.7422236,
          10.9578345
        ]
      },
      "id": "node/4815797722"
    },
    {
      "type": "Feature",
      "properties": {
        "@id": "node/4820487223",
        "amenity": "atm"
      },
      "geometry": {
        "type": "Point",
        "coordinates": [
          106.6303073,
          10.7723516
        ]
      },
      "id": "node/4820487223"
    },
    {
      "type": "Feature",
      "properties": {
        "@id": "node/4820488629",
        "amenity": "atm"
      },
      "geometry": {
        "type": "Point",
        "coordinates": [
          106.598972,
          10.7103259
        ]
      },
      "id": "node/4820488629"
    },
    {
      "type": "Feature",
      "properties": {
        "@id": "node/4820488630",
        "amenity": "atm"
      },
      "geometry": {
        "type": "Point",
        "coordinates": [
          106.5965639,
          10.7472268
        ]
      },
      "id": "node/4820488630"
    },
    {
      "type": "Feature",
      "properties": {
        "@id": "node/4820488632",
        "amenity": "atm"
      },
      "geometry": {
        "type": "Point",
        "coordinates": [
          106.6256607,
          10.7722422
        ]
      },
      "id": "node/4820488632"
    },
    {
      "type": "Feature",
      "properties": {
        "@id": "node/4820488633",
        "amenity": "atm",
        "operator": "dong a bank hoc mon"
      },
      "geometry": {
        "type": "Point",
        "coordinates": [
          106.5958518,
          10.8890653
        ]
      },
      "id": "node/4820488633"
    },
    {
      "type": "Feature",
      "properties": {
        "@id": "node/4820488634",
        "amenity": "atm",
        "operator": "1343 tl8"
      },
      "geometry": {
        "type": "Point",
        "coordinates": [
          106.5909406,
          10.982681
        ]
      },
      "id": "node/4820488634"
    },
    {
      "type": "Feature",
      "properties": {
        "@id": "node/4820488635",
        "amenity": "atm",
        "operator": "ms tru 116 qloo"
      },
      "geometry": {
        "type": "Point",
        "coordinates": [
          106.6083327,
          10.853363
        ]
      },
      "id": "node/4820488635"
    },
    {
      "type": "Feature",
      "properties": {
        "@id": "node/4820488636",
        "amenity": "atm",
        "operator": "ms sctv duong s0 7 hung lan 1b"
      },
      "geometry": {
        "type": "Point",
        "coordinates": [
          106.6053778,
          10.85627
        ]
      },
      "id": "node/4820488636"
    },
    {
      "type": "Feature",
      "properties": {
        "@id": "node/4820489223",
        "amenity": "atm",
        "operator": "mssctv"
      },
      "geometry": {
        "type": "Point",
        "coordinates": [
          106.5906922,
          10.8475106
        ]
      },
      "id": "node/4820489223"
    },
    {
      "type": "Feature",
      "properties": {
        "@id": "node/4820489224",
        "amenity": "atm",
        "operator": "ATM DongA Bank"
      },
      "geometry": {
        "type": "Point",
        "coordinates": [
          106.5828568,
          10.9831986
        ]
      },
      "id": "node/4820489224"
    },
    {
      "type": "Feature",
      "properties": {
        "@id": "node/4820493924",
        "amenity": "atm",
        "operator": "ms sctv"
      },
      "geometry": {
        "type": "Point",
        "coordinates": [
          106.5912533,
          10.8469402
        ]
      },
      "id": "node/4820493924"
    },
    {
      "type": "Feature",
      "properties": {
        "@id": "node/4820493925",
        "amenity": "atm",
        "operator": "ms sctv"
      },
      "geometry": {
        "type": "Point",
        "coordinates": [
          106.6855413,
          10.8248985
        ]
      },
      "id": "node/4820493925"
    },
    {
      "type": "Feature",
      "properties": {
        "@id": "node/4820493926",
        "amenity": "atm",
        "operator": "dong a 31a/4y nguyen anh thu"
      },
      "geometry": {
        "type": "Point",
        "coordinates": [
          106.6474315,
          10.8763005
        ]
      },
      "id": "node/4820493926"
    },
    {
      "type": "Feature",
      "properties": {
        "@id": "node/4820507425",
        "amenity": "atm",
        "operator": "DongA Bank"
      },
      "geometry": {
        "type": "Point",
        "coordinates": [
          106.6768392,
          10.8318779
        ]
      },
      "id": "node/4820507425"
    },
    {
      "type": "Feature",
      "properties": {
        "@id": "node/4820507426",
        "amenity": "atm",
        "operator": "183/4 truong chinh dong a bank"
      },
      "geometry": {
        "type": "Point",
        "coordinates": [
          106.6239278,
          10.8296295
        ]
      },
      "id": "node/4820507426"
    },
    {
      "type": "Feature",
      "properties": {
        "@id": "node/4820507428",
        "amenity": "atm",
        "operator": "dong a 9 ql22 p tmt q 12"
      },
      "geometry": {
        "type": "Point",
        "coordinates": [
          106.6080566,
          10.8542727
        ]
      },
      "id": "node/4820507428"
    },
    {
      "type": "Feature",
      "properties": {
        "@id": "node/4820521121",
        "amenity": "atm",
        "operator": "1343 tl8"
      },
      "geometry": {
        "type": "Point",
        "coordinates": [
          106.5908329,
          10.9827724
        ]
      },
      "id": "node/4820521121"
    },
    {
      "type": "Feature",
      "properties": {
        "@id": "node/4820521122",
        "amenity": "atm",
        "operator": "dong a 362 nguyen van nghi"
      },
      "geometry": {
        "type": "Point",
        "coordinates": [
          106.6862925,
          10.824217
        ]
      },
      "id": "node/4820521122"
    },
    {
      "type": "Feature",
      "properties": {
        "@id": "node/4822284624",
        "amenity": "atm",
        "operator": "đai cồ"
      },
      "geometry": {
        "type": "Point",
        "coordinates": [
          106.7137755,
          10.9801429
        ]
      },
      "id": "node/4822284624"
    },
    {
      "type": "Feature",
      "properties": {
        "@id": "node/4822284625",
        "amenity": "atm",
        "operator": "cty ibi"
      },
      "geometry": {
        "type": "Point",
        "coordinates": [
          106.7104315,
          10.9600113
        ]
      },
      "id": "node/4822284625"
    },
    {
      "type": "Feature",
      "properties": {
        "@id": "node/4822284629",
        "amenity": "atm",
        "operator": "ibi"
      },
      "geometry": {
        "type": "Point",
        "coordinates": [
          106.7126058,
          10.7359277
        ]
      },
      "id": "node/4822284629"
    },
    {
      "type": "Feature",
      "properties": {
        "@id": "node/4822285024",
        "amenity": "atm",
        "operator": "cccccc"
      },
      "geometry": {
        "type": "Point",
        "coordinates": [
          106.712879,
          10.9587662
        ]
      },
      "id": "node/4822285024"
    },
    {
      "type": "Feature",
      "properties": {
        "@id": "node/4822295921",
        "amenity": "atm",
        "operator": "vcb lee vina"
      },
      "geometry": {
        "type": "Point",
        "coordinates": [
          106.7211616,
          10.9556523
        ]
      },
      "id": "node/4822295921"
    },
    {
      "type": "Feature",
      "properties": {
        "@id": "node/4822325221",
        "amenity": "atm",
        "operator": "/"
      },
      "geometry": {
        "type": "Point",
        "coordinates": [
          106.7125921,
          10.7359468
        ]
      },
      "id": "node/4822325221"
    },
    {
      "type": "Feature",
      "properties": {
        "@id": "node/4826302060",
        "amenity": "atm",
        "brand": "VietinBank",
        "brand:wikidata": "Q7928459",
        "name": "Vietinbank",
        "operator": "VietinBank",
        "operator:wikidata": "Q7928459"
      },
      "geometry": {
        "type": "Point",
        "coordinates": [
          106.6857263,
          10.7789966
        ]
      },
      "id": "node/4826302060"
    },
    {
      "type": "Feature",
      "properties": {
        "@id": "node/4844904421",
        "amenity": "atm",
        "operator": "cty cát vàng"
      },
      "geometry": {
        "type": "Point",
        "coordinates": [
          106.7677921,
          10.887491
        ]
      },
      "id": "node/4844904421"
    },
    {
      "type": "Feature",
      "properties": {
        "@id": "node/4845280721",
        "amenity": "atm",
        "operator": "1"
      },
      "geometry": {
        "type": "Point",
        "coordinates": [
          106.7238218,
          10.8581524
        ]
      },
      "id": "node/4845280721"
    },
    {
      "type": "Feature",
      "properties": {
        "@id": "node/4845687822",
        "amenity": "atm",
        "operator": "Cty cp viet nam"
      },
      "geometry": {
        "type": "Point",
        "coordinates": [
          106.5410203,
          10.9395361
        ]
      },
      "id": "node/4845687822"
    },
    {
      "type": "Feature",
      "properties": {
        "@id": "node/4846840125",
        "amenity": "atm",
        "operator": "cty cp vn"
      },
      "geometry": {
        "type": "Point",
        "coordinates": [
          106.5406451,
          10.9390138
        ]
      },
      "id": "node/4846840125"
    },
    {
      "type": "Feature",
      "properties": {
        "@id": "node/4856837925",
        "amenity": "atm",
        "operator": "cty việt an thái"
      },
      "geometry": {
        "type": "Point",
        "coordinates": [
          106.6421428,
          11.101986
        ]
      },
      "id": "node/4856837925"
    },
    {
      "type": "Feature",
      "properties": {
        "@id": "node/4858791848",
        "amenity": "atm",
        "operator": "ACB"
      },
      "geometry": {
        "type": "Point",
        "coordinates": [
          106.8062759,
          10.8783587
        ]
      },
      "id": "node/4858791848"
    },
    {
      "type": "Feature",
      "properties": {
        "@id": "node/4869012922",
        "amenity": "atm",
        "name": "ATM Eximbank",
        "opening_hours": "24/7",
        "operator": "Eximbank"
      },
      "geometry": {
        "type": "Point",
        "coordinates": [
          106.6267742,
          10.7958846
        ]
      },
      "id": "node/4869012922"
    },
    {
      "type": "Feature",
      "properties": {
        "@id": "node/4869024246",
        "amenity": "atm",
        "name": "ATM Sacombank",
        "not:brand:wikidata": "Q6123772",
        "opening_hours": "24/7",
        "operator": "Sacombank"
      },
      "geometry": {
        "type": "Point",
        "coordinates": [
          106.627789,
          10.7958556
        ]
      },
      "id": "node/4869024246"
    },
    {
      "type": "Feature",
      "properties": {
        "@id": "node/4869574622",
        "amenity": "atm",
        "operator": "to vinh dien"
      },
      "geometry": {
        "type": "Point",
        "coordinates": [
          106.767682,
          10.8531782
        ]
      },
      "id": "node/4869574622"
    },
    {
      "type": "Feature",
      "properties": {
        "@id": "node/4869593321",
        "amenity": "atm",
        "operator": "binh mỹ"
      },
      "geometry": {
        "type": "Point",
        "coordinates": [
          106.6046767,
          10.9227603
        ]
      },
      "id": "node/4869593321"
    },
    {
      "type": "Feature",
      "properties": {
        "@id": "node/4869593621",
        "amenity": "atm",
        "operator": "nestle"
      },
      "geometry": {
        "type": "Point",
        "coordinates": [
          106.7664785,
          10.8519552
        ]
      },
      "id": "node/4869593621"
    },
    {
      "type": "Feature",
      "properties": {
        "@id": "node/4869815821",
        "amenity": "atm"
      },
      "geometry": {
        "type": "Point",
        "coordinates": [
          107.4667904,
          10.4967544
        ]
      },
      "id": "node/4869815821"
    },
    {
      "type": "Feature",
      "properties": {
        "@id": "node/4910066200",
        "amenity": "atm"
      },
      "geometry": {
        "type": "Point",
        "coordinates": [
          106.6636871,
          10.7873253
        ]
      },
      "id": "node/4910066200"
    },
    {
      "type": "Feature",
      "properties": {
        "@id": "node/4928710921",
        "amenity": "atm",
        "operator": "thái tân"
      },
      "geometry": {
        "type": "Point",
        "coordinates": [
          106.7745749,
          10.8361521
        ]
      },
      "id": "node/4928710921"
    },
    {
      "type": "Feature",
      "properties": {
        "@id": "node/4928711121",
        "amenity": "atm",
        "operator": "nusante"
      },
      "geometry": {
        "type": "Point",
        "coordinates": [
          106.6542568,
          11.1266729
        ]
      },
      "id": "node/4928711121"
    },
    {
      "type": "Feature",
      "properties": {
        "@id": "node/4948796122",
        "amenity": "atm",
        "operator": "cty cuộc sống xanh"
      },
      "geometry": {
        "type": "Point",
        "coordinates": [
          106.7547641,
          10.8214868
        ]
      },
      "id": "node/4948796122"
    },
    {
      "type": "Feature",
      "properties": {
        "@id": "node/4948797623",
        "amenity": "atm",
        "operator": "cty"
      },
      "geometry": {
        "type": "Point",
        "coordinates": [
          106.5942596,
          10.7892525
        ]
      },
      "id": "node/4948797623"
    },
    {
      "type": "Feature",
      "properties": {
        "@id": "node/4952479736",
        "amenity": "atm",
        "opening_hours": "24/7"
      },
      "geometry": {
        "type": "Point",
        "coordinates": [
          106.670698,
          10.767316
        ]
      },
      "id": "node/4952479736"
    },
    {
      "type": "Feature",
      "properties": {
        "@id": "node/4953956203",
        "amenity": "atm",
        "cash_in": "yes",
        "currency:VND": "yes",
        "name": "ATM ACB",
        "operator": "ACB Bank"
      },
      "geometry": {
        "type": "Point",
        "coordinates": [
          106.6793787,
          10.8274603
        ]
      },
      "id": "node/4953956203"
    },
    {
      "type": "Feature",
      "properties": {
        "@id": "node/4977072722",
        "amenity": "atm",
        "operator": "MB Military Bank"
      },
      "geometry": {
        "type": "Point",
        "coordinates": [
          106.7007957,
          10.7707626
        ]
      },
      "id": "node/4977072722"
    },
    {
      "type": "Feature",
      "properties": {
        "@id": "node/4988063823",
        "amenity": "atm"
      },
      "geometry": {
        "type": "Point",
        "coordinates": [
          106.6144859,
          10.7240193
        ]
      },
      "id": "node/4988063823"
    },
    {
      "type": "Feature",
      "properties": {
        "@id": "node/4996279321",
        "amenity": "atm"
      },
      "geometry": {
        "type": "Point",
        "coordinates": [
          106.6929845,
          10.7636326
        ]
      },
      "id": "node/4996279321"
    },
    {
      "type": "Feature",
      "properties": {
        "@id": "node/4998437222",
        "amenity": "atm",
        "operator": "MB Military Bank - No ATM fees"
      },
      "geometry": {
        "type": "Point",
        "coordinates": [
          106.678924,
          10.8183241
        ]
      },
      "id": "node/4998437222"
    },
    {
      "type": "Feature",
      "properties": {
        "@id": "node/5003536404",
        "amenity": "atm",
        "name": "ATM SeaBank"
      },
      "geometry": {
        "type": "Point",
        "coordinates": [
          106.6852176,
          10.7888905
        ]
      },
      "id": "node/5003536404"
    },
    {
      "type": "Feature",
      "properties": {
        "@id": "node/5003536411",
        "amenity": "atm"
      },
      "geometry": {
        "type": "Point",
        "coordinates": [
          106.6958686,
          10.7803113
        ]
      },
      "id": "node/5003536411"
    },
    {
      "type": "Feature",
      "properties": {
        "@id": "node/5003536416",
        "amenity": "atm",
        "brand": "VietinBank",
        "brand:wikidata": "Q7928459",
        "name": "VietinBank",
        "operator": "VietinBank",
        "operator:wikidata": "Q7928459"
      },
      "geometry": {
        "type": "Point",
        "coordinates": [
          106.6971704,
          10.7775974
        ]
      },
      "id": "node/5003536416"
    },
    {
      "type": "Feature",
      "properties": {
        "@id": "node/5041362127",
        "amenity": "atm"
      },
      "geometry": {
        "type": "Point",
        "coordinates": [
          106.6565729,
          10.788482
        ]
      },
      "id": "node/5041362127"
    },
    {
      "type": "Feature",
      "properties": {
        "@id": "node/5046439523",
        "amenity": "atm",
        "operator": "t"
      },
      "geometry": {
        "type": "Point",
        "coordinates": [
          106.7625295,
          10.8999295
        ]
      },
      "id": "node/5046439523"
    },
    {
      "type": "Feature",
      "properties": {
        "@id": "node/5047119521",
        "amenity": "atm",
        "operator": "Vietcombank"
      },
      "geometry": {
        "type": "Point",
        "coordinates": [
          106.7624735,
          10.899958
        ]
      },
      "id": "node/5047119521"
    },
    {
      "type": "Feature",
      "properties": {
        "@id": "node/5107033433",
        "amenity": "atm"
      },
      "geometry": {
        "type": "Point",
        "coordinates": [
          106.7626154,
          11.0521841
        ]
      },
      "id": "node/5107033433"
    },
    {
      "type": "Feature",
      "properties": {
        "@id": "node/5128008126",
        "amenity": "atm",
        "operator": "Cty kim ngoc"
      },
      "geometry": {
        "type": "Point",
        "coordinates": [
          106.6031881,
          10.8850612
        ]
      },
      "id": "node/5128008126"
    },
    {
      "type": "Feature",
      "properties": {
        "@id": "node/5172565523",
        "amenity": "atm",
        "operator": "BIDV"
      },
      "geometry": {
        "type": "Point",
        "coordinates": [
          106.806306,
          10.8784078
        ]
      },
      "id": "node/5172565523"
    },
    {
      "type": "Feature",
      "properties": {
        "@id": "node/5172597421",
        "amenity": "atm"
      },
      "geometry": {
        "type": "Point",
        "coordinates": [
          106.80629,
          10.8783824
        ]
      },
      "id": "node/5172597421"
    },
    {
      "type": "Feature",
      "properties": {
        "@id": "node/5189616026",
        "amenity": "atm"
      },
      "geometry": {
        "type": "Point",
        "coordinates": [
          106.6643632,
          10.8494757
        ]
      },
      "id": "node/5189616026"
    },
    {
      "type": "Feature",
      "properties": {
        "@id": "node/5189618421",
        "amenity": "atm"
      },
      "geometry": {
        "type": "Point",
        "coordinates": [
          106.6643632,
          10.8500641
        ]
      },
      "id": "node/5189618421"
    },
    {
      "type": "Feature",
      "properties": {
        "@id": "node/5205688523",
        "amenity": "atm"
      },
      "geometry": {
        "type": "Point",
        "coordinates": [
          106.6172707,
          10.730152
        ]
      },
      "id": "node/5205688523"
    },
    {
      "type": "Feature",
      "properties": {
        "@id": "node/5236224123",
        "amenity": "atm"
      },
      "geometry": {
        "type": "Point",
        "coordinates": [
          107.0329183,
          10.6385227
        ]
      },
      "id": "node/5236224123"
    },
    {
      "type": "Feature",
      "properties": {
        "@id": "node/5278781621",
        "amenity": "atm",
        "operator": "Vietcombank"
      },
      "geometry": {
        "type": "Point",
        "coordinates": [
          107.0728744,
          10.348613
        ]
      },
      "id": "node/5278781621"
    },
    {
      "type": "Feature",
      "properties": {
        "@id": "node/5285214021",
        "amenity": "atm"
      },
      "geometry": {
        "type": "Point",
        "coordinates": [
          106.6270652,
          10.8542669
        ]
      },
      "id": "node/5285214021"
    },
    {
      "type": "Feature",
      "properties": {
        "@id": "node/5308506121",
        "amenity": "atm",
        "operator": "ATM ACB"
      },
      "geometry": {
        "type": "Point",
        "coordinates": [
          106.6912187,
          10.7665137
        ]
      },
      "id": "node/5308506121"
    },
    {
      "type": "Feature",
      "properties": {
        "@id": "node/5308510422",
        "amenity": "atm",
        "operator": "ATM Techcombank"
      },
      "geometry": {
        "type": "Point",
        "coordinates": [
          106.6911981,
          10.7665339
        ]
      },
      "id": "node/5308510422"
    },
    {
      "type": "Feature",
      "properties": {
        "@id": "node/5308511521",
        "amenity": "atm",
        "not:brand:wikidata": "Q6123772",
        "operator": "ATM Sacombank"
      },
      "geometry": {
        "type": "Point",
        "coordinates": [
          106.69119,
          10.7665464
        ]
      },
      "id": "node/5308511521"
    },
    {
      "type": "Feature",
      "properties": {
        "@id": "node/5311889621",
        "amenity": "atm",
        "brand": "HSBC",
        "brand:wikidata": "Q190464",
        "operator": "HSBC",
        "operator:wikidata": "Q190464"
      },
      "geometry": {
        "type": "Point",
        "coordinates": [
          106.6939746,
          10.7673617
        ]
      },
      "id": "node/5311889621"
    },
    {
      "type": "Feature",
      "properties": {
        "@id": "node/5315515621",
        "amenity": "atm",
        "brand": "Techcombank",
        "brand:wikidata": "Q10541776",
        "cash_in": "yes",
        "check_date": "2025-08-26",
        "operator": "Techcombank",
        "operator:wikidata": "Q10541776"
      },
      "geometry": {
        "type": "Point",
        "coordinates": [
          106.6765541,
          10.7951397
        ]
      },
      "id": "node/5315515621"
    },
    {
      "type": "Feature",
      "properties": {
        "@id": "node/5317778621",
        "amenity": "atm",
        "operator": "BIDV"
      },
      "geometry": {
        "type": "Point",
        "coordinates": [
          106.6924892,
          10.7810946
        ]
      },
      "id": "node/5317778621"
    },
    {
      "type": "Feature",
      "properties": {
        "@id": "node/5317778721",
        "amenity": "atm",
        "operator": "Vietcombank"
      },
      "geometry": {
        "type": "Point",
        "coordinates": [
          106.6925218,
          10.7811234
        ]
      },
      "id": "node/5317778721"
    },
    {
      "type": "Feature",
      "properties": {
        "@id": "node/5334220022",
        "amenity": "atm"
      },
      "geometry": {
        "type": "Point",
        "coordinates": [
          106.6650128,
          10.9737814
        ]
      },
      "id": "node/5334220022"
    },
    {
      "type": "Feature",
      "properties": {
        "@id": "node/5349517790",
        "amenity": "atm",
        "brand": "Sacombank",
        "brand:wikidata": "Q6123772",
        "operator": "Sacombank",
        "operator:wikidata": "Q6123772"
      },
      "geometry": {
        "type": "Point",
        "coordinates": [
          106.6678825,
          10.7946725
        ]
      },
      "id": "node/5349517790"
    },
    {
      "type": "Feature",
      "properties": {
        "@id": "node/5349532624",
        "amenity": "atm",
        "operator": "ATM ACbank"
      },
      "geometry": {
        "type": "Point",
        "coordinates": [
          106.664861,
          10.7969674
        ]
      },
      "id": "node/5349532624"
    },
    {
      "type": "Feature",
      "properties": {
        "@id": "node/5350664341",
        "amenity": "atm",
        "brand": "BIDV",
        "brand:wikidata": "Q1003180",
        "operator": "BIDV",
        "operator:wikidata": "Q1003180"
      },
      "geometry": {
        "type": "Point",
        "coordinates": [
          106.6983036,
          10.8028151
        ]
      },
      "id": "node/5350664341"
    },
    {
      "type": "Feature",
      "properties": {
        "@id": "node/5350664470",
        "amenity": "atm",
        "brand": "Techcombank",
        "brand:wikidata": "Q10541776",
        "operator": "Techcombank",
        "operator:wikidata": "Q10541776"
      },
      "geometry": {
        "type": "Point",
        "coordinates": [
          106.6953071,
          10.7926918
        ]
      },
      "id": "node/5350664470"
    },
    {
      "type": "Feature",
      "properties": {
        "@id": "node/5350664496",
        "amenity": "atm"
      },
      "geometry": {
        "type": "Point",
        "coordinates": [
          106.6894556,
          10.7900214
        ]
      },
      "id": "node/5350664496"
    },
    {
      "type": "Feature",
      "properties": {
        "@id": "node/5352159363",
        "amenity": "atm"
      },
      "geometry": {
        "type": "Point",
        "coordinates": [
          106.6778764,
          10.7954432
        ]
      },
      "id": "node/5352159363"
    },
    {
      "type": "Feature",
      "properties": {
        "@id": "node/5352258507",
        "amenity": "atm",
        "check_date": "2025-08-26",
        "operator": "SHBbank"
      },
      "geometry": {
        "type": "Point",
        "coordinates": [
          106.6777344,
          10.7939043
        ]
      },
      "id": "node/5352258507"
    },
    {
      "type": "Feature",
      "properties": {
        "@id": "node/5352258508",
        "amenity": "atm",
        "brand": "ACB",
        "brand:wikidata": "Q727019",
        "operator": "ACB",
        "operator:wikidata": "Q727019"
      },
      "geometry": {
        "type": "Point",
        "coordinates": [
          106.6777853,
          10.7937306
        ]
      },
      "id": "node/5352258508"
    },
    {
      "type": "Feature",
      "properties": {
        "@id": "node/5352765376",
        "amenity": "atm",
        "operator": "OCB"
      },
      "geometry": {
        "type": "Point",
        "coordinates": [
          106.6655076,
          10.7735457
        ]
      },
      "id": "node/5352765376"
    },
    {
      "type": "Feature",
      "properties": {
        "@id": "node/5375615765",
        "amenity": "atm",
        "currency:VND": "yes",
        "operator": "Vietcombank"
      },
      "geometry": {
        "type": "Point",
        "coordinates": [
          106.7083896,
          10.7295141
        ]
      },
      "id": "node/5375615765"
    },
    {
      "type": "Feature",
      "properties": {
        "@id": "node/5375615766",
        "amenity": "atm",
        "currency:VND": "yes",
        "operator": "ABBank"
      },
      "geometry": {
        "type": "Point",
        "coordinates": [
          106.7075081,
          10.7292901
        ]
      },
      "id": "node/5375615766"
    },
    {
      "type": "Feature",
      "properties": {
        "@id": "node/5375615767",
        "amenity": "atm",
        "currency:VND": "yes",
        "operator": "Vietinbank"
      },
      "geometry": {
        "type": "Point",
        "coordinates": [
          106.7073943,
          10.7281658
        ]
      },
      "id": "node/5375615767"
    },
    {
      "type": "Feature",
      "properties": {
        "@id": "node/5413915822",
        "amenity": "atm",
        "brand": "VietinBank",
        "brand:wikidata": "Q7928459",
        "opening_hours": "24/7",
        "operator": "VietinBank",
        "operator:wikidata": "Q7928459"
      },
      "geometry": {
        "type": "Point",
        "coordinates": [
          106.6934484,
          10.7779607
        ]
      },
      "id": "node/5413915822"
    },
    {
      "type": "Feature",
      "properties": {
        "@id": "node/5413915925",
        "amenity": "atm",
        "brand": "HSBC",
        "brand:wikidata": "Q190464",
        "brand:wikipedia": "en:HSBC",
        "name": "HSBC",
        "opening_hours": "24/7",
        "operator": "HSBC",
        "operator:wikidata": "Q190464",
        "operator:wikipedia": "en:HSBC"
      },
      "geometry": {
        "type": "Point",
        "coordinates": [
          106.7000335,
          10.778627
        ]
      },
      "id": "node/5413915925"
    },
    {
      "type": "Feature",
      "properties": {
        "@id": "node/5413916121",
        "amenity": "atm",
        "brand": "ABBank",
        "brand:wikidata": "Q10800288",
        "opening_hours": "24/7",
        "operator": "ABBank",
        "operator:wikidata": "Q10800288"
      },
      "geometry": {
        "type": "Point",
        "coordinates": [
          106.693184,
          10.7776995
        ]
      },
      "id": "node/5413916121"
    },
    {
      "type": "Feature",
      "properties": {
        "@id": "node/5417843023",
        "amenity": "atm",
        "brand": "BIDV",
        "brand:wikidata": "Q1003180",
        "opening_hours": "24/7",
        "operator": "BIDV",
        "operator:wikidata": "Q1003180"
      },
      "geometry": {
        "type": "Point",
        "coordinates": [
          106.6874532,
          10.7547739
        ]
      },
      "id": "node/5417843023"
    },
    {
      "type": "Feature",
      "properties": {
        "@id": "node/5417843025",
        "amenity": "atm",
        "opening_hours": "24/7",
        "operator": "Agribank"
      },
      "geometry": {
        "type": "Point",
        "coordinates": [
          106.6929563,
          10.759328
        ]
      },
      "id": "node/5417843025"
    },
    {
      "type": "Feature",
      "properties": {
        "@id": "node/5417843221",
        "amenity": "atm",
        "opening_hours": "24/7",
        "operator": "LienVietPostBank"
      },
      "geometry": {
        "type": "Point",
        "coordinates": [
          106.6881905,
          10.7595467
        ]
      },
      "id": "node/5417843221"
    },
    {
      "type": "Feature",
      "properties": {
        "@id": "node/5419608023",
        "amenity": "atm",
        "opening_hours": "24/7",
        "operator": "Indovina Bank"
      },
      "geometry": {
        "type": "Point",
        "coordinates": [
          106.6945772,
          10.7714491
        ]
      },
      "id": "node/5419608023"
    },
    {
      "type": "Feature",
      "properties": {
        "@id": "node/5419608522",
        "amenity": "atm",
        "brand": "HSBC",
        "brand:wikidata": "Q190464",
        "name": "HSBC",
        "opening_hours": "24/7",
        "operator": "HSBC",
        "operator:wikidata": "Q190464"
      },
      "geometry": {
        "type": "Point",
        "coordinates": [
          106.6969468,
          10.7713579
        ]
      },
      "id": "node/5419608522"
    },
    {
      "type": "Feature",
      "properties": {
        "@id": "node/5419917121",
        "amenity": "atm"
      },
      "geometry": {
        "type": "Point",
        "coordinates": [
          106.6834969,
          10.8127512
        ]
      },
      "id": "node/5419917121"
    },
    {
      "type": "Feature",
      "properties": {
        "@id": "node/5431124921",
        "amenity": "atm"
      },
      "geometry": {
        "type": "Point",
        "coordinates": [
          106.6946386,
          10.7762696
        ]
      },
      "id": "node/5431124921"
    },
    {
      "type": "Feature",
      "properties": {
        "@id": "node/5431393522",
        "amenity": "atm",
        "brand": "Techcombank",
        "brand:wikidata": "Q10541776",
        "name": "Techcombank",
        "opening_hours": "24/7",
        "operator": "Techcombank",
        "operator:wikidata": "Q10541776"
      },
      "geometry": {
        "type": "Point",
        "coordinates": [
          106.6932934,
          10.768741
        ]
      },
      "id": "node/5431393522"
    },
    {
      "type": "Feature",
      "properties": {
        "@id": "node/5433165626",
        "amenity": "atm",
        "opening_hours": "24/7",
        "operator": "VietinBank"
      },
      "geometry": {
        "type": "Point",
        "coordinates": [
          106.6654741,
          10.7425454
        ]
      },
      "id": "node/5433165626"
    },
    {
      "type": "Feature",
      "properties": {
        "@id": "node/5537927789",
        "amenity": "atm",
        "name": "Agribank",
        "opening_hours": "24/7",
        "operator": "Agribank"
      },
      "geometry": {
        "type": "Point",
        "coordinates": [
          107.1674319,
          10.4970782
        ]
      },
      "id": "node/5537927789"
    },
    {
      "type": "Feature",
      "properties": {
        "@id": "node/5537927790",
        "amenity": "atm",
        "name": "Techcombank",
        "opening_hours": "24/7",
        "operator": "Techcombank"
      },
      "geometry": {
        "type": "Point",
        "coordinates": [
          107.1673165,
          10.4971086
        ]
      },
      "id": "node/5537927790"
    },
    {
      "type": "Feature",
      "properties": {
        "@id": "node/5539051725",
        "amenity": "atm",
        "operator": "Bai tam Long cung"
      },
      "geometry": {
        "type": "Point",
        "coordinates": [
          107.1266419,
          10.3733481
        ]
      },
      "id": "node/5539051725"
    },
    {
      "type": "Feature",
      "properties": {
        "@id": "node/5552599298",
        "amenity": "atm",
        "name": "Agribank"
      },
      "geometry": {
        "type": "Point",
        "coordinates": [
          107.0904203,
          10.3762022
        ]
      },
      "id": "node/5552599298"
    },
    {
      "type": "Feature",
      "properties": {
        "@id": "node/5556791857",
        "amenity": "atm",
        "name": "Vikki Bank",
        "operator": "Vikki Bank"
      },
      "geometry": {
        "type": "Point",
        "coordinates": [
          107.0764768,
          10.3495313
        ]
      },
      "id": "node/5556791857"
    },
    {
      "type": "Feature",
      "properties": {
        "@id": "node/5563862022",
        "amenity": "atm",
        "brand": "VietinBank",
        "brand:wikidata": "Q7928459",
        "name": "VietinBank",
        "opening_hours": "24/7",
        "operator": "VietinBank",
        "operator:wikidata": "Q7928459"
      },
      "geometry": {
        "type": "Point",
        "coordinates": [
          106.6654144,
          10.8133691
        ]
      },
      "id": "node/5563862022"
    },
    {
      "type": "Feature",
      "properties": {
        "@id": "node/5594543621",
        "amenity": "atm",
        "operator": "Agribank"
      },
      "geometry": {
        "type": "Point",
        "coordinates": [
          106.6867702,
          10.7681312
        ]
      },
      "id": "node/5594543621"
    },
    {
      "type": "Feature",
      "properties": {
        "@id": "node/5598916101",
        "amenity": "atm"
      },
      "geometry": {
        "type": "Point",
        "coordinates": [
          106.6702871,
          10.7724582
        ]
      },
      "id": "node/5598916101"
    },
    {
      "type": "Feature",
      "properties": {
        "@id": "node/5602116390",
        "amenity": "atm",
        "opening_hours": "24/7",
        "operator": "BIDV"
      },
      "geometry": {
        "type": "Point",
        "coordinates": [
          107.0475787,
          10.6347433
        ]
      },
      "id": "node/5602116390"
    },
    {
      "type": "Feature",
      "properties": {
        "@id": "node/5602116619",
        "amenity": "atm",
        "check_date": "2022-10-03",
        "operator": "Sacombank"
      },
      "geometry": {
        "type": "Point",
        "coordinates": [
          107.0543942,
          10.6038646
        ]
      },
      "id": "node/5602116619"
    },
    {
      "type": "Feature",
      "properties": {
        "@id": "node/5602116724",
        "amenity": "atm",
        "check_date": "2022-10-03",
        "operator": "VietinBank"
      },
      "geometry": {
        "type": "Point",
        "coordinates": [
          107.0544451,
          10.6022221
        ]
      },
      "id": "node/5602116724"
    },
    {
      "type": "Feature",
      "properties": {
        "@id": "node/5602116732",
        "amenity": "atm",
        "operator": "ACB"
      },
      "geometry": {
        "type": "Point",
        "coordinates": [
          107.0544666,
          10.5979722
        ]
      },
      "id": "node/5602116732"
    },
    {
      "type": "Feature",
      "properties": {
        "@id": "node/5602116735",
        "amenity": "atm",
        "operator": "SCB"
      },
      "geometry": {
        "type": "Point",
        "coordinates": [
          107.0543888,
          10.5974976
        ]
      },
      "id": "node/5602116735"
    },
    {
      "type": "Feature",
      "properties": {
        "@id": "node/5648749821",
        "amenity": "atm",
        "brand": "Sacombank",
        "brand:wikidata": "Q6123772",
        "opening_hours": "24/7",
        "operator": "Sacombank",
        "operator:wikidata": "Q6123772"
      },
      "geometry": {
        "type": "Point",
        "coordinates": [
          106.7336714,
          10.7019283
        ]
      },
      "id": "node/5648749821"
    },
    {
      "type": "Feature",
      "properties": {
        "@id": "node/5707739423",
        "amenity": "atm",
        "name": "ATM Vietcombank",
        "not:brand:wikidata": "Q6122995",
        "opening_hours": "24/7",
        "operator": "Vietcombank"
      },
      "geometry": {
        "type": "Point",
        "coordinates": [
          106.5935571,
          10.8263549
        ]
      },
      "id": "node/5707739423"
    },
    {
      "type": "Feature",
      "properties": {
        "@id": "node/5825001954",
        "amenity": "atm"
      },
      "geometry": {
        "type": "Point",
        "coordinates": [
          106.6614836,
          10.7621286
        ]
      },
      "id": "node/5825001954"
    },
    {
      "type": "Feature",
      "properties": {
        "@id": "node/5923151485",
        "amenity": "atm"
      },
      "geometry": {
        "type": "Point",
        "coordinates": [
          106.7143638,
          10.7406009
        ]
      },
      "id": "node/5923151485"
    },
    {
      "type": "Feature",
      "properties": {
        "@id": "node/6025007605",
        "amenity": "atm",
        "name": "ATM Agribank",
        "operator": "Agribank"
      },
      "geometry": {
        "type": "Point",
        "coordinates": [
          106.7052551,
          10.769626
        ]
      },
      "id": "node/6025007605"
    },
    {
      "type": "Feature",
      "properties": {
        "@id": "node/6026307785",
        "amenity": "atm"
      },
      "geometry": {
        "type": "Point",
        "coordinates": [
          106.725398,
          10.7741819
        ]
      },
      "id": "node/6026307785"
    },
    {
      "type": "Feature",
      "properties": {
        "@id": "node/6078124185",
        "amenity": "atm",
        "operator": "MB Bank"
      },
      "geometry": {
        "type": "Point",
        "coordinates": [
          106.7333562,
          10.8035674
        ]
      },
      "id": "node/6078124185"
    },
    {
      "type": "Feature",
      "properties": {
        "@id": "node/6220763431",
        "amenity": "atm"
      },
      "geometry": {
        "type": "Point",
        "coordinates": [
          106.7203244,
          10.7951082
        ]
      },
      "id": "node/6220763431"
    },
    {
      "type": "Feature",
      "properties": {
        "@id": "node/6284306089",
        "amenity": "atm"
      },
      "geometry": {
        "type": "Point",
        "coordinates": [
          106.6646214,
          10.8093643
        ]
      },
      "id": "node/6284306089"
    },
    {
      "type": "Feature",
      "properties": {
        "@id": "node/6297142828",
        "amenity": "atm",
        "operator": "VietinBank"
      },
      "geometry": {
        "type": "Point",
        "coordinates": [
          106.6924633,
          10.7835354
        ]
      },
      "id": "node/6297142828"
    },
    {
      "type": "Feature",
      "properties": {
        "@id": "node/6297144210",
        "amenity": "atm"
      },
      "geometry": {
        "type": "Point",
        "coordinates": [
          106.694581,
          10.7711857
        ]
      },
      "id": "node/6297144210"
    },
    {
      "type": "Feature",
      "properties": {
        "@id": "node/6315388800",
        "amenity": "atm"
      },
      "geometry": {
        "type": "Point",
        "coordinates": [
          106.6889911,
          10.7739692
        ]
      },
      "id": "node/6315388800"
    },
    {
      "type": "Feature",
      "properties": {
        "@id": "node/6315388831",
        "amenity": "atm",
        "operator": "Vietcom"
      },
      "geometry": {
        "type": "Point",
        "coordinates": [
          106.6969786,
          10.7696261
        ]
      },
      "id": "node/6315388831"
    },
    {
      "type": "Feature",
      "properties": {
        "@id": "node/6315390592",
        "amenity": "atm",
        "operator": "techcom"
      },
      "geometry": {
        "type": "Point",
        "coordinates": [
          106.6869746,
          10.7632509
        ]
      },
      "id": "node/6315390592"
    },
    {
      "type": "Feature",
      "properties": {
        "@id": "node/6315672869",
        "amenity": "atm"
      },
      "geometry": {
        "type": "Point",
        "coordinates": [
          106.6652217,
          10.7720423
        ]
      },
      "id": "node/6315672869"
    },
    {
      "type": "Feature",
      "properties": {
        "@id": "node/6315685195",
        "amenity": "atm",
        "operator": "ATM sacom"
      },
      "geometry": {
        "type": "Point",
        "coordinates": [
          106.6929135,
          10.7751162
        ]
      },
      "id": "node/6315685195"
    },
    {
      "type": "Feature",
      "properties": {
        "@id": "node/6318161297",
        "amenity": "atm",
        "brand": "SHB",
        "brand:wikidata": "Q124465825",
        "operator": "SHB",
        "operator:wikidata": "Q124465825"
      },
      "geometry": {
        "type": "Point",
        "coordinates": [
          106.702708,
          10.7702251
        ]
      },
      "id": "node/6318161297"
    },
    {
      "type": "Feature",
      "properties": {
        "@id": "node/6339715688",
        "amenity": "atm"
      },
      "geometry": {
        "type": "Point",
        "coordinates": [
          106.7629683,
          10.8889658
        ]
      },
      "id": "node/6339715688"
    },
    {
      "type": "Feature",
      "properties": {
        "@id": "node/6420691886",
        "amenity": "atm",
        "brand": "VPBank",
        "brand:wikidata": "Q20025914",
        "opening_hours": "24/7",
        "operator": "VPBank",
        "operator:wikidata": "Q20025914"
      },
      "geometry": {
        "type": "Point",
        "coordinates": [
          106.6985996,
          10.7776343
        ]
      },
      "id": "node/6420691886"
    },
    {
      "type": "Feature",
      "properties": {
        "@id": "node/6420693985",
        "amenity": "atm",
        "brand": "MSB",
        "brand:wikidata": "Q10800277",
        "operator": "MSB",
        "operator:wikidata": "Q10800277"
      },
      "geometry": {
        "type": "Point",
        "coordinates": [
          106.698619,
          10.7776569
        ]
      },
      "id": "node/6420693985"
    },
    {
      "type": "Feature",
      "properties": {
        "@id": "node/6432070185",
        "amenity": "atm",
        "name": "ATM DongAbank"
      },
      "geometry": {
        "type": "Point",
        "coordinates": [
          106.6920935,
          10.7839005
        ]
      },
      "id": "node/6432070185"
    },
    {
      "type": "Feature",
      "properties": {
        "@id": "node/6432070285",
        "amenity": "atm",
        "operator": "VietinBank"
      },
      "geometry": {
        "type": "Point",
        "coordinates": [
          106.6924667,
          10.7835474
        ]
      },
      "id": "node/6432070285"
    },
    {
      "type": "Feature",
      "properties": {
        "@id": "node/6432070286",
        "amenity": "atm",
        "operator": "Vietcombank"
      },
      "geometry": {
        "type": "Point",
        "coordinates": [
          106.6926172,
          10.783397
        ]
      },
      "id": "node/6432070286"
    },
    {
      "type": "Feature",
      "properties": {
        "@id": "node/6434915287",
        "amenity": "atm",
        "operator": "Agribank"
      },
      "geometry": {
        "type": "Point",
        "coordinates": [
          107.4082481,
          10.5379928
        ]
      },
      "id": "node/6434915287"
    },
    {
      "type": "Feature",
      "properties": {
        "@id": "node/6434915288",
        "amenity": "atm",
        "operator": "VietinBank"
      },
      "geometry": {
        "type": "Point",
        "coordinates": [
          107.4095607,
          10.5381422
        ]
      },
      "id": "node/6434915288"
    },
    {
      "type": "Feature",
      "properties": {
        "@id": "node/6468374665",
        "amenity": "atm",
        "operator": "Sacombank"
      },
      "geometry": {
        "type": "Point",
        "coordinates": [
          106.6925428,
          10.7644113
        ]
      },
      "id": "node/6468374665"
    },
    {
      "type": "Feature",
      "properties": {
        "@id": "node/6468374668",
        "amenity": "atm",
        "brand": "Agribank",
        "brand:wikidata": "Q1924723",
        "name": "Agribank",
        "note": "inside jewelry shop",
        "official_name": "Ngân hàng Nông nghiệp và Phát triển Nông thôn Việt Nam",
        "official_name:en": "Vietnam Bank for Agriculture and Rural Development",
        "operator": "Agribank",
        "operator:wikidata": "Q1924723"
      },
      "geometry": {
        "type": "Point",
        "coordinates": [
          106.6973821,
          10.7731077
        ]
      },
      "id": "node/6468374668"
    },
    {
      "type": "Feature",
      "properties": {
        "@id": "node/6468374674",
        "amenity": "atm",
        "brand": "SeABank",
        "brand:wikidata": "Q10800276",
        "operator": "SeABank",
        "operator:wikidata": "Q10800276"
      },
      "geometry": {
        "type": "Point",
        "coordinates": [
          106.6963825,
          10.8027458
        ]
      },
      "id": "node/6468374674"
    },
    {
      "type": "Feature",
      "properties": {
        "@id": "node/6468374678",
        "amenity": "atm",
        "brand": "VIB",
        "brand:wikidata": "Q49054349",
        "check_date": "2025-05-30",
        "operator": "VIB",
        "operator:wikidata": "Q49054349"
      },
      "geometry": {
        "type": "Point",
        "coordinates": [
          106.7090169,
          10.7921556
        ]
      },
      "id": "node/6468374678"
    },
    {
      "type": "Feature",
      "properties": {
        "@id": "node/6469596287",
        "amenity": "atm"
      },
      "geometry": {
        "type": "Point",
        "coordinates": [
          106.679254,
          10.7684518
        ]
      },
      "id": "node/6469596287"
    },
    {
      "type": "Feature",
      "properties": {
        "@id": "node/6534003190",
        "amenity": "atm"
      },
      "geometry": {
        "type": "Point",
        "coordinates": [
          106.5880507,
          10.6579539
        ]
      },
      "id": "node/6534003190"
    },
    {
      "type": "Feature",
      "properties": {
        "@id": "node/6534004687",
        "amenity": "atm"
      },
      "geometry": {
        "type": "Point",
        "coordinates": [
          106.6127311,
          10.7263115
        ]
      },
      "id": "node/6534004687"
    },
    {
      "type": "Feature",
      "properties": {
        "@id": "node/6699586101",
        "amenity": "atm",
        "operator": "VietinBank"
      },
      "geometry": {
        "type": "Point",
        "coordinates": [
          106.6332085,
          10.8306416
        ]
      },
      "id": "node/6699586101"
    },
    {
      "type": "Feature",
      "properties": {
        "@id": "node/6699586162",
        "amenity": "atm",
        "operator": "ACB"
      },
      "geometry": {
        "type": "Point",
        "coordinates": [
          106.6334925,
          10.8312472
        ]
      },
      "id": "node/6699586162"
    },
    {
      "type": "Feature",
      "properties": {
        "@id": "node/6704330244",
        "amenity": "atm",
        "brand": "VIB",
        "brand:wikidata": "Q49054349",
        "operator": "VIB",
        "operator:wikidata": "Q49054349"
      },
      "geometry": {
        "type": "Point",
        "coordinates": [
          106.6756938,
          10.7956601
        ]
      },
      "id": "node/6704330244"
    },
    {
      "type": "Feature",
      "properties": {
        "@id": "node/6724918034",
        "addr:street": "Vành Đai Trong",
        "amenity": "atm",
        "name": "ATM VietA Bank"
      },
      "geometry": {
        "type": "Point",
        "coordinates": [
          106.6149545,
          10.7513186
        ]
      },
      "id": "node/6724918034"
    },
    {
      "type": "Feature",
      "properties": {
        "@id": "node/6725031187",
        "addr:street": "Đường Hòa Bình",
        "amenity": "atm",
        "not:brand:wikidata": "Q6123772",
        "operator": "Sacombank"
      },
      "geometry": {
        "type": "Point",
        "coordinates": [
          106.6403597,
          10.7675288
        ]
      },
      "id": "node/6725031187"
    },
    {
      "type": "Feature",
      "properties": {
        "@id": "node/6726821906",
        "addr:street": "Vành Đai Trong",
        "amenity": "atm",
        "name": "ATM VPBank"
      },
      "geometry": {
        "type": "Point",
        "coordinates": [
          106.6154802,
          10.7512949
        ]
      },
      "id": "node/6726821906"
    },
    {
      "type": "Feature",
      "properties": {
        "@id": "node/6726821911",
        "addr:street": "Vành Đai Trong",
        "amenity": "atm",
        "brand": "Techcombank",
        "brand:wikidata": "Q10541776",
        "name": "Techcombank",
        "opening_hours": "24/7",
        "operator": "Techcombank",
        "operator:wikidata": "Q10541776"
      },
      "geometry": {
        "type": "Point",
        "coordinates": [
          106.6154788,
          10.7503278
        ]
      },
      "id": "node/6726821911"
    },
    {
      "type": "Feature",
      "properties": {
        "@id": "node/6726974351",
        "addr:street": "Đường Kinh Dương Vương",
        "amenity": "atm",
        "name": "ATM VPBank"
      },
      "geometry": {
        "type": "Point",
        "coordinates": [
          106.6273195,
          10.748777
        ]
      },
      "id": "node/6726974351"
    },
    {
      "type": "Feature",
      "properties": {
        "@id": "node/6727420598",
        "addr:street": "Đường Kinh Dương Vương",
        "amenity": "atm",
        "name": "ATM AB Bank"
      },
      "geometry": {
        "type": "Point",
        "coordinates": [
          106.6153917,
          10.7389293
        ]
      },
      "id": "node/6727420598"
    },
    {
      "type": "Feature",
      "properties": {
        "@id": "node/6727444986",
        "addr:street": "Đường số 17A",
        "amenity": "atm",
        "brand": "Techcombank",
        "brand:wikidata": "Q10541776",
        "name": "Techcombank",
        "opening_hours": "24/7",
        "operator": "Techcombank",
        "operator:wikidata": "Q10541776"
      },
      "geometry": {
        "type": "Point",
        "coordinates": [
          106.6102901,
          10.7428334
        ]
      },
      "id": "node/6727444986"
    },
    {
      "type": "Feature",
      "properties": {
        "@id": "node/6732434634",
        "addr:street": "Đường Lê Văn Quới",
        "amenity": "atm",
        "brand": "Techcombank",
        "brand:wikidata": "Q10541776",
        "name": "Techcombank",
        "opening_hours": "24/7",
        "operator": "Techcombank",
        "operator:wikidata": "Q10541776"
      },
      "geometry": {
        "type": "Point",
        "coordinates": [
          106.6120671,
          10.7760338
        ]
      },
      "id": "node/6732434634"
    },
    {
      "type": "Feature",
      "properties": {
        "@id": "node/6739256302",
        "addr:street": "Đường Hòa Bình",
        "amenity": "atm",
        "operator": "Ngân Hàng Đông Á - Hoà Bình"
      },
      "geometry": {
        "type": "Point",
        "coordinates": [
          106.6235858,
          10.7730827
        ]
      },
      "id": "node/6739256302"
    },
    {
      "type": "Feature",
      "properties": {
        "@id": "node/6750087317",
        "addr:street": "Đường Hồng Bàng",
        "amenity": "atm",
        "brand": "BIDV",
        "brand:wikidata": "Q1003180",
        "name": "ATM BIDV",
        "official_name": "Ngân hàng Đầu tư và Phát triển Việt Nam",
        "official_name:en": "Bank for Investment and Development of Vietnam",
        "official_name:vi": "Ngân hàng Đầu tư và Phát triển Việt Nam",
        "operator": "BIDV",
        "operator:wikidata": "Q1003180"
      },
      "geometry": {
        "type": "Point",
        "coordinates": [
          106.6504569,
          10.7536224
        ]
      },
      "id": "node/6750087317"
    },
    {
      "type": "Feature",
      "properties": {
        "@id": "node/6750863835",
        "addr:street": "Đường Lê Đại Hành",
        "amenity": "atm",
        "brand": "Sacombank",
        "brand:wikidata": "Q6123772",
        "brand:wikipedia": "vi:Ngân hàng thương mại cổ phần Sài Gòn Thương Tín",
        "name": "ATM Sacombank",
        "operator": "Sacombank",
        "operator:wikidata": "Q6123772",
        "operator:wikipedia": "vi:Ngân hàng thương mại cổ phần Sài Gòn Thương Tín"
      },
      "geometry": {
        "type": "Point",
        "coordinates": [
          106.6541342,
          10.7661369
        ]
      },
      "id": "node/6750863835"
    },
    {
      "type": "Feature",
      "properties": {
        "@id": "node/6751287635",
        "addr:street": "Đường số 9",
        "amenity": "atm",
        "brand": "VietinBank",
        "brand:wikidata": "Q7928459",
        "name": "VietinBank",
        "operator": "VietinBank",
        "operator:wikidata": "Q7928459"
      },
      "geometry": {
        "type": "Point",
        "coordinates": [
          106.6559654,
          10.8444862
        ]
      },
      "id": "node/6751287635"
    },
    {
      "type": "Feature",
      "properties": {
        "@id": "node/6753809056",
        "addr:street": "Đường D1",
        "amenity": "atm",
        "atm": "yes",
        "name": "Vietcom Bank"
      },
      "geometry": {
        "type": "Point",
        "coordinates": [
          106.7997412,
          10.8496323
        ]
      },
      "id": "node/6753809056"
    },
    {
      "type": "Feature",
      "properties": {
        "@id": "node/6753809057",
        "addr:street": "Đường D1",
        "amenity": "atm",
        "atm": "yes",
        "brand": "BIDV",
        "name": "BIDV",
        "not:brand:wikidata": "Q1003180",
        "official_name": "Ngân hàng Đầu tư và Phát triển Việt Nam",
        "official_name:en": "Bank for Investment and Development of Vietnam",
        "official_name:vi": "Ngân hàng Đầu tư và Phát triển Việt Nam",
        "operator": "ATM BIDV",
        "operator:wikipedia": "vi:Ngân hàng Thương mại cổ phần Đầu tư và Phát triển Việt Nam"
      },
      "geometry": {
        "type": "Point",
        "coordinates": [
          106.8001214,
          10.8492846
        ]
      },
      "id": "node/6753809057"
    },
    {
      "type": "Feature",
      "properties": {
        "@id": "node/6759753423",
        "addr:street": "Đường Nguyễn Văn Lượng",
        "amenity": "atm",
        "brand": "Vietcombank",
        "brand:wikidata": "Q6122995",
        "name": "Vietcombank",
        "operator": "Vietcombank",
        "operator:wikidata": "Q6122995"
      },
      "geometry": {
        "type": "Point",
        "coordinates": [
          106.672402,
          10.8387328
        ]
      },
      "id": "node/6759753423"
    },
    {
      "type": "Feature",
      "properties": {
        "@id": "node/6770834785",
        "amenity": "atm"
      },
      "geometry": {
        "type": "Point",
        "coordinates": [
          106.6677375,
          10.9784264
        ]
      },
      "id": "node/6770834785"
    },
    {
      "type": "Feature",
      "properties": {
        "@id": "node/6772699079",
        "addr:street": "Đường Quang Trung",
        "amenity": "atm",
        "name": "ATM DongA Bank"
      },
      "geometry": {
        "type": "Point",
        "coordinates": [
          106.6689063,
          10.8313415
        ]
      },
      "id": "node/6772699079"
    },
    {
      "type": "Feature",
      "properties": {
        "@id": "node/6774924207",
        "addr:street": "Đường Nguyễn Oanh",
        "amenity": "atm",
        "name": "ATM MSB Bank"
      },
      "geometry": {
        "type": "Point",
        "coordinates": [
          106.677049,
          10.843549
        ]
      },
      "id": "node/6774924207"
    },
    {
      "type": "Feature",
      "properties": {
        "@id": "node/6775815605",
        "addr:street": "Đường Nguyễn Trãi",
        "amenity": "atm",
        "brand": "Vietcombank",
        "brand:wikidata": "Q6122995",
        "operator": "Vietcombank",
        "operator:wikidata": "Q6122995"
      },
      "geometry": {
        "type": "Point",
        "coordinates": [
          106.6700511,
          10.7547495
        ]
      },
      "id": "node/6775815605"
    },
    {
      "type": "Feature",
      "properties": {
        "@id": "node/6783158158",
        "addr:street": "Đường Ngô Thị Nhạn",
        "amenity": "atm",
        "name": "ATM Viettinbank",
        "not:brand:wikidata": "Q7928459",
        "operator": "ATM - Viettinbank"
      },
      "geometry": {
        "type": "Point",
        "coordinates": [
          106.7199562,
          10.7516507
        ]
      },
      "id": "node/6783158158"
    },
    {
      "type": "Feature",
      "properties": {
        "@id": "node/6783826305",
        "amenity": "atm",
        "brand": "Agribank",
        "brand:wikidata": "Q1924723",
        "name": "Agribank",
        "official_name": "Ngân hàng Nông nghiệp và Phát triển Nông thôn Việt Nam",
        "official_name:en": "Vietnam Bank for Agriculture and Rural Development",
        "operator": "Agribank",
        "operator:wikidata": "Q1924723"
      },
      "geometry": {
        "type": "Point",
        "coordinates": [
          106.7104565,
          10.7450219
        ]
      },
      "id": "node/6783826305"
    },
    {
      "type": "Feature",
      "properties": {
        "@id": "node/6786461015",
        "amenity": "atm",
        "brand": "TechcomBank",
        "name": "TechcomBank"
      },
      "geometry": {
        "type": "Point",
        "coordinates": [
          106.7037584,
          10.7405836
        ]
      },
      "id": "node/6786461015"
    },
    {
      "type": "Feature",
      "properties": {
        "@id": "node/6786461016",
        "amenity": "atm",
        "brand": "VPBank",
        "name": "ATM VPBank"
      },
      "geometry": {
        "type": "Point",
        "coordinates": [
          106.7037161,
          10.7402153
        ]
      },
      "id": "node/6786461016"
    },
    {
      "type": "Feature",
      "properties": {
        "@id": "node/6817334139",
        "amenity": "atm",
        "name": "Sacombank"
      },
      "geometry": {
        "type": "Point",
        "coordinates": [
          107.2414246,
          10.6484239
        ]
      },
      "id": "node/6817334139"
    },
    {
      "type": "Feature",
      "properties": {
        "@id": "node/6817334189",
        "amenity": "atm",
        "name": "Agribank"
      },
      "geometry": {
        "type": "Point",
        "coordinates": [
          107.2376883,
          10.6490163
        ]
      },
      "id": "node/6817334189"
    },
    {
      "type": "Feature",
      "properties": {
        "@id": "node/6899540421",
        "amenity": "atm",
        "name": "Sacombank"
      },
      "geometry": {
        "type": "Point",
        "coordinates": [
          107.2688569,
          10.3966196
        ]
      },
      "id": "node/6899540421"
    },
    {
      "type": "Feature",
      "properties": {
        "@id": "node/6942776849",
        "amenity": "atm",
        "name": "Agribank"
      },
      "geometry": {
        "type": "Point",
        "coordinates": [
          107.1734279,
          10.4909899
        ]
      },
      "id": "node/6942776849"
    },
    {
      "type": "Feature",
      "properties": {
        "@id": "node/6948370486",
        "amenity": "atm"
      },
      "geometry": {
        "type": "Point",
        "coordinates": [
          106.7141474,
          10.8062965
        ]
      },
      "id": "node/6948370486"
    },
    {
      "type": "Feature",
      "properties": {
        "@id": "node/6948372787",
        "amenity": "atm"
      },
      "geometry": {
        "type": "Point",
        "coordinates": [
          106.5854238,
          10.796147
        ]
      },
      "id": "node/6948372787"
    },
    {
      "type": "Feature",
      "properties": {
        "@id": "node/6948408585",
        "amenity": "atm"
      },
      "geometry": {
        "type": "Point",
        "coordinates": [
          106.5224853,
          11.3264254
        ]
      },
      "id": "node/6948408585"
    },
    {
      "type": "Feature",
      "properties": {
        "@id": "node/6948408587",
        "amenity": "atm"
      },
      "geometry": {
        "type": "Point",
        "coordinates": [
          106.6373932,
          10.7486123
        ]
      },
      "id": "node/6948408587"
    },
    {
      "type": "Feature",
      "properties": {
        "@id": "node/6948408590",
        "amenity": "atm"
      },
      "geometry": {
        "type": "Point",
        "coordinates": [
          106.7629325,
          10.8430321
        ]
      },
      "id": "node/6948408590"
    },
    {
      "type": "Feature",
      "properties": {
        "@id": "node/6948408591",
        "amenity": "atm"
      },
      "geometry": {
        "type": "Point",
        "coordinates": [
          106.7110588,
          10.7896619
        ]
      },
      "id": "node/6948408591"
    },
    {
      "type": "Feature",
      "properties": {
        "@id": "node/6948408592",
        "amenity": "atm"
      },
      "geometry": {
        "type": "Point",
        "coordinates": [
          106.657276,
          10.7873921
        ]
      },
      "id": "node/6948408592"
    },
    {
      "type": "Feature",
      "properties": {
        "@id": "node/6948408593",
        "amenity": "atm"
      },
      "geometry": {
        "type": "Point",
        "coordinates": [
          106.6864826,
          10.7725078
        ]
      },
      "id": "node/6948408593"
    },
    {
      "type": "Feature",
      "properties": {
        "@id": "node/6948408597",
        "amenity": "atm"
      },
      "geometry": {
        "type": "Point",
        "coordinates": [
          107.0478999,
          10.6358674
        ]
      },
      "id": "node/6948408597"
    },
    {
      "type": "Feature",
      "properties": {
        "@id": "node/6948408686",
        "amenity": "atm"
      },
      "geometry": {
        "type": "Point",
        "coordinates": [
          106.6331624,
          10.7476123
        ]
      },
      "id": "node/6948408686"
    },
    {
      "type": "Feature",
      "properties": {
        "@id": "node/6948408785",
        "amenity": "atm"
      },
      "geometry": {
        "type": "Point",
        "coordinates": [
          106.7963807,
          10.8499661
        ]
      },
      "id": "node/6948408785"
    },
    {
      "type": "Feature",
      "properties": {
        "@id": "node/6948408888",
        "amenity": "atm"
      },
      "geometry": {
        "type": "Point",
        "coordinates": [
          106.6347745,
          11.0433829
        ]
      },
      "id": "node/6948408888"
    },
    {
      "type": "Feature",
      "properties": {
        "@id": "node/6948408889",
        "amenity": "atm"
      },
      "geometry": {
        "type": "Point",
        "coordinates": [
          107.1920323,
          10.5928017
        ]
      },
      "id": "node/6948408889"
    },
    {
      "type": "Feature",
      "properties": {
        "@id": "node/6948408892",
        "amenity": "atm"
      },
      "geometry": {
        "type": "Point",
        "coordinates": [
          106.6642489,
          10.7529041
        ]
      },
      "id": "node/6948408892"
    },
    {
      "type": "Feature",
      "properties": {
        "@id": "node/6948408893",
        "amenity": "atm"
      },
      "geometry": {
        "type": "Point",
        "coordinates": [
          106.7281196,
          11.3426747
        ]
      },
      "id": "node/6948408893"
    },
    {
      "type": "Feature",
      "properties": {
        "@id": "node/6948408894",
        "amenity": "atm"
      },
      "geometry": {
        "type": "Point",
        "coordinates": [
          106.7471424,
          11.334788
        ]
      },
      "id": "node/6948408894"
    },
    {
      "type": "Feature",
      "properties": {
        "@id": "node/6948408895",
        "amenity": "atm"
      },
      "geometry": {
        "type": "Point",
        "coordinates": [
          106.7735586,
          11.2662435
        ]
      },
      "id": "node/6948408895"
    },
    {
      "type": "Feature",
      "properties": {
        "@id": "node/6948409488",
        "amenity": "atm"
      },
      "geometry": {
        "type": "Point",
        "coordinates": [
          106.694433,
          10.7903593
        ]
      },
      "id": "node/6948409488"
    },
    {
      "type": "Feature",
      "properties": {
        "@id": "node/6948409489",
        "amenity": "atm"
      },
      "geometry": {
        "type": "Point",
        "coordinates": [
          106.6712299,
          10.9726835
        ]
      },
      "id": "node/6948409489"
    },
    {
      "type": "Feature",
      "properties": {
        "@id": "node/6948409490",
        "amenity": "atm"
      },
      "geometry": {
        "type": "Point",
        "coordinates": [
          107.2359484,
          10.3902451
        ]
      },
      "id": "node/6948409490"
    },
    {
      "type": "Feature",
      "properties": {
        "@id": "node/6948409491",
        "amenity": "atm"
      },
      "geometry": {
        "type": "Point",
        "coordinates": [
          107.174974,
          10.482492
        ]
      },
      "id": "node/6948409491"
    },
    {
      "type": "Feature",
      "properties": {
        "@id": "node/6948410287",
        "amenity": "atm"
      },
      "geometry": {
        "type": "Point",
        "coordinates": [
          106.6905285,
          10.9869067
        ]
      },
      "id": "node/6948410287"
    },
    {
      "type": "Feature",
      "properties": {
        "@id": "node/6948410288",
        "amenity": "atm"
      },
      "geometry": {
        "type": "Point",
        "coordinates": [
          106.725878,
          11.3528222
        ]
      },
      "id": "node/6948410288"
    },
    {
      "type": "Feature",
      "properties": {
        "@id": "node/6948410585",
        "amenity": "atm"
      },
      "geometry": {
        "type": "Point",
        "coordinates": [
          106.6742419,
          10.760761
        ]
      },
      "id": "node/6948410585"
    },
    {
      "type": "Feature",
      "properties": {
        "@id": "node/6948410586",
        "amenity": "atm"
      },
      "geometry": {
        "type": "Point",
        "coordinates": [
          106.6658398,
          10.7571268
        ]
      },
      "id": "node/6948410586"
    },
    {
      "type": "Feature",
      "properties": {
        "@id": "node/6948410588",
        "amenity": "atm"
      },
      "geometry": {
        "type": "Point",
        "coordinates": [
          107.2357656,
          10.3838156
        ]
      },
      "id": "node/6948410588"
    },
    {
      "type": "Feature",
      "properties": {
        "@id": "node/6948410590",
        "amenity": "atm"
      },
      "geometry": {
        "type": "Point",
        "coordinates": [
          106.6641539,
          10.751493
        ]
      },
      "id": "node/6948410590"
    },
    {
      "type": "Feature",
      "properties": {
        "@id": "node/6948410591",
        "amenity": "atm"
      },
      "geometry": {
        "type": "Point",
        "coordinates": [
          106.691652,
          11.3540901
        ]
      },
      "id": "node/6948410591"
    },
    {
      "type": "Feature",
      "properties": {
        "@id": "node/6948411086",
        "amenity": "atm"
      },
      "geometry": {
        "type": "Point",
        "coordinates": [
          106.6662936,
          10.9841609
        ]
      },
      "id": "node/6948411086"
    },
    {
      "type": "Feature",
      "properties": {
        "@id": "node/6948411286",
        "amenity": "atm"
      },
      "geometry": {
        "type": "Point",
        "coordinates": [
          106.6784436,
          10.8589111
        ]
      },
      "id": "node/6948411286"
    },
    {
      "type": "Feature",
      "properties": {
        "@id": "node/6948411289",
        "amenity": "atm"
      },
      "geometry": {
        "type": "Point",
        "coordinates": [
          106.7648579,
          10.9755217
        ]
      },
      "id": "node/6948411289"
    },
    {
      "type": "Feature",
      "properties": {
        "@id": "node/6948411290",
        "amenity": "atm"
      },
      "geometry": {
        "type": "Point",
        "coordinates": [
          106.7226937,
          10.983987
        ]
      },
      "id": "node/6948411290"
    },
    {
      "type": "Feature",
      "properties": {
        "@id": "node/6948411486",
        "amenity": "atm"
      },
      "geometry": {
        "type": "Point",
        "coordinates": [
          106.5970934,
          10.7979653
        ]
      },
      "id": "node/6948411486"
    },
    {
      "type": "Feature",
      "properties": {
        "@id": "node/6948412686",
        "amenity": "atm"
      },
      "geometry": {
        "type": "Point",
        "coordinates": [
          106.6736967,
          10.9631366
        ]
      },
      "id": "node/6948412686"
    },
    {
      "type": "Feature",
      "properties": {
        "@id": "node/6948412691",
        "amenity": "atm"
      },
      "geometry": {
        "type": "Point",
        "coordinates": [
          106.6905899,
          10.7919001
        ]
      },
      "id": "node/6948412691"
    },
    {
      "type": "Feature",
      "properties": {
        "@id": "node/6948412692",
        "amenity": "atm"
      },
      "geometry": {
        "type": "Point",
        "coordinates": [
          106.6961423,
          10.820553
        ]
      },
      "id": "node/6948412692"
    },
    {
      "type": "Feature",
      "properties": {
        "@id": "node/7003724791",
        "amenity": "atm"
      },
      "geometry": {
        "type": "Point",
        "coordinates": [
          106.715669,
          10.7233618
        ]
      },
      "id": "node/7003724791"
    },
    {
      "type": "Feature",
      "properties": {
        "@id": "node/7017564498",
        "amenity": "atm",
        "brand": "ACB",
        "brand:wikidata": "Q727019",
        "currency:VND": "yes",
        "network": "ATM ngân hàng Á Châu",
        "operator": "ACB",
        "operator:wikidata": "Q727019"
      },
      "geometry": {
        "type": "Point",
        "coordinates": [
          106.6834852,
          10.8014974
        ]
      },
      "id": "node/7017564498"
    },
    {
      "type": "Feature",
      "properties": {
        "@id": "node/7017596606",
        "amenity": "atm",
        "brand": "VietinBank",
        "brand:wikidata": "Q7928459",
        "cash_in": "yes",
        "currency:VND": "yes",
        "network": "Vietinbank - Atm",
        "operator": "VietinBank",
        "operator:wikidata": "Q7928459"
      },
      "geometry": {
        "type": "Point",
        "coordinates": [
          106.684139,
          10.8027568
        ]
      },
      "id": "node/7017596606"
    },
    {
      "type": "Feature",
      "properties": {
        "@id": "node/7024800785",
        "amenity": "atm",
        "brand": "ACB",
        "brand:wikidata": "Q727019",
        "operator": "ACB",
        "operator:wikidata": "Q727019"
      },
      "geometry": {
        "type": "Point",
        "coordinates": [
          106.6968638,
          10.7689264
        ]
      },
      "id": "node/7024800785"
    },
    {
      "type": "Feature",
      "properties": {
        "@id": "node/7074311971",
        "amenity": "atm",
        "name": "BIDV"
      },
      "geometry": {
        "type": "Point",
        "coordinates": [
          107.0753951,
          10.3619918
        ]
      },
      "id": "node/7074311971"
    },
    {
      "type": "Feature",
      "properties": {
        "@id": "node/7138447685",
        "amenity": "atm",
        "brand": "ACB",
        "brand:wikidata": "Q727019",
        "operator": "ACB",
        "operator:wikidata": "Q727019"
      },
      "geometry": {
        "type": "Point",
        "coordinates": [
          106.6996656,
          10.7581903
        ]
      },
      "id": "node/7138447685"
    },
    {
      "type": "Feature",
      "properties": {
        "@id": "node/7140687929",
        "amenity": "atm",
        "operator": "ACB"
      },
      "geometry": {
        "type": "Point",
        "coordinates": [
          106.6737832,
          10.7573982
        ]
      },
      "id": "node/7140687929"
    },
    {
      "type": "Feature",
      "properties": {
        "@id": "node/7140687931",
        "amenity": "atm",
        "operator": "ACB"
      },
      "geometry": {
        "type": "Point",
        "coordinates": [
          106.6696944,
          10.7610483
        ]
      },
      "id": "node/7140687931"
    },
    {
      "type": "Feature",
      "properties": {
        "@id": "node/7199680924",
        "amenity": "atm",
        "brand": "Vietcombank",
        "brand:wikidata": "Q6122995",
        "drive_through": "no",
        "network": "Vietcom Bank",
        "operator": "Vietcombank",
        "operator:wikidata": "Q6122995"
      },
      "geometry": {
        "type": "Point",
        "coordinates": [
          106.6717842,
          10.8086747
        ]
      },
      "id": "node/7199680924"
    },
    {
      "type": "Feature",
      "properties": {
        "@id": "node/7199694693",
        "amenity": "atm",
        "brand": "Vietcombank",
        "brand:wikidata": "Q6122995",
        "drive_through": "no",
        "name": "Vietcombank",
        "network": "Vietcom Bank",
        "operator": "Vietcombank",
        "operator:wikidata": "Q6122995"
      },
      "geometry": {
        "type": "Point",
        "coordinates": [
          106.6699449,
          10.811623
        ]
      },
      "id": "node/7199694693"
    },
    {
      "type": "Feature",
      "properties": {
        "@id": "node/7354526168",
        "amenity": "atm",
        "name": "Vietinbank"
      },
      "geometry": {
        "type": "Point",
        "coordinates": [
          107.176778,
          10.4877011
        ]
      },
      "id": "node/7354526168"
    },
    {
      "type": "Feature",
      "properties": {
        "@id": "node/7368201947",
        "amenity": "atm",
        "name": "SeABank"
      },
      "geometry": {
        "type": "Point",
        "coordinates": [
          107.092043,
          10.3392275
        ]
      },
      "id": "node/7368201947"
    },
    {
      "type": "Feature",
      "properties": {
        "@id": "node/7375958101",
        "amenity": "atm",
        "name": "MB"
      },
      "geometry": {
        "type": "Point",
        "coordinates": [
          107.1377988,
          10.4122135
        ]
      },
      "id": "node/7375958101"
    },
    {
      "type": "Feature",
      "properties": {
        "@id": "node/7520799068",
        "amenity": "atm",
        "brand": "VietinBank",
        "brand:wikidata": "Q7928459",
        "name": "VietinBank",
        "operator": "VietinBank",
        "operator:wikidata": "Q7928459"
      },
      "geometry": {
        "type": "Point",
        "coordinates": [
          106.7050901,
          10.7723436
        ]
      },
      "id": "node/7520799068"
    },
    {
      "type": "Feature",
      "properties": {
        "@id": "node/7520799069",
        "amenity": "atm",
        "name": "ATM DongA Bank"
      },
      "geometry": {
        "type": "Point",
        "coordinates": [
          106.7049607,
          10.7724641
        ]
      },
      "id": "node/7520799069"
    },
    {
      "type": "Feature",
      "properties": {
        "@id": "node/7564903169",
        "amenity": "atm"
      },
      "geometry": {
        "type": "Point",
        "coordinates": [
          106.7463496,
          10.8016279
        ]
      },
      "id": "node/7564903169"
    },
    {
      "type": "Feature",
      "properties": {
        "@id": "node/7618835285",
        "amenity": "atm"
      },
      "geometry": {
        "type": "Point",
        "coordinates": [
          107.1926287,
          10.4868717
        ]
      },
      "id": "node/7618835285"
    },
    {
      "type": "Feature",
      "properties": {
        "@id": "node/7740048509",
        "amenity": "atm",
        "brand": "VPBank",
        "brand:wikidata": "Q20025914",
        "currency:VND": "yes",
        "drive_through": "yes",
        "operator": "VPBank",
        "operator:wikidata": "Q20025914"
      },
      "geometry": {
        "type": "Point",
        "coordinates": [
          106.7113983,
          10.7926432
        ]
      },
      "id": "node/7740048509"
    },
    {
      "type": "Feature",
      "properties": {
        "@id": "node/7927485091",
        "addr:city": "Thành phố Hồ Chí Minh",
        "addr:country": "VN",
        "addr:district": "Tân Bình",
        "addr:housenumber": "46",
        "addr:postcode": "700000",
        "addr:street": "Trường Sơn",
        "addr:subdistrict": "Phường 2",
        "amenity": "atm",
        "branch": "Big Pig Restaurant",
        "brand": "BitcoinVN",
        "cash_in": "yes",
        "cash_out": "yes",
        "check_date": "2024-05-29",
        "check_date:currency:XBT": "2023-02-03",
        "contact:email": "support+btm@bitcoinvn.io",
        "contact:phone": "+84983458907",
        "contact:website": "https://btm.bitcoinvn.io/",
        "covered": "yes",
        "currency:VND": "yes",
        "currency:XBT": "yes",
        "description": "No KYC for any transaction size. You can buy and sell Bitcoin with VND.",
        "level": "0",
        "manufacturer": "BitAccess",
        "name": "Bitcoin ATM by BitcoinVN",
        "network": "Bitcoin",
        "note": "Bitcoin ATM located inside Big Pig Truong Son.",
        "opening_hours": "Big Pig Truong Son opening hours",
        "operator": "BitcoinVN",
        "payment:cash": "yes",
        "payment:lightning": "no",
        "payment:lightning_contactless": "no",
        "payment:onchain": "yes",
        "url": "https://coinatmradar.com/bitcoin_atm/12696/bitcoin-atm-bitaccess-ho-chi-minh-city-big-pig-bbq-beer-tan-son-nhat-airport/"
      },
      "geometry": {
        "type": "Point",
        "coordinates": [
          106.6650354,
          10.8099982
        ]
      },
      "id": "node/7927485091"
    },
    {
      "type": "Feature",
      "properties": {
        "@id": "node/7927485092",
        "addr:city": "Thành phố Hồ Chí Minh",
        "addr:country": "VN",
        "addr:district": "Quận 2",
        "addr:housenumber": "8/3",
        "addr:postcode": "700000",
        "addr:street": "Đường số 49B",
        "addr:subdistrict": "Thảo Điền",
        "amenity": "atm",
        "brand": "BitcoinVN",
        "cash_in": "yes",
        "cash_out": "yes",
        "cash_withdrawal": "yes",
        "check_date": "2023-10-16",
        "check_date:currency:XBT": "2023-02-03",
        "contact:email": "support+btm@bitcoinvn.io",
        "contact:phone": "+84983458907",
        "contact:website": "https://bitcoinvn.io/btm",
        "currency:VND": "yes",
        "currency:XBT": "yes",
        "description": "Buy and sell non-KYC Bitcoin with Vietnamese Dong. No KYC for any transaction size. You can buy Bitcoin and 20+ other cryptocurrencies for cash.",
        "indoor": "yes",
        "level": "1",
        "manufacturer": "BitAccess",
        "name": "Bitcoin ATM by BitcoinVN",
        "network": "Bitcoin",
        "note": "Bitcoin ATM located inside at the bottom of the staircase of Capone’s Chicago Deep Dish Pizza & Street Food.",
        "opening_hours": "Mo-Su 11:00-23:00",
        "operator": "Bitcoin ATM by BitcoinVN",
        "payment:lightning": "no",
        "payment:lightning_contactless": "no",
        "payment:onchain": "yes",
        "start_date": "2023-07-22",
        "url": "https://coinatmradar.com/bitcoin_atm/69446/bitcoin-atm-bitaccess-ho-chi-minh-city-capones-chicago-deep-dish-pizza-street-food/"
      },
      "geometry": {
        "type": "Point",
        "coordinates": [
          106.7287053,
          10.8017721
        ]
      },
      "id": "node/7927485092"
    },
    {
      "type": "Feature",
      "properties": {
        "@id": "node/9355497766",
        "amenity": "atm",
        "brand": "Vietcombank",
        "brand:wikidata": "Q6122995",
        "brand:wikipedia": "en:Vietcombank",
        "name": "Vietcombank",
        "operator": "Vietcombank",
        "operator:wikidata": "Q6122995",
        "operator:wikipedia": "en:Vietcombank"
      },
      "geometry": {
        "type": "Point",
        "coordinates": [
          106.7583487,
          10.8736259
        ]
      },
      "id": "node/9355497766"
    },
    {
      "type": "Feature",
      "properties": {
        "@id": "node/9440215762",
        "amenity": "atm",
        "brand": "Vietcombank",
        "brand:wikidata": "Q6122995",
        "brand:wikipedia": "en:Vietcombank",
        "name": "Vietcombank",
        "operator": "Vietcombank",
        "operator:wikidata": "Q6122995",
        "operator:wikipedia": "en:Vietcombank"
      },
      "geometry": {
        "type": "Point",
        "coordinates": [
          106.7537232,
          10.8735646
        ]
      },
      "id": "node/9440215762"
    },
    {
      "type": "Feature",
      "properties": {
        "@id": "node/9921313757",
        "amenity": "atm"
      },
      "geometry": {
        "type": "Point",
        "coordinates": [
          106.6899176,
          10.7740407
        ]
      },
      "id": "node/9921313757"
    },
    {
      "type": "Feature",
      "properties": {
        "@id": "node/10118474917",
        "amenity": "atm",
        "brand": "TPBank",
        "brand:wikidata": "Q7801033",
        "check_date": "2025-02-15",
        "operator": "TPBank",
        "operator:wikidata": "Q7801033"
      },
      "geometry": {
        "type": "Point",
        "coordinates": [
          106.6892875,
          10.7732976
        ]
      },
      "id": "node/10118474917"
    },
    {
      "type": "Feature",
      "properties": {
        "@id": "node/10198380573",
        "amenity": "atm",
        "brand": "Sacombank",
        "brand:wikidata": "Q6123772",
        "operator": "Sacombank",
        "operator:wikidata": "Q6123772"
      },
      "geometry": {
        "type": "Point",
        "coordinates": [
          106.7614628,
          10.8648178
        ]
      },
      "id": "node/10198380573"
    },
    {
      "type": "Feature",
      "properties": {
        "@id": "node/10198579235",
        "amenity": "atm",
        "brand": "ACB",
        "brand:wikidata": "Q727019",
        "name": "ACB",
        "operator": "ACB",
        "operator:wikidata": "Q727019"
      },
      "geometry": {
        "type": "Point",
        "coordinates": [
          106.7620808,
          10.8655352
        ]
      },
      "id": "node/10198579235"
    },
    {
      "type": "Feature",
      "properties": {
        "@id": "node/10198579236",
        "amenity": "atm",
        "brand": "SCB",
        "brand:wikidata": "Q101575325",
        "operator": "SCB",
        "operator:wikidata": "Q101575325"
      },
      "geometry": {
        "type": "Point",
        "coordinates": [
          106.7617526,
          10.8648489
        ]
      },
      "id": "node/10198579236"
    },
    {
      "type": "Feature",
      "properties": {
        "@id": "node/10215649372",
        "amenity": "atm"
      },
      "geometry": {
        "type": "Point",
        "coordinates": [
          106.7608481,
          10.8609922
        ]
      },
      "id": "node/10215649372"
    },
    {
      "type": "Feature",
      "properties": {
        "@id": "node/10710502792",
        "amenity": "atm",
        "not:brand:wikidata": "Q190464",
        "operator": "HSBC"
      },
      "geometry": {
        "type": "Point",
        "coordinates": [
          106.7039725,
          10.7790395
        ]
      },
      "id": "node/10710502792"
    },
    {
      "type": "Feature",
      "properties": {
        "@id": "node/10710934625",
        "amenity": "atm",
        "brand": "ACB",
        "brand:wikidata": "Q727019",
        "operator": "ACB",
        "operator:wikidata": "Q727019"
      },
      "geometry": {
        "type": "Point",
        "coordinates": [
          106.7052198,
          10.7775575
        ]
      },
      "id": "node/10710934625"
    },
    {
      "type": "Feature",
      "properties": {
        "@id": "node/10710934633",
        "amenity": "atm",
        "not:brand:wikidata": "Q7928459",
        "operator": "VietinBank"
      },
      "geometry": {
        "type": "Point",
        "coordinates": [
          106.7055644,
          10.7772078
        ]
      },
      "id": "node/10710934633"
    },
    {
      "type": "Feature",
      "properties": {
        "@id": "node/10717618611",
        "amenity": "atm",
        "operator": "MB Bank"
      },
      "geometry": {
        "type": "Point",
        "coordinates": [
          106.6544532,
          10.801495
        ]
      },
      "id": "node/10717618611"
    },
    {
      "type": "Feature",
      "properties": {
        "@id": "node/10717672227",
        "amenity": "atm",
        "operator": "VPBank"
      },
      "geometry": {
        "type": "Point",
        "coordinates": [
          106.6506186,
          10.8014211
        ]
      },
      "id": "node/10717672227"
    },
    {
      "type": "Feature",
      "properties": {
        "@id": "node/10718793390",
        "amenity": "atm",
        "cash_in": "yes",
        "check_date": "2024-05-29",
        "check_date:currency:XBT": "2025-03-26",
        "currency:VND": "yes",
        "currency:XBT": "yes",
        "description": "Buy and sell non-KYC bitcoin with Vietnamese Dong.",
        "email": "support+btm@bitcoinvn.io",
        "indoor": "yes",
        "level": "1",
        "manufacturer": "BitAccess",
        "name": "Bitcoin ATM by BitcoinVN",
        "network": "Bitcoin",
        "note": "Located on the second floor of Italianis.",
        "opening_hours": "Mo-Su 11:00-21:45",
        "operator": "BitcoinVN",
        "payment:cash": "yes",
        "payment:lightning": "no",
        "payment:lightning_contactless": "no",
        "payment:onchain": "yes",
        "phone": "+840983458907",
        "survey:date": "2023-05-22",
        "url": "https://coinatmradar.com/bitcoin_atm/2697/bitcoin-atm-bitaccess-ho-chi-minh-city-italianis-pizza-han-thuyen/",
        "website": "https://btm.bitcoinvn.io/locations/saigon/italianis"
      },
      "geometry": {
        "type": "Point",
        "coordinates": [
          106.6981949,
          10.7788625
        ]
      },
      "id": "node/10718793390"
    },
    {
      "type": "Feature",
      "properties": {
        "@id": "node/10721527319",
        "amenity": "atm",
        "brand": "ACB",
        "brand:wikidata": "Q727019",
        "operator": "ACB",
        "operator:wikidata": "Q727019"
      },
      "geometry": {
        "type": "Point",
        "coordinates": [
          106.704203,
          10.7754289
        ]
      },
      "id": "node/10721527319"
    },
    {
      "type": "Feature",
      "properties": {
        "@id": "node/10721929439",
        "amenity": "atm"
      },
      "geometry": {
        "type": "Point",
        "coordinates": [
          106.6844297,
          10.776419
        ]
      },
      "id": "node/10721929439"
    },
    {
      "type": "Feature",
      "properties": {
        "@id": "node/10727169932",
        "amenity": "atm",
        "drive_through": "no"
      },
      "geometry": {
        "type": "Point",
        "coordinates": [
          106.694733,
          10.7294231
        ]
      },
      "id": "node/10727169932"
    },
    {
      "type": "Feature",
      "properties": {
        "@id": "node/10743482324",
        "amenity": "atm",
        "brand": "Vietcombank",
        "brand:wikidata": "Q6122995",
        "operator": "Vietcombank",
        "operator:wikidata": "Q6122995"
      },
      "geometry": {
        "type": "Point",
        "coordinates": [
          106.6989862,
          10.7317125
        ]
      },
      "id": "node/10743482324"
    },
    {
      "type": "Feature",
      "properties": {
        "@id": "node/10743482330",
        "amenity": "atm",
        "brand": "Agribank",
        "brand:wikidata": "Q1924723",
        "official_name": "Ngân hàng Nông nghiệp và Phát triển Nông thôn Việt Nam",
        "official_name:en": "Vietnam Bank for Agriculture and Rural Development",
        "operator": "Agribank",
        "operator:wikidata": "Q1924723"
      },
      "geometry": {
        "type": "Point",
        "coordinates": [
          106.6990418,
          10.731728
        ]
      },
      "id": "node/10743482330"
    },
    {
      "type": "Feature",
      "properties": {
        "@id": "node/10772533734",
        "amenity": "atm",
        "operator": "MBBank"
      },
      "geometry": {
        "type": "Point",
        "coordinates": [
          106.7067982,
          10.7129125
        ]
      },
      "id": "node/10772533734"
    },
    {
      "type": "Feature",
      "properties": {
        "@id": "node/10774854239",
        "amenity": "atm",
        "cash_in": "yes",
        "currency:VND": "yes",
        "drive_through": "no",
        "operator": "SCB"
      },
      "geometry": {
        "type": "Point",
        "coordinates": [
          106.6719048,
          10.8292424
        ]
      },
      "id": "node/10774854239"
    },
    {
      "type": "Feature",
      "properties": {
        "@id": "node/11104600821",
        "amenity": "atm",
        "brand": "VIB",
        "brand:wikidata": "Q49054349",
        "cash_in": "no",
        "currency:VND": "yes",
        "drive_through": "no",
        "operator": "VIB",
        "operator:wikidata": "Q49054349"
      },
      "geometry": {
        "type": "Point",
        "coordinates": [
          106.7060009,
          10.7747028
        ]
      },
      "id": "node/11104600821"
    },
    {
      "type": "Feature",
      "properties": {
        "@id": "node/11271883963",
        "amenity": "atm",
        "name": "ATM Vietcombank"
      },
      "geometry": {
        "type": "Point",
        "coordinates": [
          106.7828639,
          10.8825237
        ]
      },
      "id": "node/11271883963"
    },
    {
      "type": "Feature",
      "properties": {
        "@id": "node/11345881264",
        "amenity": "atm",
        "atm": "yes",
        "network": "MB Bank",
        "operator": "MB Bank"
      },
      "geometry": {
        "type": "Point",
        "coordinates": [
          106.8303064,
          10.836849
        ]
      },
      "id": "node/11345881264"
    },
    {
      "type": "Feature",
      "properties": {
        "@id": "node/11375765971",
        "amenity": "atm",
        "brand": "BIDV",
        "brand:wikidata": "Q1003180",
        "official_name": "Ngân hàng Đầu tư và Phát triển Việt Nam",
        "official_name:en": "Bank for Investment and Development of Vietnam",
        "official_name:vi": "Ngân hàng Đầu tư và Phát triển Việt Nam",
        "operator": "BIDV",
        "operator:wikidata": "Q1003180"
      },
      "geometry": {
        "type": "Point",
        "coordinates": [
          106.6643589,
          10.7972827
        ]
      },
      "id": "node/11375765971"
    },
    {
      "type": "Feature",
      "properties": {
        "@id": "node/11430381710",
        "amenity": "atm",
        "name": "ACB"
      },
      "geometry": {
        "type": "Point",
        "coordinates": [
          106.692049,
          10.767999
        ]
      },
      "id": "node/11430381710"
    },
    {
      "type": "Feature",
      "properties": {
        "@id": "node/11438716847",
        "amenity": "atm",
        "brand": "Sacombank",
        "brand:wikidata": "Q6123772",
        "operator": "Sacombank",
        "operator:wikidata": "Q6123772"
      },
      "geometry": {
        "type": "Point",
        "coordinates": [
          106.6408611,
          10.792943
        ]
      },
      "id": "node/11438716847"
    },
    {
      "type": "Feature",
      "properties": {
        "@id": "node/11438716848",
        "amenity": "atm",
        "brand": "VietinBank",
        "brand:wikidata": "Q7928459",
        "operator": "VietinBank",
        "operator:wikidata": "Q7928459"
      },
      "geometry": {
        "type": "Point",
        "coordinates": [
          106.6405552,
          10.7930578
        ]
      },
      "id": "node/11438716848"
    },
    {
      "type": "Feature",
      "properties": {
        "@id": "node/11449101349",
        "amenity": "atm",
        "brand": "Sacombank",
        "brand:wikidata": "Q6123772",
        "operator": "Sacombank",
        "operator:wikidata": "Q6123772"
      },
      "geometry": {
        "type": "Point",
        "coordinates": [
          106.6391694,
          10.800626
        ]
      },
      "id": "node/11449101349"
    },
    {
      "type": "Feature",
      "properties": {
        "@id": "node/11459668493",
        "amenity": "atm",
        "name": "TPBank"
      },
      "geometry": {
        "type": "Point",
        "coordinates": [
          106.6410221,
          10.787211
        ]
      },
      "id": "node/11459668493"
    },
    {
      "type": "Feature",
      "properties": {
        "@id": "node/11468891122",
        "amenity": "atm",
        "name": "TPBank"
      },
      "geometry": {
        "type": "Point",
        "coordinates": [
          106.639199,
          10.7840712
        ]
      },
      "id": "node/11468891122"
    },
    {
      "type": "Feature",
      "properties": {
        "@id": "node/11469887556",
        "amenity": "atm",
        "name": "SmartBank MB",
        "operator": "MB"
      },
      "geometry": {
        "type": "Point",
        "coordinates": [
          106.6403023,
          10.7890189
        ]
      },
      "id": "node/11469887556"
    },
    {
      "type": "Feature",
      "properties": {
        "@id": "node/11497620403",
        "amenity": "atm",
        "brand": "Sacombank",
        "brand:wikidata": "Q6123772",
        "operator": "Sacombank",
        "operator:wikidata": "Q6123772"
      },
      "geometry": {
        "type": "Point",
        "coordinates": [
          106.6046588,
          10.8150598
        ]
      },
      "id": "node/11497620403"
    },
    {
      "type": "Feature",
      "properties": {
        "@id": "node/11497620419",
        "amenity": "atm",
        "name": "ACB"
      },
      "geometry": {
        "type": "Point",
        "coordinates": [
          106.6049076,
          10.8145534
        ]
      },
      "id": "node/11497620419"
    },
    {
      "type": "Feature",
      "properties": {
        "@id": "node/11515855868",
        "amenity": "atm",
        "brand": "VietinBank",
        "brand:wikidata": "Q7928459",
        "operator": "VietinBank",
        "operator:wikidata": "Q7928459"
      },
      "geometry": {
        "type": "Point",
        "coordinates": [
          106.6749139,
          10.7525959
        ]
      },
      "id": "node/11515855868"
    },
    {
      "type": "Feature",
      "properties": {
        "@id": "node/11527617767",
        "amenity": "atm"
      },
      "geometry": {
        "type": "Point",
        "coordinates": [
          106.6934658,
          10.8231788
        ]
      },
      "id": "node/11527617767"
    },
    {
      "type": "Feature",
      "properties": {
        "@id": "node/11542871688",
        "amenity": "atm",
        "atm": "yes",
        "brand": "Sacombank",
        "brand:wikidata": "Q6123772",
        "name": "Sacombank ATM",
        "operator": "Sacombank",
        "operator:wikidata": "Q6123772"
      },
      "geometry": {
        "type": "Point",
        "coordinates": [
          106.6646615,
          10.8160637
        ]
      },
      "id": "node/11542871688"
    },
    {
      "type": "Feature",
      "properties": {
        "@id": "node/11542871689",
        "amenity": "atm",
        "atm": "yes",
        "brand": "Techcombank",
        "brand:wikidata": "Q10541776",
        "name": "Techcombank ATM",
        "operator": "Techcombank",
        "operator:wikidata": "Q10541776"
      },
      "geometry": {
        "type": "Point",
        "coordinates": [
          106.6639194,
          10.8166892
        ]
      },
      "id": "node/11542871689"
    },
    {
      "type": "Feature",
      "properties": {
        "@id": "node/11668837669",
        "amenity": "atm"
      },
      "geometry": {
        "type": "Point",
        "coordinates": [
          106.7624278,
          10.7857186
        ]
      },
      "id": "node/11668837669"
    },
    {
      "type": "Feature",
      "properties": {
        "@id": "node/11668837769",
        "amenity": "atm"
      },
      "geometry": {
        "type": "Point",
        "coordinates": [
          106.7623599,
          10.7857781
        ]
      },
      "id": "node/11668837769"
    },
    {
      "type": "Feature",
      "properties": {
        "@id": "node/11668837869",
        "amenity": "atm",
        "opening_hours": "24/7"
      },
      "geometry": {
        "type": "Point",
        "coordinates": [
          106.7623024,
          10.7857304
        ]
      },
      "id": "node/11668837869"
    },
    {
      "type": "Feature",
      "properties": {
        "@id": "node/11901088669",
        "amenity": "atm",
        "opening_hours": "24/7",
        "operator": "TPBank"
      },
      "geometry": {
        "type": "Point",
        "coordinates": [
          106.6821794,
          10.782349
        ]
      },
      "id": "node/11901088669"
    },
    {
      "type": "Feature",
      "properties": {
        "@id": "node/12161707348",
        "amenity": "atm",
        "name": "ATM"
      },
      "geometry": {
        "type": "Point",
        "coordinates": [
          106.6131325,
          11.1090033
        ]
      },
      "id": "node/12161707348"
    },
    {
      "type": "Feature",
      "properties": {
        "@id": "node/12218545645",
        "amenity": "atm",
        "brand": "VPBank",
        "brand:wikidata": "Q20025914",
        "cash_in": "yes",
        "operator": "VPBank",
        "operator:wikidata": "Q20025914"
      },
      "geometry": {
        "type": "Point",
        "coordinates": [
          106.6996395,
          10.770806
        ]
      },
      "id": "node/12218545645"
    },
    {
      "type": "Feature",
      "properties": {
        "@id": "node/12299061532",
        "amenity": "atm"
      },
      "geometry": {
        "type": "Point",
        "coordinates": [
          106.7028269,
          10.7751336
        ]
      },
      "id": "node/12299061532"
    },
    {
      "type": "Feature",
      "properties": {
        "@id": "node/12324205570",
        "amenity": "atm",
        "operator": "vietcom"
      },
      "geometry": {
        "type": "Point",
        "coordinates": [
          106.7031263,
          10.7691161
        ]
      },
      "id": "node/12324205570"
    },
    {
      "type": "Feature",
      "properties": {
        "@id": "node/12378817650",
        "amenity": "atm",
        "operator": "Public Bank Vietnam"
      },
      "geometry": {
        "type": "Point",
        "coordinates": [
          106.7540106,
          10.7777567
        ]
      },
      "id": "node/12378817650"
    },
    {
      "type": "Feature",
      "properties": {
        "@id": "node/12378835483",
        "amenity": "atm",
        "brand": "HSBC",
        "brand:wikidata": "Q190464",
        "cash_in": "no",
        "operator": "HSBC",
        "operator:wikidata": "Q190464"
      },
      "geometry": {
        "type": "Point",
        "coordinates": [
          106.7561488,
          10.7766537
        ]
      },
      "id": "node/12378835483"
    },
    {
      "type": "Feature",
      "properties": {
        "@id": "node/12378839560",
        "amenity": "atm",
        "brand": "Vietcombank",
        "brand:wikidata": "Q6122995",
        "operator": "Vietcombank",
        "operator:wikidata": "Q6122995"
      },
      "geometry": {
        "type": "Point",
        "coordinates": [
          106.7561887,
          10.7767042
        ]
      },
      "id": "node/12378839560"
    },
    {
      "type": "Feature",
      "properties": {
        "@id": "node/12428809602",
        "amenity": "atm",
        "operator": "Vietcombank"
      },
      "geometry": {
        "type": "Point",
        "coordinates": [
          106.7509529,
          10.7780538
        ]
      },
      "id": "node/12428809602"
    },
    {
      "type": "Feature",
      "properties": {
        "@id": "node/12450959699",
        "amenity": "atm"
      },
      "geometry": {
        "type": "Point",
        "coordinates": [
          106.7001374,
          10.7811677
        ]
      },
      "id": "node/12450959699"
    },
    {
      "type": "Feature",
      "properties": {
        "@id": "node/12475228131",
        "amenity": "atm"
      },
      "geometry": {
        "type": "Point",
        "coordinates": [
          106.7025051,
          10.7859674
        ]
      },
      "id": "node/12475228131"
    },
    {
      "type": "Feature",
      "properties": {
        "@id": "node/12591760290",
        "addr:city": "Thành phố Hồ Chí Minh",
        "addr:country": "VN",
        "addr:district": "Quận 2",
        "addr:housenumber": "6",
        "addr:street": "Lê Văn Miến",
        "addr:subdistrict": "Thảo Điền",
        "amenity": "atm",
        "brand": "BitcoinVN",
        "cash_in": "yes",
        "cash_out": "yes",
        "cash_withdrawal": "yes",
        "check_date": "2025-02-16",
        "check_date:currency:XBT": "2025-02-16",
        "contact:email": "support+btm@bitcoinvn.io",
        "contact:phone": "+84983458907",
        "contact:website": "https://bitcoinvn.io/btm",
        "currency:VND": "yes",
        "currency:XBT": "yes",
        "description": "Bitcoin ATM by BitcoinVN is one of the most convenient places to buy and sell Non-KYC bitcoin for Vietnamese Dong. BTM is located in the back of SOMA (Greenbox)",
        "indoor": "yes",
        "level": "1",
        "manufacturer": "Visindi",
        "name": "Bitcoin ATM by BitcoinVN",
        "network": "Bitcoin",
        "opening_hours": "Mo-Su 8:00-00:00",
        "operator": "BitcoinVN",
        "payment:lightning": "no",
        "payment:lightning_contactless": "no",
        "start_date": "2025-02-16",
        "url": "https://coinatmradar.com/bitcoin_atm/93352/bitcoin-atm-lamassu-ho-chi-minh-city-soma/"
      },
      "geometry": {
        "type": "Point",
        "coordinates": [
          106.7321307,
          10.8046788
        ]
      },
      "id": "node/12591760290"
    },
    {
      "type": "Feature",
      "properties": {
        "@id": "node/12599787130",
        "amenity": "atm",
        "brand": "Shinhan Bank",
        "opening_hours": "24/7"
      },
      "geometry": {
        "type": "Point",
        "coordinates": [
          106.7060423,
          10.7819629
        ]
      },
      "id": "node/12599787130"
    },
    {
      "type": "Feature",
      "properties": {
        "@id": "node/12599872938",
        "amenity": "atm",
        "brand": "VPBank",
        "opening_hours": "24/7"
      },
      "geometry": {
        "type": "Point",
        "coordinates": [
          106.6920901,
          10.7860186
        ]
      },
      "id": "node/12599872938"
    },
    {
      "type": "Feature",
      "properties": {
        "@id": "node/12620373420",
        "amenity": "atm",
        "brand": "BIDV",
        "brand:wikidata": "Q1003180",
        "operator": "BIDV",
        "operator:wikidata": "Q1003180"
      },
      "geometry": {
        "type": "Point",
        "coordinates": [
          106.6954156,
          10.7743803
        ]
      },
      "id": "node/12620373420"
    },
    {
      "type": "Feature",
      "properties": {
        "@id": "node/12629270188",
        "amenity": "atm",
        "brand": "OCB",
        "brand:wikidata": "Q7102288",
        "operator": "OCB",
        "operator:wikidata": "Q7102288"
      },
      "geometry": {
        "type": "Point",
        "coordinates": [
          106.6603091,
          10.7727964
        ]
      },
      "id": "node/12629270188"
    },
    {
      "type": "Feature",
      "properties": {
        "@id": "node/12629273485",
        "amenity": "atm",
        "operator": "Agribank"
      },
      "geometry": {
        "type": "Point",
        "coordinates": [
          106.6602408,
          10.7732075
        ]
      },
      "id": "node/12629273485"
    },
    {
      "type": "Feature",
      "properties": {
        "@id": "node/12634897720",
        "addr:city": "Vung Tau",
        "addr:country": "VN",
        "addr:district": "Phường 9",
        "addr:housenumber": "160 22\\20",
        "addr:street": "Hoang Hoa Tram",
        "amenity": "atm",
        "brand": "BitcoinVN",
        "cash_in": "yes",
        "cash_out": "yes",
        "cash_withdrawal": "yes",
        "check_date": "2025-03-04",
        "contact:phone": "+84983458907",
        "currency:VND": "yes",
        "currency:XBT": "yes",
        "manufacturer": "Visindi",
        "name": "Bitcoin ATM by BitcoinVN",
        "network": "Bitcoin",
        "opening_hours": "Mo-Su 8:00 - 22:00",
        "operator": "BitcoinVN",
        "payment:lightning": "no",
        "payment:lightning_contactless": "no",
        "start_date": "2025-02-20",
        "url": "https://coinatmradar.com/bitcoin_atm/93434/bitcoin-atm-lamassu-vung-tau-surf-hostel/",
        "website": "https://bitcoinvn.io/btm"
      },
      "geometry": {
        "type": "Point",
        "coordinates": [
          107.0862867,
          10.3334997
        ]
      },
      "id": "node/12634897720"
    },
    {
      "type": "Feature",
      "properties": {
        "@id": "node/12684240606",
        "amenity": "atm",
        "cash_in": "no",
        "check_date": "2025-03-20",
        "indoor": "no",
        "opening_hours": "24/7",
        "operator": "BIDV"
      },
      "geometry": {
        "type": "Point",
        "coordinates": [
          106.662516,
          10.8134562
        ]
      },
      "id": "node/12684240606"
    },
    {
      "type": "Feature",
      "properties": {
        "@id": "node/12684240607",
        "amenity": "atm",
        "cash_in": "no",
        "check_date": "2025-03-20",
        "indoor": "no",
        "opening_hours": "24/7",
        "operator": "MSB"
      },
      "geometry": {
        "type": "Point",
        "coordinates": [
          106.6625333,
          10.8134565
        ]
      },
      "id": "node/12684240607"
    },
    {
      "type": "Feature",
      "properties": {
        "@id": "node/12684240608",
        "amenity": "atm",
        "cash_in": "no",
        "check_date": "2025-03-20",
        "indoor": "no",
        "opening_hours": "24/7",
        "operator": "Shinhan Bank"
      },
      "geometry": {
        "type": "Point",
        "coordinates": [
          106.6625361,
          10.8134796
        ]
      },
      "id": "node/12684240608"
    },
    {
      "type": "Feature",
      "properties": {
        "@id": "node/12684240609",
        "amenity": "atm",
        "cash_in": "no",
        "check_date": "2025-03-20",
        "indoor": "no",
        "opening_hours": "24/7",
        "operator": "Vietcombank"
      },
      "geometry": {
        "type": "Point",
        "coordinates": [
          106.6625407,
          10.8134999
        ]
      },
      "id": "node/12684240609"
    },
    {
      "type": "Feature",
      "properties": {
        "@id": "node/12684240610",
        "amenity": "atm",
        "cash_in": "no",
        "check_date": "2025-03-20",
        "indoor": "no",
        "opening_hours": "24/7",
        "operator": "Vietinbank"
      },
      "geometry": {
        "type": "Point",
        "coordinates": [
          106.662518,
          10.8134999
        ]
      },
      "id": "node/12684240610"
    },
    {
      "type": "Feature",
      "properties": {
        "@id": "node/12707720661",
        "amenity": "atm",
        "brand": "VPBank",
        "opening_hours": "24/7"
      },
      "geometry": {
        "type": "Point",
        "coordinates": [
          106.6223003,
          10.831184
        ]
      },
      "id": "node/12707720661"
    },
    {
      "type": "Feature",
      "properties": {
        "@id": "node/12894143785",
        "amenity": "atm",
        "brand": "VPBank",
        "brand:wikidata": "Q20025914",
        "operator": "VPBank",
        "operator:wikidata": "Q20025914"
      },
      "geometry": {
        "type": "Point",
        "coordinates": [
          106.7029158,
          10.7881598
        ]
      },
      "id": "node/12894143785"
    },
    {
      "type": "Feature",
      "properties": {
        "@id": "node/12971367643",
        "addr:district": "Bình Tân",
        "addr:street": "Trần Văn Giàu",
        "amenity": "atm",
        "brand": "TPBank",
        "check_date": "2025-07-02",
        "operator": "TPBank",
        "operator:wikidata": "Q7801033"
      },
      "geometry": {
        "type": "Point",
        "coordinates": [
          106.6085466,
          10.7517194
        ]
      },
      "id": "node/12971367643"
    },
    {
      "type": "Feature",
      "properties": {
        "@id": "node/12999852802",
        "amenity": "atm"
      },
      "geometry": {
        "type": "Point",
        "coordinates": [
          106.687159,
          10.7986838
        ]
      },
      "id": "node/12999852802"
    },
    {
      "type": "Feature",
      "properties": {
        "@id": "node/12999946001",
        "amenity": "atm",
        "brand": "HDBank",
        "brand:wikidata": "Q10800273",
        "check_date": "2025-08-20",
        "operator": "HDBank",
        "operator:wikidata": "Q10800273"
      },
      "geometry": {
        "type": "Point",
        "coordinates": [
          106.6989045,
          10.7835932
        ]
      },
      "id": "node/12999946001"
    },
    {
      "type": "Feature",
      "properties": {
        "@id": "node/13084746488",
        "amenity": "atm",
        "check_date": "2025-08-20",
        "operator": "Techcombank"
      },
      "geometry": {
        "type": "Point",
        "coordinates": [
          106.6912344,
          10.7777131
        ]
      },
      "id": "node/13084746488"
    },
    {
      "type": "Feature",
      "properties": {
        "@id": "node/13084751801",
        "amenity": "atm",
        "brand": "Vietcombank",
        "brand:wikidata": "Q6122995",
        "opening_hours": "24/7",
        "operator": "Vietcombank",
        "operator:wikidata": "Q6122995"
      },
      "geometry": {
        "type": "Point",
        "coordinates": [
          106.6958285,
          10.782218
        ]
      },
      "id": "node/13084751801"
    },
    {
      "type": "Feature",
      "properties": {
        "@id": "node/13084755764",
        "amenity": "atm",
        "brand": "TPBank",
        "brand:wikidata": "Q7801033",
        "check_date": "2025-08-20",
        "operator": "TPBank",
        "operator:wikidata": "Q7801033"
      },
      "geometry": {
        "type": "Point",
        "coordinates": [
          106.6941815,
          10.7806341
        ]
      },
      "id": "node/13084755764"
    },
    {
      "type": "Feature",
      "properties": {
        "@id": "node/13084758053",
        "amenity": "atm",
        "check_date": "2025-08-20",
        "operator": "Eximbank"
      },
      "geometry": {
        "type": "Point",
        "coordinates": [
          106.6915593,
          10.778108
        ]
      },
      "id": "node/13084758053"
    },
    {
      "type": "Feature",
      "properties": {
        "@id": "node/13195285879",
        "amenity": "atm",
        "atm": "yes",
        "branch": "Sài Thành (Chi nhánh)",
        "brand": "Vietcombank",
        "brand:wikidata": "Q6122995",
        "operator": "Vietcombank",
        "operator:wikidata": "Q6122995"
      },
      "geometry": {
        "type": "Point",
        "coordinates": [
          106.6620784,
          10.7569424
        ]
      },
      "id": "node/13195285879"
    },
    {
      "type": "Feature",
      "properties": {
        "@id": "node/13204322590",
        "amenity": "atm",
        "name": "Saigonbank",
        "operator": "Saigonbank"
      },
      "geometry": {
        "type": "Point",
        "coordinates": [
          106.6632339,
          10.7545503
        ]
      },
      "id": "node/13204322590"
    },
    {
      "type": "Feature",
      "properties": {
        "@id": "node/13245338560",
        "amenity": "atm",
        "name": "Vietcombank",
        "operator": "Vietcombank"
      },
      "geometry": {
        "type": "Point",
        "coordinates": [
          106.6868656,
          10.776816
        ]
      },
      "id": "node/13245338560"
    },
    {
      "type": "Feature",
      "properties": {
        "@id": "node/13249017445",
        "amenity": "atm",
        "name": "BIDV",
        "operator": "BIDV"
      },
      "geometry": {
        "type": "Point",
        "coordinates": [
          106.6636593,
          10.7533001
        ]
      },
      "id": "node/13249017445"
    }
  ]
}