{
  "type": "FeatureCollection",
  "generator": "overpass-turbo",
  "copyright": "The data included in this document is from www.openstreetmap.org. The data is made available under ODbL.",
  "timestamp": "2025-10-29T12:24:00Z",
  "features": [
    {
      "type": "Feature",
      "properties": {
        "@id": "way/751056546",
        "amenity": "college",
        "name": "Trung tâm Bồi dưỡng Chính trị huyện Côn Đảo",
        "name:en": "Con Dao District Political Training School"
      },
      "geometry": {
        "type": "Polygon",
        "coordinates": [
          [
            [
              106.6062333,
              8.6852523
            ],
            [
              106.6059838,
              8.6851396
            ],
            [
              106.6061783,
              8.6847445
            ],
            [
              106.6064747,
              8.6848864
            ],
            [
              106.6062782,
              8.6852509
            ],
            [
              106.6062587,
              8.6852582
            ],
            [
              106.6062333,
              8.6852523
            ]
          ]
        ]
      },
      "id": "way/751056546"
    },
    {
      "type": "Feature",
      "properties": {
        "@id": "way/755950670",
        "amenity": "college",
        "name": "Trung tâm Bồi Dưỡng Chính Trị"
      },
      "geometry": {
        "type": "Polygon",
        "coordinates": [
          [
            [
              106.9521403,
              10.409524
            ],
            [
              106.9524622,
              10.4084582
            ],
            [
              106.9536209,
              10.4087787
            ],
            [
              106.9532132,
              10.40983
            ],
            [
              106.9521403,
              10.409524
            ]
          ]
        ]
      },
      "id": "way/755950670"
    },
    {
      "type": "Feature",
      "properties": {
        "@id": "way/790529518",
        "amenity": "college",
        "name": "Trường Trung cấp Kỹ Thuật Công Đoàn"
      },
      "geometry": {
        "type": "Polygon",
        "coordinates": [
          [
            [
              107.0784979,
              10.341948
            ],
            [
              107.0784444,
              10.3417365
            ],
            [
              107.0784241,
              10.3416564
            ],
            [
              107.0784107,
              10.3416036
            ],
            [
              107.0788882,
              10.3414822
            ],
            [
              107.07897,
              10.3418147
            ],
            [
              107.0784979,
              10.341948
            ]
          ]
        ]
      },
      "id": "way/790529518"
    },
    {
      "type": "Feature",
      "properties": {
        "@id": "way/225078665",
        "addr:housenumber": "78",
        "addr:street": "Trương Công Định",
        "amenity": "college",
        "name": "Trường Cao đẳng Nghề tỉnh Bà Rịa-Vũng Tàu - cơ sở 2",
        "name:en": "Ba Ria - Vung Tau Vocational College - Campus 2",
        "name:id": "Polyteknik Ba Ria-Vung Tau"
      },
      "geometry": {
        "type": "Polygon",
        "coordinates": [
          [
            [
              107.0816726,
              10.3483665
            ],
            [
              107.0812723,
              10.3475778
            ],
            [
              107.0819405,
              10.3472674
            ],
            [
              107.0816999,
              10.3468077
            ],
            [
              107.0814493,
              10.3469273
            ],
            [
              107.081235,
              10.3465128
            ],
            [
              107.0817232,
              10.3462859
            ],
            [
              107.0825109,
              10.3479921
            ],
            [
              107.0816726,
              10.3483665
            ]
          ]
        ]
      },
      "id": "way/225078665"
    },
    {
      "type": "Feature",
      "properties": {
        "@id": "way/580493835",
        "amenity": "college",
        "building": "yes",
        "name": "Trung tâm GDTX và Hướng Nghiệp Tp. Vũng Tàu",
        "name:en": "Centre for Continuing and Vocational Education",
        "name:id": "Pusat"
      },
      "geometry": {
        "type": "Polygon",
        "coordinates": [
          [
            [
              107.0796313,
              10.3452159
            ],
            [
              107.079583,
              10.345338
            ],
            [
              107.0790895,
              10.3451494
            ],
            [
              107.0790053,
              10.3453626
            ],
            [
              107.0788899,
              10.3453185
            ],
            [
              107.0790224,
              10.3449831
            ],
            [
              107.0796313,
              10.3452159
            ]
          ]
        ]
      },
      "id": "way/580493835"
    },
    {
      "type": "Feature",
      "properties": {
        "@id": "way/1023471613",
        "amenity": "college",
        "name": "Trường Cao đẳng Du lịch Vũng Tàu",
        "name:en": "Vung Tau Tourism College",
        "name:id": "Sekolah Tinggi Wisata Vung Tau",
        "name:zh": "头顿游历高等学校"
      },
      "geometry": {
        "type": "Polygon",
        "coordinates": [
          [
            [
              107.0863998,
              10.3580548
            ],
            [
              107.0864829,
              10.3582394
            ],
            [
              107.0856246,
              10.358812
            ],
            [
              107.085469,
              10.3585693
            ],
            [
              107.0854006,
              10.3586075
            ],
            [
              107.0852169,
              10.358341
            ],
            [
              107.0859693,
              10.3579387
            ],
            [
              107.0861557,
              10.3582157
            ],
            [
              107.0863998,
              10.3580548
            ]
          ]
        ]
      },
      "id": "way/1023471613"
    },
    {
      "type": "Feature",
      "properties": {
        "@id": "way/234568525",
        "amenity": "college",
        "building": "yes",
        "name": "Trường cao đẳng nghề dầu khí Vũng Tàu"
      },
      "geometry": {
        "type": "Polygon",
        "coordinates": [
          [
            [
              107.0886655,
              10.3762377
            ],
            [
              107.0884954,
              10.3758361
            ],
            [
              107.0887279,
              10.3757412
            ],
            [
              107.0887704,
              10.3758528
            ],
            [
              107.0888129,
              10.3758416
            ],
            [
              107.0888696,
              10.3759978
            ],
            [
              107.0888271,
              10.3760173
            ],
            [
              107.0888866,
              10.3761484
            ],
            [
              107.0886655,
              10.3762377
            ]
          ]
        ]
      },
      "id": "way/234568525"
    },
    {
      "type": "Feature",
      "properties": {
        "@id": "way/790384295",
        "amenity": "college",
        "name": "Trường Cao đẳng Nghề Dầu khí"
      },
      "geometry": {
        "type": "Polygon",
        "coordinates": [
          [
            [
              107.0901923,
              10.3757325
            ],
            [
              107.0901869,
              10.375755
            ],
            [
              107.0886648,
              10.3764251
            ],
            [
              107.0883657,
              10.3757866
            ],
            [
              107.0898624,
              10.375065
            ],
            [
              107.0901923,
              10.3757325
            ]
          ]
        ]
      },
      "id": "way/790384295"
    },
    {
      "type": "Feature",
      "properties": {
        "@id": "way/793457860",
        "amenity": "college",
        "building": "yes",
        "name": "Trung tâm Đào tạo Bộ GTVT"
      },
      "geometry": {
        "type": "Polygon",
        "coordinates": [
          [
            [
              107.12779,
              10.3831682
            ],
            [
              107.1276737,
              10.3830811
            ],
            [
              107.1278077,
              10.3829079
            ],
            [
              107.1279241,
              10.382995
            ],
            [
              107.12779,
              10.3831682
            ]
          ]
        ]
      },
      "id": "way/793457860"
    },
    {
      "type": "Feature",
      "properties": {
        "@id": "way/244397459",
        "addr:street": "Ba Tháng Hai",
        "amenity": "college",
        "name": "Trường Trung cấp nghề GTVT",
        "name:en": "Vung Tau Transport College"
      },
      "geometry": {
        "type": "Polygon",
        "coordinates": [
          [
            [
              107.1370724,
              10.3922904
            ],
            [
              107.1384404,
              10.3901218
            ],
            [
              107.1391806,
              10.3905439
            ],
            [
              107.1378503,
              10.3927389
            ],
            [
              107.1370724,
              10.3922904
            ]
          ]
        ]
      },
      "id": "way/244397459"
    },
    {
      "type": "Feature",
      "properties": {
        "@id": "way/244397461",
        "addr:street": "Đường 3 Tháng 2",
        "amenity": "college",
        "name": "Trường Cao đẳng Kỹ thuật Công nghệ Bà Rịa - Vũng Tàu (cơ sở 2)",
        "old_name": "Trường Cao đẳng Cộng đồng",
        "old_name:en": "Ba Ria Vung Tau Community College",
        "old_name:id": "Perguruan Tinggi Komunitas Ba Ria-Vung Tau",
        "old_name:zh": "巴地头顿共同高等小学"
      },
      "geometry": {
        "type": "Polygon",
        "coordinates": [
          [
            [
              107.1393529,
              10.3945076
            ],
            [
              107.1411225,
              10.3917297
            ],
            [
              107.1443007,
              10.3936652
            ],
            [
              107.1435008,
              10.3948487
            ],
            [
              107.1414056,
              10.3954057
            ],
            [
              107.1412853,
              10.395538
            ],
            [
              107.1393529,
              10.3945076
            ]
          ]
        ]
      },
      "id": "way/244397461"
    },
    {
      "type": "Feature",
      "properties": {
        "@id": "way/761235184",
        "amenity": "college",
        "name": "Trung tâm Huấn luyện & Bồi dưỡng nghiệp vụ Công An tỉnh BRVT",
        "police": "training_area"
      },
      "geometry": {
        "type": "Polygon",
        "coordinates": [
          [
            [
              107.1851546,
              10.4272117
            ],
            [
              107.1844062,
              10.42761
            ],
            [
              107.1842667,
              10.4276074
            ],
            [
              107.1840844,
              10.4275151
            ],
            [
              107.183395,
              10.4270587
            ],
            [
              107.1831885,
              10.4269084
            ],
            [
              107.1826172,
              10.4261539
            ],
            [
              107.1836016,
              10.4253665
            ],
            [
              107.1836418,
              10.4253652
            ],
            [
              107.183678,
              10.4253916
            ],
            [
              107.1838564,
              10.4256553
            ],
            [
              107.1845511,
              10.4264414
            ],
            [
              107.1851546,
              10.4272117
            ]
          ]
        ]
      },
      "id": "way/761235184"
    },
    {
      "type": "Feature",
      "properties": {
        "@id": "way/691444126",
        "amenity": "college",
        "name": "Trường Đào tạo Cán bộ Agribank Long Hải"
      },
      "geometry": {
        "type": "Polygon",
        "coordinates": [
          [
            [
              107.2216567,
              10.4034538
            ],
            [
              107.2224024,
              10.402847
            ],
            [
              107.2231507,
              10.4036912
            ],
            [
              107.2226585,
              10.4043164
            ],
            [
              107.2216567,
              10.4034538
            ]
          ]
        ]
      },
      "id": "way/691444126"
    },
    {
      "type": "Feature",
      "properties": {
        "@id": "way/253636216",
        "addr:housenumber": "13",
        "addr:street": "Trường Chinh",
        "amenity": "college",
        "name": "Trường Chính trị Tỉnh Bà Rịa-Vũng Tàu",
        "name:en": "Ba Ria Vung Tau Province School of Politics",
        "name:id": "Sekola Politik Provinsi Ba Ria-Vung Tau",
        "name:zh": "巴地头顿省政治学校"
      },
      "geometry": {
        "type": "Polygon",
        "coordinates": [
          [
            [
              107.1824752,
              10.4878027
            ],
            [
              107.1820131,
              10.4862152
            ],
            [
              107.1839664,
              10.485676
            ],
            [
              107.1844471,
              10.4872453
            ],
            [
              107.1824752,
              10.4878027
            ]
          ]
        ]
      },
      "id": "way/253636216"
    },
    {
      "type": "Feature",
      "properties": {
        "@id": "way/786548104",
        "amenity": "college",
        "building": "yes",
        "name": "Trung tâm Bồi dưỡng Văn Lang"
      },
      "geometry": {
        "type": "Polygon",
        "coordinates": [
          [
            [
              107.1775278,
              10.493517
            ],
            [
              107.1774816,
              10.4933005
            ],
            [
              107.1775558,
              10.4932852
            ],
            [
              107.1776019,
              10.4935018
            ],
            [
              107.1775278,
              10.493517
            ]
          ]
        ]
      },
      "id": "way/786548104"
    },
    {
      "type": "Feature",
      "properties": {
        "@id": "way/119409563",
        "addr:housenumber": "145",
        "addr:street": "Hai Mươi Bảy Tháng Tư",
        "amenity": "college",
        "name": "Trung tâm Bồi dưỡng Chính trị TP Bà Rịa"
      },
      "geometry": {
        "type": "Polygon",
        "coordinates": [
          [
            [
              107.1681076,
              10.4999768
            ],
            [
              107.1680481,
              10.4998142
            ],
            [
              107.1683292,
              10.4997147
            ],
            [
              107.1683888,
              10.4998773
            ],
            [
              107.1681076,
              10.4999768
            ]
          ]
        ]
      },
      "id": "way/119409563"
    },
    {
      "type": "Feature",
      "properties": {
        "@id": "way/568980561",
        "amenity": "college",
        "name": "Trung tâm Bồi dưỡng Chính trị TP Bà Rịa"
      },
      "geometry": {
        "type": "Polygon",
        "coordinates": [
          [
            [
              107.1684337,
              10.4996127
            ],
            [
              107.168498,
              10.4998408
            ],
            [
              107.1684752,
              10.4999199
            ],
            [
              107.1685423,
              10.5001257
            ],
            [
              107.1672763,
              10.4998013
            ],
            [
              107.1677497,
              10.4996391
            ],
            [
              107.1679019,
              10.4995652
            ],
            [
              107.1680072,
              10.4997709
            ],
            [
              107.1684337,
              10.4996127
            ]
          ]
        ]
      },
      "id": "way/568980561"
    },
    {
      "type": "Feature",
      "properties": {
        "@id": "way/594236786",
        "amenity": "college",
        "name": "Trường Trung cấp nghề Phước Thọ"
      },
      "geometry": {
        "type": "Polygon",
        "coordinates": [
          [
            [
              107.1775103,
              10.4991261
            ],
            [
              107.1771455,
              10.4992633
            ],
            [
              107.1770221,
              10.4992369
            ],
            [
              107.176837,
              10.4987411
            ],
            [
              107.1773091,
              10.4985512
            ],
            [
              107.1775103,
              10.4991261
            ]
          ]
        ]
      },
      "id": "way/594236786"
    },
    {
      "type": "Feature",
      "properties": {
        "@id": "way/309564040",
        "amenity": "college",
        "name": "Trường Cao đẳng Biên phòng (cơ sở 2)",
        "name:en": "Border Guards College no. 2",
        "name:zh": "2号边防中级学校"
      },
      "geometry": {
        "type": "Polygon",
        "coordinates": [
          [
            [
              107.1909807,
              10.4981985
            ],
            [
              107.1881818,
              10.4988495
            ],
            [
              107.1882876,
              10.4985908
            ],
            [
              107.1883491,
              10.4982043
            ],
            [
              107.1871702,
              10.4981575
            ],
            [
              107.1875442,
              10.494915
            ],
            [
              107.1890897,
              10.4940505
            ],
            [
              107.1909807,
              10.4981985
            ]
          ]
        ]
      },
      "id": "way/309564040"
    },
    {
      "type": "Feature",
      "properties": {
        "@id": "way/254754091",
        "addr:housenumber": "689",
        "addr:street": "Cách Mạng Tháng Tám",
        "amenity": "college",
        "name": "Trường CĐSP Bà Rịa-Vũng Tàu",
        "name:en": "Ba Ria-Vung Tau Pedagogical College",
        "name:vi": "Trường CĐSP Bà Rịa-Vũng Tàu",
        "name:zh": "巴地头顿师范高等学校"
      },
      "geometry": {
        "type": "Polygon",
        "coordinates": [
          [
            [
              107.1914172,
              10.4883404
            ],
            [
              107.191608,
              10.4882451
            ],
            [
              107.1917063,
              10.4883452
            ],
            [
              107.1919187,
              10.4882144
            ],
            [
              107.1918809,
              10.4881449
            ],
            [
              107.1923057,
              10.4879956
            ],
            [
              107.1923472,
              10.4880114
            ],
            [
              107.1926658,
              10.4884894
            ],
            [
              107.193109,
              10.4892009
            ],
            [
              107.1935542,
              10.4898206
            ],
            [
              107.1938305,
              10.4902479
            ],
            [
              107.1937608,
              10.4902927
            ],
            [
              107.1936173,
              10.4903454
            ],
            [
              107.1933182,
              10.4903798
            ],
            [
              107.1931016,
              10.4904338
            ],
            [
              107.1928183,
              10.4905745
            ],
            [
              107.1926443,
              10.4903685
            ],
            [
              107.1924676,
              10.49032
            ],
            [
              107.1924431,
              10.4902697
            ],
            [
              107.1926114,
              10.4901371
            ],
            [
              107.1920411,
              10.4893693
            ],
            [
              107.1918322,
              10.4890558
            ],
            [
              107.1913695,
              10.4883826
            ],
            [
              107.1914172,
              10.4883404
            ]
          ]
        ]
      },
      "id": "way/254754091"
    },
    {
      "type": "Feature",
      "properties": {
        "@id": "way/140683558",
        "amenity": "college",
        "name": "Trường Cao đẳng Kỹ thuật Công nghệ Bà Rịa - Vũng Tàu",
        "name:zh": "巴地头顿基说工艺高等学校"
      },
      "geometry": {
        "type": "Polygon",
        "coordinates": [
          [
            [
              107.2582073,
              10.4871405
            ],
            [
              107.258158,
              10.4870715
            ],
            [
              107.2579883,
              10.4870642
            ],
            [
              107.2579702,
              10.4870209
            ],
            [
              107.2575279,
              10.4869956
            ],
            [
              107.2575527,
              10.4852132
            ],
            [
              107.2595487,
              10.4853154
            ],
            [
              107.2593999,
              10.4871819
            ],
            [
              107.2582073,
              10.4871405
            ]
          ]
        ]
      },
      "id": "way/140683558"
    },
    {
      "type": "Feature",
      "properties": {
        "@id": "way/1125397333",
        "amenity": "college",
        "name": "Trường Cao đẳng Kinh tế - Kỹ thuật TP.HCM (cơ sở 2)"
      },
      "geometry": {
        "type": "Polygon",
        "coordinates": [
          [
            [
              106.7329664,
              10.6711392
            ],
            [
              106.7329288,
              10.671039
            ],
            [
              106.7329932,
              10.6708703
            ],
            [
              106.7329986,
              10.6707122
            ],
            [
              106.7329879,
              10.6705646
            ],
            [
              106.7355681,
              10.6689725
            ],
            [
              106.7357666,
              10.6692783
            ],
            [
              106.7354072,
              10.6708993
            ],
            [
              106.7352141,
              10.6709863
            ],
            [
              106.7350773,
              10.671097
            ],
            [
              106.7349941,
              10.6712604
            ],
            [
              106.7349083,
              10.6716558
            ],
            [
              106.7346991,
              10.6716031
            ],
            [
              106.7346589,
              10.6715451
            ],
            [
              106.7342029,
              10.6714265
            ],
            [
              106.7341439,
              10.6714634
            ],
            [
              106.7329664,
              10.6711392
            ]
          ]
        ]
      },
      "id": "way/1125397333"
    },
    {
      "type": "Feature",
      "properties": {
        "@id": "way/1066900815",
        "addr:housenumber": "296",
        "addr:street": "Đường Lưu Hữu Phước",
        "amenity": "college",
        "name": "Phân hiệu trường Cao đẳng Lương thực - Thực phẩm tại TP.HCM"
      },
      "geometry": {
        "type": "Polygon",
        "coordinates": [
          [
            [
              106.6309513,
              10.7193912
            ],
            [
              106.6317325,
              10.7190328
            ],
            [
              106.6324514,
              10.7204876
            ],
            [
              106.6317106,
              10.7208364
            ],
            [
              106.6309513,
              10.7193912
            ]
          ]
        ]
      },
      "id": "way/1066900815"
    },
    {
      "type": "Feature",
      "properties": {
        "@id": "way/493155231",
        "addr:district": "Quận Bình Tân",
        "addr:housenumber": "E4/52",
        "addr:province": "Thành phố Hồ Chí Minh",
        "addr:street": "Quốc lộ 1A",
        "addr:subdistrict": "Phường Bình Trị Đông B",
        "amenity": "college",
        "name": "Trường Trung cấp Kinh tế kỹ thuật Hồng Hà"
      },
      "geometry": {
        "type": "Polygon",
        "coordinates": [
          [
            [
              106.5978071,
              10.7435594
            ],
            [
              106.598424,
              10.7426871
            ],
            [
              106.6010566,
              10.7433907
            ],
            [
              106.6007857,
              10.7443816
            ],
            [
              106.6003941,
              10.7443012
            ],
            [
              106.6003378,
              10.7444606
            ],
            [
              106.5994754,
              10.7442024
            ],
            [
              106.5978071,
              10.7435594
            ]
          ]
        ]
      },
      "id": "way/493155231"
    },
    {
      "type": "Feature",
      "properties": {
        "@id": "way/509172769",
        "addr:city": "Ho Chi Minh City",
        "addr:district": "6",
        "addr:housenumber": "189",
        "addr:street": "Đường Kinh Dương Vương",
        "addr:subdistrict": "12",
        "amenity": "college",
        "name": "Trường Cao đẳng Giao thông vận tải Trung ương VI"
      },
      "geometry": {
        "type": "Polygon",
        "coordinates": [
          [
            [
              106.6267079,
              10.747873
            ],
            [
              106.6263204,
              10.7475548
            ],
            [
              106.6266407,
              10.7471845
            ],
            [
              106.6270477,
              10.7474853
            ],
            [
              106.6270153,
              10.7475222
            ],
            [
              106.6267187,
              10.7478607
            ],
            [
              106.6267079,
              10.747873
            ]
          ]
        ]
      },
      "id": "way/509172769"
    },
    {
      "type": "Feature",
      "properties": {
        "@id": "way/520823014",
        "addr:city": "Ho Chi Minh City",
        "addr:district": "Bình Tân",
        "addr:street": "Đường An Dương Vương",
        "addr:subdistrict": "An Lạc A",
        "amenity": "college",
        "name": "Phân hiệu trường Cao đẳng Nông nghiệp Nam Bộ tại TP.HCM"
      },
      "geometry": {
        "type": "Polygon",
        "coordinates": [
          [
            [
              106.6225878,
              10.7478626
            ],
            [
              106.6228418,
              10.7478011
            ],
            [
              106.6229635,
              10.7481808
            ],
            [
              106.623806,
              10.7479169
            ],
            [
              106.6238116,
              10.7480123
            ],
            [
              106.6238263,
              10.7482604
            ],
            [
              106.6227928,
              10.7485392
            ],
            [
              106.6228487,
              10.7487537
            ],
            [
              106.6223863,
              10.7488852
            ],
            [
              106.6223544,
              10.7487776
            ],
            [
              106.6218683,
              10.7489552
            ],
            [
              106.6217429,
              10.7486207
            ],
            [
              106.6217908,
              10.7486045
            ],
            [
              106.621635,
              10.7482044
            ],
            [
              106.6225878,
              10.7478626
            ]
          ]
        ]
      },
      "id": "way/520823014"
    },
    {
      "type": "Feature",
      "properties": {
        "@id": "way/419464706",
        "addr:housenumber": "215",
        "addr:street": "Nguyễn Văn Luông",
        "amenity": "college",
        "name": "Cao đẳng Kinh tế Kỹ thuật TP.HCM"
      },
      "geometry": {
        "type": "Polygon",
        "coordinates": [
          [
            [
              106.6347331,
              10.7447215
            ],
            [
              106.6337621,
              10.7448164
            ],
            [
              106.6336119,
              10.7442841
            ],
            [
              106.6334805,
              10.743952
            ],
            [
              106.6334349,
              10.7436101
            ],
            [
              106.6335864,
              10.7436095
            ],
            [
              106.6335438,
              10.7433189
            ],
            [
              106.6334385,
              10.7433336
            ],
            [
              106.6333858,
              10.7431785
            ],
            [
              106.6333275,
              10.7430281
            ],
            [
              106.634312,
              10.7429269
            ],
            [
              106.6344166,
              10.7435014
            ],
            [
              106.6345024,
              10.7435172
            ],
            [
              106.6346177,
              10.7435014
            ],
            [
              106.6347331,
              10.7447215
            ]
          ]
        ]
      },
      "id": "way/419464706"
    },
    {
      "type": "Feature",
      "properties": {
        "@id": "way/1357538943",
        "addr:city": "Ho Chi Minh City",
        "addr:district": "Quận Tân Phú",
        "addr:housenumber": "15",
        "addr:postcode": "72015",
        "addr:province": "Hồ Chí Minh",
        "addr:street": "Đường Lương Minh Nguyệt",
        "addr:subdistrict": "Phường Tân Thới Hòa",
        "amenity": "college",
        "internet_access": "yes",
        "name": "Trường Cao Đẳng Khoa học Công Nghệ TPHCM",
        "phone": "0355 588 588",
        "website": "https://hcst.edu.vn/"
      },
      "geometry": {
        "type": "Polygon",
        "coordinates": [
          [
            [
              106.6311993,
              10.7609781
            ],
            [
              106.6311402,
              10.7606295
            ],
            [
              106.631441,
              10.760573
            ],
            [
              106.6314798,
              10.7606544
            ],
            [
              106.6315761,
              10.7606278
            ],
            [
              106.631633,
              10.7608859
            ],
            [
              106.6311993,
              10.7609781
            ]
          ]
        ]
      },
      "id": "way/1357538943"
    },
    {
      "type": "Feature",
      "properties": {
        "@id": "way/509172789",
        "addr:city": "Hồ Chí Minh",
        "addr:district": "Tân Phú",
        "addr:housenumber": "73",
        "addr:street": "Văn Cao",
        "addr:subdistrict": "Phú Thọ Hòa",
        "amenity": "college",
        "check_date": "2024-10-16",
        "name": "Trường Cao đẳng GTVT Trung ương III"
      },
      "geometry": {
        "type": "Polygon",
        "coordinates": [
          [
            [
              106.622211,
              10.7870376
            ],
            [
              106.6221875,
              10.7871036
            ],
            [
              106.6222568,
              10.7872874
            ],
            [
              106.6223099,
              10.7873078
            ],
            [
              106.6223572,
              10.7874805
            ],
            [
              106.6219132,
              10.7876426
            ],
            [
              106.6217375,
              10.7877176
            ],
            [
              106.6214296,
              10.7879099
            ],
            [
              106.62117,
              10.7880705
            ],
            [
              106.6209884,
              10.7881944
            ],
            [
              106.6207657,
              10.7875407
            ],
            [
              106.6209077,
              10.7874877
            ],
            [
              106.6208315,
              10.7872832
            ],
            [
              106.6208375,
              10.7870156
            ],
            [
              106.6208272,
              10.7868502
            ],
            [
              106.6208087,
              10.7866979
            ],
            [
              106.6210646,
              10.7866138
            ],
            [
              106.6212437,
              10.7865546
            ],
            [
              106.6216688,
              10.7863974
            ],
            [
              106.6219735,
              10.7862944
            ],
            [
              106.6220937,
              10.7866375
            ],
            [
              106.622211,
              10.7870376
            ]
          ]
        ]
      },
      "id": "way/509172789"
    },
    {
      "type": "Feature",
      "properties": {
        "@id": "way/1368997444",
        "addr:city": "Hồ Chí Minh",
        "addr:district": "Tân Phú",
        "addr:street": "Lê Thúc Hoạch",
        "addr:subdistrict": "Phú Thọ Hòa",
        "amenity": "college",
        "name": "Trường Cao đẳng GTVT Trung ương III"
      },
      "geometry": {
        "type": "Polygon",
        "coordinates": [
          [
            [
              106.6213889,
              10.788185
            ],
            [
              106.621586,
              10.7880573
            ],
            [
              106.6217335,
              10.7882868
            ],
            [
              106.6216575,
              10.7883528
            ],
            [
              106.6214371,
              10.7883227
            ],
            [
              106.6213889,
              10.788185
            ]
          ]
        ]
      },
      "id": "way/1368997444"
    },
    {
      "type": "Feature",
      "properties": {
        "@id": "way/1233782892",
        "addr:city": "TP. Hồ Chí Minh",
        "addr:district": "Tân Bình",
        "addr:housenumber": "456",
        "addr:street": "Trường Chinh",
        "addr:subdistrict": "Phường 13",
        "amenity": "college",
        "name": "Trung tâm Dạy nghề quận Tân Bình"
      },
      "geometry": {
        "type": "Polygon",
        "coordinates": [
          [
            [
              106.6389598,
              10.8013342
            ],
            [
              106.6387003,
              10.8008416
            ],
            [
              106.6389984,
              10.8006787
            ],
            [
              106.6393411,
              10.8012864
            ],
            [
              106.6392626,
              10.801402
            ],
            [
              106.6392032,
              10.8013568
            ],
            [
              106.6391356,
              10.8012347
            ],
            [
              106.6389598,
              10.8013342
            ]
          ]
        ]
      },
      "id": "way/1233782892"
    },
    {
      "type": "Feature",
      "properties": {
        "@id": "way/1098298114",
        "amenity": "college",
        "name": "Trường Cao đẳng Kiến trúc Xây dựng Thành phố Hồ Chí Minh"
      },
      "geometry": {
        "type": "Polygon",
        "coordinates": [
          [
            [
              106.6474167,
              10.7137041
            ],
            [
              106.6481544,
              10.7142761
            ],
            [
              106.6482317,
              10.7143361
            ],
            [
              106.6483007,
              10.7143895
            ],
            [
              106.6482432,
              10.7144569
            ],
            [
              106.6481422,
              10.7145753
            ],
            [
              106.6477665,
              10.7150157
            ],
            [
              106.647509,
              10.7153175
            ],
            [
              106.64713,
              10.7152414
            ],
            [
              106.6471143,
              10.7152369
            ],
            [
              106.6471018,
              10.7152321
            ],
            [
              106.6470925,
              10.7152256
            ],
            [
              106.6467149,
              10.7149299
            ],
            [
              106.6467085,
              10.7149237
            ],
            [
              106.6467029,
              10.7149148
            ],
            [
              106.6467002,
              10.714909
            ],
            [
              106.6466994,
              10.7149072
            ],
            [
              106.6466983,
              10.7148999
            ],
            [
              106.6466947,
              10.7146344
            ],
            [
              106.6474167,
              10.7137041
            ]
          ]
        ]
      },
      "id": "way/1098298114"
    },
    {
      "type": "Feature",
      "properties": {
        "@id": "way/1108124349",
        "amenity": "college"
      },
      "geometry": {
        "type": "Polygon",
        "coordinates": [
          [
            [
              106.6809619,
              10.73608
            ],
            [
              106.6810185,
              10.7358885
            ],
            [
              106.6810777,
              10.735712
            ],
            [
              106.6815821,
              10.7358645
            ],
            [
              106.6814187,
              10.7363039
            ],
            [
              106.6812838,
              10.7362689
            ],
            [
              106.6813042,
              10.7361938
            ],
            [
              106.6809619,
              10.73608
            ]
          ]
        ]
      },
      "id": "way/1108124349"
    },
    {
      "type": "Feature",
      "properties": {
        "@id": "way/420287585",
        "amenity": "college",
        "name": "Saigon Tech"
      },
      "geometry": {
        "type": "Polygon",
        "coordinates": [
          [
            [
              106.6497131,
              10.7451984
            ],
            [
              106.6496471,
              10.7451623
            ],
            [
              106.6496558,
              10.745147
            ],
            [
              106.6495645,
              10.7450972
            ],
            [
              106.6498146,
              10.7446553
            ],
            [
              106.6499719,
              10.7447413
            ],
            [
              106.6497131,
              10.7451984
            ]
          ]
        ]
      },
      "id": "way/420287585"
    },
    {
      "type": "Feature",
      "properties": {
        "@id": "way/419478167",
        "amenity": "college",
        "name": "TTGDTX Quận 5"
      },
      "geometry": {
        "type": "Polygon",
        "coordinates": [
          [
            [
              106.6631417,
              10.7513707
            ],
            [
              106.6629888,
              10.7514095
            ],
            [
              106.6630062,
              10.7514774
            ],
            [
              106.6628011,
              10.7515426
            ],
            [
              106.6628218,
              10.7512574
            ],
            [
              106.6627769,
              10.7510235
            ],
            [
              106.6630056,
              10.7509076
            ],
            [
              106.6631417,
              10.7513707
            ]
          ]
        ]
      },
      "id": "way/419478167"
    },
    {
      "type": "Feature",
      "properties": {
        "@id": "way/420032391",
        "addr:district": "Quận 8",
        "addr:housenumber": "120",
        "addr:province": "Hồ Chí Minh",
        "addr:street": "Lê Quyên",
        "addr:subdistrict": "Phường 5",
        "amenity": "college",
        "name": "Trung tâm Bồi dưỡng CHính trị Quận 8"
      },
      "geometry": {
        "type": "Polygon",
        "coordinates": [
          [
            [
              106.6678325,
              10.7416006
            ],
            [
              106.6672604,
              10.7414981
            ],
            [
              106.6673672,
              10.7409224
            ],
            [
              106.6675219,
              10.7409501
            ],
            [
              106.6679394,
              10.741025
            ],
            [
              106.6678325,
              10.7416006
            ]
          ]
        ]
      },
      "id": "way/420032391"
    },
    {
      "type": "Feature",
      "properties": {
        "@id": "way/516933002",
        "addr:city": "Ho Chi Minh City",
        "addr:district": "10",
        "addr:housenumber": "33",
        "addr:street": "Đường Vĩnh Viễn",
        "addr:subdistrict": "2",
        "amenity": "college",
        "name": "Trường Cao đẳng Kinh tế TP.HCM"
      },
      "geometry": {
        "type": "Polygon",
        "coordinates": [
          [
            [
              106.6731,
              10.7648728
            ],
            [
              106.6731223,
              10.7647799
            ],
            [
              106.6731518,
              10.7646585
            ],
            [
              106.6729854,
              10.7646127
            ],
            [
              106.6730157,
              10.7644637
            ],
            [
              106.6729008,
              10.7644371
            ],
            [
              106.6729478,
              10.7642254
            ],
            [
              106.6742756,
              10.7645218
            ],
            [
              106.6742227,
              10.7647319
            ],
            [
              106.6739454,
              10.764667
            ],
            [
              106.6736966,
              10.7646116
            ],
            [
              106.6736765,
              10.7646789
            ],
            [
              106.6737583,
              10.7646962
            ],
            [
              106.6737342,
              10.7647703
            ],
            [
              106.6736628,
              10.7647532
            ],
            [
              106.673654,
              10.7647903
            ],
            [
              106.6735201,
              10.7647548
            ],
            [
              106.6734883,
              10.7648852
            ],
            [
              106.6734662,
              10.7649579
            ],
            [
              106.6731,
              10.7648728
            ]
          ]
        ]
      },
      "id": "way/516933002"
    },
    {
      "type": "Feature",
      "properties": {
        "@id": "way/516946766",
        "addr:housenumber": "91",
        "addr:street": "Đường Nguyễn Chí Thanh",
        "amenity": "college",
        "name": "Trường Dự bị Đại học TP.HCM"
      },
      "geometry": {
        "type": "Polygon",
        "coordinates": [
          [
            [
              106.6707832,
              10.760193
            ],
            [
              106.6701229,
              10.7600727
            ],
            [
              106.6702509,
              10.7591056
            ],
            [
              106.6710019,
              10.7592638
            ],
            [
              106.6707832,
              10.760193
            ]
          ]
        ]
      },
      "id": "way/516946766"
    },
    {
      "type": "Feature",
      "properties": {
        "@id": "way/1085083093",
        "amenity": "college",
        "name": "Trường Cao đẳng Sư phạm Trung ương TP.HCM"
      },
      "geometry": {
        "type": "Polygon",
        "coordinates": [
          [
            [
              106.6702197,
              10.7609818
            ],
            [
              106.6703532,
              10.7603119
            ],
            [
              106.6707519,
              10.7603914
            ],
            [
              106.6707399,
              10.7604456
            ],
            [
              106.670701,
              10.7606125
            ],
            [
              106.6706856,
              10.7606883
            ],
            [
              106.6708537,
              10.7607188
            ],
            [
              106.6708798,
              10.7607229
            ],
            [
              106.6708542,
              10.7608249
            ],
            [
              106.6708347,
              10.7608197
            ],
            [
              106.6707149,
              10.760798
            ],
            [
              106.6706668,
              10.7610541
            ],
            [
              106.6706657,
              10.7610645
            ],
            [
              106.6706435,
              10.7611889
            ],
            [
              106.6701821,
              10.7611406
            ],
            [
              106.6702197,
              10.7609818
            ]
          ]
        ]
      },
      "id": "way/1085083093"
    },
    {
      "type": "Feature",
      "properties": {
        "@id": "way/1212006787",
        "addr:city": "Phường 1",
        "addr:district": "Quận 5",
        "addr:housenumber": "81",
        "addr:province": "Hồ Chí Minh",
        "addr:street": "Đường Trần Bình Trọng",
        "addr:subdistrict": "Phường 1",
        "amenity": "college",
        "name": "Trường Cao đẳng Kinh tế đối ngoại"
      },
      "geometry": {
        "type": "Polygon",
        "coordinates": [
          [
            [
              106.6813207,
              10.7548594
            ],
            [
              106.6814472,
              10.7546082
            ],
            [
              106.6816862,
              10.7547244
            ],
            [
              106.6815597,
              10.7549756
            ],
            [
              106.6813207,
              10.7548594
            ]
          ]
        ]
      },
      "id": "way/1212006787"
    },
    {
      "type": "Feature",
      "properties": {
        "@id": "way/682250586",
        "amenity": "college",
        "name": "Trung tâm GD Nghề nghiệp - GDTX Quận 4"
      },
      "geometry": {
        "type": "Polygon",
        "coordinates": [
          [
            [
              106.6945081,
              10.7552476
            ],
            [
              106.6943586,
              10.75516
            ],
            [
              106.694482,
              10.7549472
            ],
            [
              106.6946218,
              10.7550246
            ],
            [
              106.6946335,
              10.7550539
            ],
            [
              106.6945081,
              10.7552476
            ]
          ]
        ]
      },
      "id": "way/682250586"
    },
    {
      "type": "Feature",
      "properties": {
        "@id": "way/187949847",
        "addr:housenumber": "85-87",
        "addr:street": "Tân Vĩnh",
        "amenity": "college",
        "education": "college",
        "name": "Trung tâm Bồi Dưỡng Chính Trị Quận 4"
      },
      "geometry": {
        "type": "Polygon",
        "coordinates": [
          [
            [
              106.7004702,
              10.7597538
            ],
            [
              106.7001797,
              10.7595489
            ],
            [
              106.7001172,
              10.7595073
            ],
            [
              106.7003746,
              10.7591621
            ],
            [
              106.7004095,
              10.7591542
            ],
            [
              106.7004346,
              10.7591587
            ],
            [
              106.700585,
              10.7592747
            ],
            [
              106.7007368,
              10.7593782
            ],
            [
              106.7005635,
              10.7596261
            ],
            [
              106.7004702,
              10.7597538
            ]
          ]
        ]
      },
      "id": "way/187949847"
    },
    {
      "type": "Feature",
      "properties": {
        "@id": "way/806359773",
        "amenity": "college",
        "building": "yes",
        "education": "college",
        "name": "Trung tâm Học tập Cộng đồng Phường 10",
        "name:en": "Ward 10 Community Learning Centre",
        "name:id": "Pusat Pembelajaran Masyarakat Kelurahan 10"
      },
      "geometry": {
        "type": "Polygon",
        "coordinates": [
          [
            [
              106.7068185,
              10.7592295
            ],
            [
              106.7067711,
              10.7592505
            ],
            [
              106.706739,
              10.7592397
            ],
            [
              106.7067061,
              10.7592382
            ],
            [
              106.706676,
              10.7591713
            ],
            [
              106.7067806,
              10.759129
            ],
            [
              106.7068185,
              10.7592295
            ]
          ]
        ]
      },
      "id": "way/806359773"
    },
    {
      "type": "Feature",
      "properties": {
        "@id": "way/1086689917",
        "amenity": "college",
        "name": "Trường Cao đẳng nghề số 7 - Bộ Quốc phòng"
      },
      "geometry": {
        "type": "Polygon",
        "coordinates": [
          [
            [
              106.6624018,
              10.7721973
            ],
            [
              106.6627075,
              10.7715109
            ],
            [
              106.6648493,
              10.772453
            ],
            [
              106.6646347,
              10.772951
            ],
            [
              106.6645381,
              10.7729141
            ],
            [
              106.6644845,
              10.7730432
            ],
            [
              106.663484,
              10.7725979
            ],
            [
              106.663476,
              10.7726269
            ],
            [
              106.6632963,
              10.7725399
            ],
            [
              106.6632855,
              10.7725663
            ],
            [
              106.6624018,
              10.7721973
            ]
          ]
        ]
      },
      "id": "way/1086689917"
    },
    {
      "type": "Feature",
      "properties": {
        "@id": "way/494789259",
        "addr:city": "Ho Chi Minh City",
        "addr:district": "3",
        "addr:housenumber": "391A",
        "addr:postcode": "700000",
        "addr:province": "Ho Chi Minh City",
        "addr:street": "Nam Kỳ Khởi Nghĩa",
        "addr:subdistrict": "14",
        "amenity": "college",
        "building:part": "yes",
        "name": "FPT Skillking HCM"
      },
      "geometry": {
        "type": "Polygon",
        "coordinates": [
          [
            [
              106.6818091,
              10.7909266
            ],
            [
              106.681687,
              10.790225
            ],
            [
              106.6820538,
              10.790567
            ],
            [
              106.6818091,
              10.7909266
            ]
          ]
        ]
      },
      "id": "way/494789259"
    },
    {
      "type": "Feature",
      "properties": {
        "@id": "way/377308554",
        "addr:city": "Phường 4",
        "addr:district": "Tân Bình",
        "addr:housenumber": "390",
        "addr:province": "Thành phố Hồ Chí Minh",
        "addr:street": "Hoàng Văn Thụ",
        "addr:subdistrict": "Phường 4",
        "amenity": "college",
        "name": "Trường Cao đẳng Lý Tự Trọng"
      },
      "geometry": {
        "type": "Polygon",
        "coordinates": [
          [
            [
              106.6543467,
              10.7978976
            ],
            [
              106.6549682,
              10.797305
            ],
            [
              106.6561109,
              10.7961151
            ],
            [
              106.6570353,
              10.7969669
            ],
            [
              106.6568601,
              10.7971922
            ],
            [
              106.6562874,
              10.798119
            ],
            [
              106.6565229,
              10.7982693
            ],
            [
              106.6565407,
              10.7982468
            ],
            [
              106.6570049,
              10.7985362
            ],
            [
              106.6569121,
              10.7987031
            ],
            [
              106.6567775,
              10.7989406
            ],
            [
              106.6566832,
              10.7991086
            ],
            [
              106.6566152,
              10.799072
            ],
            [
              106.6565275,
              10.7992052
            ],
            [
              106.6547125,
              10.7981172
            ],
            [
              106.6544922,
              10.7979876
            ],
            [
              106.6543467,
              10.7978976
            ]
          ]
        ]
      },
      "id": "way/377308554"
    },
    {
      "type": "Feature",
      "properties": {
        "@id": "way/313192288",
        "addr:city": "Ho Chi Minh City",
        "addr:housenumber": "287",
        "addr:street": "Phan Đình Phùng",
        "amenity": "college",
        "building": "yes",
        "name": "Trường Cao đẳng Kinh tế Đối ngoại",
        "name:en": "College of Foreign Economy and Relations"
      },
      "geometry": {
        "type": "Polygon",
        "coordinates": [
          [
            [
              106.6809216,
              10.7976085
            ],
            [
              106.6806739,
              10.7975056
            ],
            [
              106.6806967,
              10.7974525
            ],
            [
              106.6806097,
              10.7974164
            ],
            [
              106.6806652,
              10.7972874
            ],
            [
              106.6808715,
              10.7973731
            ],
            [
              106.6808886,
              10.7973333
            ],
            [
              106.6810171,
              10.7973866
            ],
            [
              106.6809216,
              10.7976085
            ]
          ]
        ]
      },
      "id": "way/313192288"
    },
    {
      "type": "Feature",
      "properties": {
        "@id": "way/493174197",
        "addr:city": "Thành phố Hồ Chí Minh",
        "addr:district": "Tân Bình",
        "addr:housenumber": "117",
        "addr:street": "Hồng Hà",
        "addr:subdistrict": "Phường 2",
        "amenity": "college",
        "name": "Trung tâm Huấn luyện Bay"
      },
      "geometry": {
        "type": "Polygon",
        "coordinates": [
          [
            [
              106.6700907,
              10.8130286
            ],
            [
              106.6699351,
              10.8115759
            ],
            [
              106.6706004,
              10.8115071
            ],
            [
              106.6704773,
              10.8103598
            ],
            [
              106.6706898,
              10.8103378
            ],
            [
              106.6707487,
              10.8108875
            ],
            [
              106.6715715,
              10.8108025
            ],
            [
              106.671791,
              10.8128529
            ],
            [
              106.6703059,
              10.8130063
            ],
            [
              106.6700907,
              10.8130286
            ]
          ]
        ]
      },
      "id": "way/493174197"
    },
    {
      "type": "Feature",
      "properties": {
        "@id": "way/186274986",
        "addr:city": "Thành phố Hồ Chí Minh",
        "addr:district": "Quận 1",
        "addr:housenumber": "65",
        "addr:street": "Huỳnh Thúc Kháng",
        "addr:subdistrict": "Phường Bến Nghé",
        "amenity": "college",
        "education": "college",
        "int_name": "Cao Thang Technical College",
        "name": "Trường Cao đẳng Kỹ thuật Cao Thắng",
        "name:en": "Cao Thang Technical College",
        "name:id": "Perguruan Tinggi Teknik Cao Thang",
        "name:vi": "Trường Cao đẳng Kỹ thuật Cao Thắng",
        "name:zh": "高胜技说高等学校"
      },
      "geometry": {
        "type": "Polygon",
        "coordinates": [
          [
            [
              106.7017861,
              10.772141
            ],
            [
              106.7016512,
              10.7720877
            ],
            [
              106.7016342,
              10.772081
            ],
            [
              106.7016196,
              10.7720752
            ],
            [
              106.7015989,
              10.772067
            ],
            [
              106.7012572,
              10.7719308
            ],
            [
              106.7011855,
              10.7719022
            ],
            [
              106.7009413,
              10.7718058
            ],
            [
              106.7009161,
              10.771755
            ],
            [
              106.7009771,
              10.7716056
            ],
            [
              106.7010127,
              10.7715185
            ],
            [
              106.7010204,
              10.7714995
            ],
            [
              106.7010281,
              10.7714806
            ],
            [
              106.701104,
              10.7712939
            ],
            [
              106.7011105,
              10.771278
            ],
            [
              106.7011163,
              10.7712637
            ],
            [
              106.7011295,
              10.7712312
            ],
            [
              106.7012743,
              10.7712244
            ],
            [
              106.7012968,
              10.7712234
            ],
            [
              106.7013193,
              10.7712223
            ],
            [
              106.7016712,
              10.7712058
            ],
            [
              106.7016937,
              10.7712047
            ],
            [
              106.7017162,
              10.7712036
            ],
            [
              106.7021432,
              10.7711836
            ],
            [
              106.7021647,
              10.7711825
            ],
            [
              106.7021862,
              10.7711815
            ],
            [
              106.7022204,
              10.7711799
            ],
            [
              106.7022437,
              10.7712098
            ],
            [
              106.7021178,
              10.7715026
            ],
            [
              106.702109,
              10.771523
            ],
            [
              106.7021002,
              10.7715434
            ],
            [
              106.7020834,
              10.7715835
            ],
            [
              106.7018544,
              10.7721181
            ],
            [
              106.7017861,
              10.772141
            ]
          ]
        ]
      },
      "id": "way/186274986"
    },
    {
      "type": "Feature",
      "properties": {
        "@id": "way/804047536",
        "amenity": "college",
        "education": "college",
        "name": "Trường Hoa Ngữ Nhật Tân"
      },
      "geometry": {
        "type": "Polygon",
        "coordinates": [
          [
            [
              106.7035317,
              10.7716183
            ],
            [
              106.7032578,
              10.7714928
            ],
            [
              106.7033131,
              10.771362
            ],
            [
              106.7036062,
              10.7714879
            ],
            [
              106.7035317,
              10.7716183
            ]
          ]
        ]
      },
      "id": "way/804047536"
    },
    {
      "type": "Feature",
      "properties": {
        "@id": "way/198123915",
        "addr:housenumber": "6",
        "amenity": "college",
        "denomination": "roman_catholic",
        "education": "college",
        "int_name": "Saint Joseph Major Seminary",
        "landuse": "religious",
        "name": "Đại chủng viện thánh Giuse",
        "name:en": "Saigon Saint Joseph Major Seminary",
        "name:es": "Seminario Mayor de San José",
        "name:fr": "Séminaire majeur Saint Joseph de Saigon",
        "name:id": "Seminari Tinggi Santo Yusuf",
        "name:it": "Seminario Maggiore San Giuseppe di Saigon",
        "name:ja": "セントジョセフ神学校",
        "name:ko": "성 요셉의 주요 신학교",
        "name:ru": "семинария святого Иосифа",
        "name:vi": "Đại chủng viện thánh Giuse",
        "name:vi-Hani": "大種院聖若瑟",
        "name:zh": "圣约瑟夫神学院",
        "name:zh-Hant": "聖約瑟夫神學院",
        "operator": "Tổng Giáo phận Tp. Hồ Chí Minh",
        "phone": "+84-8-38236167",
        "religion": "christian",
        "website": "http://tgpsaigon.net/taxonomy/term/314"
      },
      "geometry": {
        "type": "Polygon",
        "coordinates": [
          [
            [
              106.7055341,
              10.7855253
            ],
            [
              106.7053319,
              10.7853041
            ],
            [
              106.7052403,
              10.785385
            ],
            [
              106.7050697,
              10.7852265
            ],
            [
              106.7049395,
              10.7853457
            ],
            [
              106.7047856,
              10.7854917
            ],
            [
              106.7047281,
              10.7855509
            ],
            [
              106.7046636,
              10.7856142
            ],
            [
              106.7038509,
              10.7847922
            ],
            [
              106.7046408,
              10.7840173
            ],
            [
              106.7050865,
              10.7836094
            ],
            [
              106.7051946,
              10.7837234
            ],
            [
              106.7055421,
              10.7840951
            ],
            [
              106.7061575,
              10.7847367
            ],
            [
              106.7062677,
              10.7848517
            ],
            [
              106.7061025,
              10.7850173
            ],
            [
              106.7059595,
              10.7851607
            ],
            [
              106.7055622,
              10.7855589
            ],
            [
              106.7055341,
              10.7855253
            ]
          ]
        ]
      },
      "id": "way/198123915"
    },
    {
      "type": "Feature",
      "properties": {
        "@id": "way/1023514803",
        "addr:city": "Thành phố Hồ Chí Minh",
        "addr:district": "Quận 1",
        "addr:housenumber": "45",
        "addr:street": "Đinh Tiên Hoàng",
        "addr:subdistrict": "Bến Nghé",
        "amenity": "college",
        "check_date": "2025-01-05",
        "education": "college",
        "name": "Trường Chính sách công và Phát triển nông thôn"
      },
      "geometry": {
        "type": "Polygon",
        "coordinates": [
          [
            [
              106.7017523,
              10.7863492
            ],
            [
              106.7014228,
              10.7859937
            ],
            [
              106.7015073,
              10.7859094
            ],
            [
              106.7010714,
              10.7854707
            ],
            [
              106.7012196,
              10.785329
            ],
            [
              106.7011052,
              10.7852051
            ],
            [
              106.7013985,
              10.7849251
            ],
            [
              106.7015608,
              10.7851014
            ],
            [
              106.7015157,
              10.7851437
            ],
            [
              106.7017589,
              10.7854038
            ],
            [
              106.7018114,
              10.7853511
            ],
            [
              106.702211,
              10.7857691
            ],
            [
              106.7022731,
              10.7858347
            ],
            [
              106.7017523,
              10.7863492
            ]
          ]
        ]
      },
      "id": "way/1023514803"
    },
    {
      "type": "Feature",
      "properties": {
        "@id": "way/804925965",
        "amenity": "college",
        "building": "yes",
        "education": "college",
        "name": "Trường Cán bộ Quản lý giáo dục TPHCM"
      },
      "geometry": {
        "type": "Polygon",
        "coordinates": [
          [
            [
              106.7061293,
              10.7860136
            ],
            [
              106.7059876,
              10.7861445
            ],
            [
              106.7058397,
              10.78599
            ],
            [
              106.7059814,
              10.7858591
            ],
            [
              106.7061293,
              10.7860136
            ]
          ]
        ]
      },
      "id": "way/804925965"
    },
    {
      "type": "Feature",
      "properties": {
        "@id": "way/289042052",
        "addr:city": "Thành phố Hồ Chí Minh",
        "addr:district": "Bình Thạnh",
        "addr:housenumber": "215",
        "addr:province": "Thành phố Hồ Chí Minh",
        "addr:street": "Điện Biên Phủ",
        "addr:subdistrict": "Phường 15",
        "amenity": "college",
        "education": "college",
        "name": "Trường Đại Học Quốc Tế Hồng Bàng"
      },
      "geometry": {
        "type": "Polygon",
        "coordinates": [
          [
            [
              106.7059307,
              10.8008392
            ],
            [
              106.7057535,
              10.8007091
            ],
            [
              106.7060262,
              10.8003744
            ],
            [
              106.7060203,
              10.8002998
            ],
            [
              106.7062209,
              10.8001372
            ],
            [
              106.7063844,
              10.8000588
            ],
            [
              106.7064078,
              10.8000741
            ],
            [
              106.7061741,
              10.8003514
            ],
            [
              106.7062735,
              10.8004432
            ],
            [
              106.7059307,
              10.8008392
            ]
          ]
        ]
      },
      "id": "way/289042052"
    },
    {
      "type": "Feature",
      "properties": {
        "@id": "way/516639136",
        "amenity": "college",
        "name": "Trường Cao Đẳng Giao Thông Vận Tải TPHCM"
      },
      "geometry": {
        "type": "Polygon",
        "coordinates": [
          [
            [
              106.6125233,
              10.8571118
            ],
            [
              106.6116916,
              10.8575109
            ],
            [
              106.6108264,
              10.8580262
            ],
            [
              106.6107064,
              10.8580976
            ],
            [
              106.6104378,
              10.8576629
            ],
            [
              106.6100732,
              10.857897
            ],
            [
              106.6103054,
              10.8583364
            ],
            [
              106.6098174,
              10.8586061
            ],
            [
              106.609614,
              10.8586899
            ],
            [
              106.6092634,
              10.8581472
            ],
            [
              106.6090629,
              10.8578502
            ],
            [
              106.6113372,
              10.8556808
            ],
            [
              106.6112157,
              10.8555478
            ],
            [
              106.6112998,
              10.8554744
            ],
            [
              106.6112204,
              10.8553597
            ],
            [
              106.6118182,
              10.8549974
            ],
            [
              106.61276,
              10.8563229
            ],
            [
              106.6123301,
              10.8566143
            ],
            [
              106.612632,
              10.8570589
            ],
            [
              106.6125233,
              10.8571118
            ]
          ]
        ]
      },
      "id": "way/516639136"
    },
    {
      "type": "Feature",
      "properties": {
        "@id": "way/516639200",
        "addr:housenumber": "36",
        "addr:street": "Hiệp Thành 11",
        "amenity": "college",
        "name": "Trường Trung Cấp Kinh Tế Kỹ Thuật"
      },
      "geometry": {
        "type": "Polygon",
        "coordinates": [
          [
            [
              106.6341547,
              10.8777073
            ],
            [
              106.6331302,
              10.8782662
            ],
            [
              106.6328619,
              10.8778031
            ],
            [
              106.633862,
              10.8771723
            ],
            [
              106.6341547,
              10.8777073
            ]
          ]
        ]
      },
      "id": "way/516639200"
    },
    {
      "type": "Feature",
      "properties": {
        "@id": "way/1313432448",
        "addr:city": "Phường 7",
        "addr:district": "Quận Gò Vấp",
        "addr:housenumber": "103",
        "addr:province": "Thành phố Hồ Chí Minh",
        "addr:street": "Dương Quảng Hàm",
        "addr:subdistrict": "Phường 7",
        "amenity": "college",
        "name": "Trường Cao đẳng số 21 - Chi nhánh phía Nam"
      },
      "geometry": {
        "type": "Polygon",
        "coordinates": [
          [
            [
              106.687206,
              10.8308289
            ],
            [
              106.6871952,
              10.8307969
            ],
            [
              106.6869045,
              10.8299393
            ],
            [
              106.6872124,
              10.8298338
            ],
            [
              106.6875236,
              10.8307678
            ],
            [
              106.6874683,
              10.8308302
            ],
            [
              106.6872741,
              10.8310493
            ],
            [
              106.6871334,
              10.830901
            ],
            [
              106.687206,
              10.8308289
            ]
          ]
        ]
      },
      "id": "way/1313432448"
    },
    {
      "type": "Feature",
      "properties": {
        "@id": "way/1059566391",
        "addr:housenumber": "194",
        "addr:street": "Đường Lê Đức Thọ",
        "amenity": "college",
        "name": "Trường Cao đẳng Nova"
      },
      "geometry": {
        "type": "Polygon",
        "coordinates": [
          [
            [
              106.6809482,
              10.8368044
            ],
            [
              106.6814793,
              10.8369717
            ],
            [
              106.6813908,
              10.837218
            ],
            [
              106.6808583,
              10.8370336
            ],
            [
              106.6809482,
              10.8368044
            ]
          ]
        ]
      },
      "id": "way/1059566391"
    },
    {
      "type": "Feature",
      "properties": {
        "@id": "way/327442180",
        "amenity": "college",
        "name": "Trường Cao đẳng Điện Lực"
      },
      "geometry": {
        "type": "Polygon",
        "coordinates": [
          [
            [
              106.6803794,
              10.8785436
            ],
            [
              106.6802167,
              10.8788682
            ],
            [
              106.680339,
              10.8789327
            ],
            [
              106.6800667,
              10.8795399
            ],
            [
              106.6803454,
              10.8796563
            ],
            [
              106.680198,
              10.879974
            ],
            [
              106.6799482,
              10.8798576
            ],
            [
              106.6793876,
              10.880965
            ],
            [
              106.6793011,
              10.880987
            ],
            [
              106.6791771,
              10.8807032
            ],
            [
              106.6788077,
              10.8798576
            ],
            [
              106.6794869,
              10.8785662
            ],
            [
              106.6795125,
              10.8785804
            ],
            [
              106.679615,
              10.8783696
            ],
            [
              106.6796535,
              10.8783916
            ],
            [
              106.6797365,
              10.878246
            ],
            [
              106.6803794,
              10.8785436
            ]
          ]
        ]
      },
      "id": "way/327442180"
    },
    {
      "type": "Feature",
      "properties": {
        "@id": "way/497179452",
        "amenity": "college",
        "name": "Cao đẳng Sư phạm Mầm non TW3"
      },
      "geometry": {
        "type": "Polygon",
        "coordinates": [
          [
            [
              106.7718436,
              10.8118085
            ],
            [
              106.7718208,
              10.8126436
            ],
            [
              106.7713997,
              10.8125883
            ],
            [
              106.7706192,
              10.8126963
            ],
            [
              106.7705038,
              10.8118611
            ],
            [
              106.7718436,
              10.8118085
            ]
          ]
        ]
      },
      "id": "way/497179452"
    },
    {
      "type": "Feature",
      "properties": {
        "@id": "way/1271043475",
        "amenity": "college",
        "name": "Trường Cao Đẳng Sư Phạm Trung Ương TP.HCM"
      },
      "geometry": {
        "type": "Polygon",
        "coordinates": [
          [
            [
              106.7829622,
              10.8063436
            ],
            [
              106.7823394,
              10.8059608
            ],
            [
              106.7819194,
              10.8057027
            ],
            [
              106.7823931,
              10.8049379
            ],
            [
              106.783413,
              10.8054891
            ],
            [
              106.7830212,
              10.8063216
            ],
            [
              106.7829622,
              10.8063436
            ]
          ]
        ]
      },
      "id": "way/1271043475"
    },
    {
      "type": "Feature",
      "properties": {
        "@id": "way/314228846",
        "amenity": "college",
        "name": "Trường Cao Đẳng Kinh tế Đối ngoại"
      },
      "geometry": {
        "type": "Polygon",
        "coordinates": [
          [
            [
              106.7713482,
              10.8133822
            ],
            [
              106.7713205,
              10.8128496
            ],
            [
              106.7718997,
              10.8128617
            ],
            [
              106.772824,
              10.8129827
            ],
            [
              106.772747,
              10.8134518
            ],
            [
              106.7713482,
              10.8133822
            ]
          ]
        ]
      },
      "id": "way/314228846"
    },
    {
      "type": "Feature",
      "properties": {
        "@id": "way/497179454",
        "addr:housenumber": "420",
        "addr:street": "Đường Đỗ Xuân Hợp",
        "amenity": "college",
        "name": "Phân viện Học viện Phụ nữ Việt Nam"
      },
      "geometry": {
        "type": "Polygon",
        "coordinates": [
          [
            [
              106.7747565,
              10.8151015
            ],
            [
              106.7741611,
              10.8148978
            ],
            [
              106.7744024,
              10.8142174
            ],
            [
              106.7749977,
              10.814421
            ],
            [
              106.7747565,
              10.8151015
            ]
          ]
        ]
      },
      "id": "way/497179454"
    },
    {
      "type": "Feature",
      "properties": {
        "@id": "way/402881850",
        "addr:housenumber": "502",
        "addr:street": "Đường Đỗ Xuân Hợp",
        "amenity": "college",
        "name": "Trường Cao đẳng Kỹ nghệ II"
      },
      "geometry": {
        "type": "Polygon",
        "coordinates": [
          [
            [
              106.7714413,
              10.822022
            ],
            [
              106.7714118,
              10.8220773
            ],
            [
              106.7710679,
              10.8216319
            ],
            [
              106.7709236,
              10.821445
            ],
            [
              106.7705025,
              10.8209044
            ],
            [
              106.7701806,
              10.8204913
            ],
            [
              106.7697917,
              10.8200566
            ],
            [
              106.7698507,
              10.8199486
            ],
            [
              106.7699339,
              10.8199512
            ],
            [
              106.7708458,
              10.8201435
            ],
            [
              106.7717175,
              10.8203411
            ],
            [
              106.7724095,
              10.8205519
            ],
            [
              106.7720609,
              10.8211131
            ],
            [
              106.7717551,
              10.8215925
            ],
            [
              106.7714413,
              10.822022
            ]
          ]
        ]
      },
      "id": "way/402881850"
    },
    {
      "type": "Feature",
      "properties": {
        "@id": "way/996080489",
        "amenity": "college",
        "name": "Trường Cao Đẳng Công Thương TP.HCM"
      },
      "geometry": {
        "type": "Polygon",
        "coordinates": [
          [
            [
              106.7755095,
              10.8311394
            ],
            [
              106.7751342,
              10.830804
            ],
            [
              106.7746561,
              10.830416
            ],
            [
              106.774288,
              10.8301284
            ],
            [
              106.7746129,
              10.8297548
            ],
            [
              106.7747092,
              10.8297353
            ],
            [
              106.7749547,
              10.8299672
            ],
            [
              106.7755014,
              10.8297516
            ],
            [
              106.775677,
              10.8296293
            ],
            [
              106.7760028,
              10.8293332
            ],
            [
              106.7764034,
              10.8297249
            ],
            [
              106.7764034,
              10.8297929
            ],
            [
              106.7763416,
              10.8299143
            ],
            [
              106.7762257,
              10.8301044
            ],
            [
              106.776002,
              10.8304487
            ],
            [
              106.7755095,
              10.8311394
            ]
          ]
        ]
      },
      "id": "way/996080489"
    },
    {
      "type": "Feature",
      "properties": {
        "@id": "way/224457308",
        "amenity": "college",
        "name": "Trường Cao đẳng Công nghệ Thủ Đức"
      },
      "geometry": {
        "type": "Polygon",
        "coordinates": [
          [
            [
              106.7573727,
              10.8512999
            ],
            [
              106.7582464,
              10.8511114
            ],
            [
              106.7582024,
              10.8510451
            ],
            [
              106.7582903,
              10.8509988
            ],
            [
              106.7585166,
              10.8513049
            ],
            [
              106.7586947,
              10.8512264
            ],
            [
              106.7588986,
              10.851647
            ],
            [
              106.7591132,
              10.8516989
            ],
            [
              106.7595227,
              10.8516582
            ],
            [
              106.7598195,
              10.851578
            ],
            [
              106.7599205,
              10.8519376
            ],
            [
              106.7600853,
              10.8524805
            ],
            [
              106.7600087,
              10.8524861
            ],
            [
              106.7599952,
              10.8526426
            ],
            [
              106.7598369,
              10.8528018
            ],
            [
              106.7597242,
              10.8527302
            ],
            [
              106.7596113,
              10.8528611
            ],
            [
              106.7594446,
              10.8528014
            ],
            [
              106.7592625,
              10.852708
            ],
            [
              106.7590479,
              10.8531889
            ],
            [
              106.7591095,
              10.8532186
            ],
            [
              106.7589834,
              10.8535328
            ],
            [
              106.7586555,
              10.8535084
            ],
            [
              106.7584727,
              10.8534378
            ],
            [
              106.7578074,
              10.8534032
            ],
            [
              106.7579021,
              10.8526503
            ],
            [
              106.75765,
              10.8526265
            ],
            [
              106.7575722,
              10.852566
            ],
            [
              106.7576009,
              10.8523258
            ],
            [
              106.7574211,
              10.8522995
            ],
            [
              106.7574528,
              10.8520318
            ],
            [
              106.7573987,
              10.8520224
            ],
            [
              106.7574524,
              10.8516392
            ],
            [
              106.7573727,
              10.8512999
            ]
          ]
        ]
      },
      "id": "way/224457308"
    },
    {
      "type": "Feature",
      "properties": {
        "@id": "way/499426669",
        "amenity": "college",
        "name": "Trường Cao đẳng Cảnh sát Nhân dân 2",
        "name:en": "People's Police Academy number 2",
        "name:zh": "第二号人民警察高等学校"
      },
      "geometry": {
        "type": "Polygon",
        "coordinates": [
          [
            [
              106.7573496,
              10.8491782
            ],
            [
              106.7575072,
              10.8481321
            ],
            [
              106.7576708,
              10.8481268
            ],
            [
              106.7576922,
              10.8481031
            ],
            [
              106.7576976,
              10.8480517
            ],
            [
              106.758057,
              10.8479147
            ],
            [
              106.7582864,
              10.8479569
            ],
            [
              106.7583695,
              10.8479635
            ],
            [
              106.7584701,
              10.8481531
            ],
            [
              106.758564,
              10.848377
            ],
            [
              106.7587249,
              10.8484508
            ],
            [
              106.7588416,
              10.8485509
            ],
            [
              106.7587531,
              10.8486457
            ],
            [
              106.7589502,
              10.8488789
            ],
            [
              106.7586672,
              10.8493122
            ],
            [
              106.7586699,
              10.8494097
            ],
            [
              106.7586914,
              10.8494966
            ],
            [
              106.7587081,
              10.8496668
            ],
            [
              106.7584252,
              10.849601
            ],
            [
              106.7584882,
              10.849356
            ],
            [
              106.7580215,
              10.8492203
            ],
            [
              106.7579989,
              10.8492891
            ],
            [
              106.7579471,
              10.8493491
            ],
            [
              106.7573496,
              10.8491782
            ]
          ]
        ]
      },
      "id": "way/499426669"
    },
    {
      "type": "Feature",
      "properties": {
        "@id": "way/403107463",
        "addr:housenumber": "19A",
        "addr:street": "Đường số 17",
        "amenity": "college",
        "name": "Trường Cao đẳng nghề TP.HCM"
      },
      "geometry": {
        "type": "Polygon",
        "coordinates": [
          [
            [
              106.7603618,
              10.8561383
            ],
            [
              106.7593478,
              10.8550362
            ],
            [
              106.7594606,
              10.8544702
            ],
            [
              106.7587927,
              10.8543095
            ],
            [
              106.7591589,
              10.8538577
            ],
            [
              106.7601299,
              10.8546006
            ],
            [
              106.7613531,
              10.8559334
            ],
            [
              106.7605156,
              10.8563035
            ],
            [
              106.7604889,
              10.856261
            ],
            [
              106.7603641,
              10.8563199
            ],
            [
              106.760297,
              10.8561823
            ],
            [
              106.7603618,
              10.8561383
            ]
          ]
        ]
      },
      "id": "way/403107463"
    },
    {
      "type": "Feature",
      "properties": {
        "@id": "way/499426682",
        "addr:city": "Ho Chi Minh",
        "addr:country": "VN",
        "addr:housenumber": "3",
        "addr:street": "Dân Chủ",
        "addr:suburb": "Quận Thủ Đức",
        "amenity": "college",
        "name": "Trường Đoàn Lý Tự Trọng",
        "name:en": "Ly Tu Trong Youth Union Institute",
        "name:zh": "李自仲共青团学院"
      },
      "geometry": {
        "type": "Polygon",
        "coordinates": [
          [
            [
              106.7635031,
              10.8463135
            ],
            [
              106.7638332,
              10.8453555
            ],
            [
              106.7639002,
              10.8453871
            ],
            [
              106.7641067,
              10.8446811
            ],
            [
              106.7648309,
              10.8450499
            ],
            [
              106.7646754,
              10.8454451
            ],
            [
              106.7645922,
              10.8454003
            ],
            [
              106.7644635,
              10.8457612
            ],
            [
              106.7646298,
              10.8458455
            ],
            [
              106.7645815,
              10.8459772
            ],
            [
              106.7643106,
              10.8460115
            ],
            [
              106.7643133,
              10.8463803
            ],
            [
              106.7640209,
              10.8464224
            ],
            [
              106.7639109,
              10.8463908
            ],
            [
              106.7635031,
              10.8463135
            ]
          ]
        ]
      },
      "id": "way/499426682"
    },
    {
      "type": "Feature",
      "properties": {
        "@id": "way/503216452",
        "amenity": "college",
        "name:en": "Trung tâm Huấn luyện và Bồi dưỡng Nghiệp vụ Công an Thành phố"
      },
      "geometry": {
        "type": "Polygon",
        "coordinates": [
          [
            [
              106.7657711,
              10.8613545
            ],
            [
              106.7652333,
              10.8608316
            ],
            [
              106.7649731,
              10.8610872
            ],
            [
              106.7640102,
              10.8601994
            ],
            [
              106.7646164,
              10.8594487
            ],
            [
              106.7640075,
              10.8589561
            ],
            [
              106.7645815,
              10.8582396
            ],
            [
              106.7637554,
              10.8576258
            ],
            [
              106.7638761,
              10.8574652
            ],
            [
              106.7674756,
              10.8603838
            ],
            [
              106.7672637,
              10.8605024
            ],
            [
              106.7670988,
              10.8605485
            ],
            [
              106.7668574,
              10.8606262
            ],
            [
              106.7665985,
              10.8607171
            ],
            [
              106.7662901,
              10.8608488
            ],
            [
              106.7657711,
              10.8613545
            ]
          ]
        ]
      },
      "id": "way/503216452"
    },
    {
      "type": "Feature",
      "properties": {
        "@id": "way/1023122041",
        "addr:housenumber": "50",
        "addr:street": "Đường Lê Văn Việt",
        "amenity": "college",
        "landuse": "military",
        "name": "Trường Cao đẳng Hậu cần 2",
        "operator": "Quân khu 7"
      },
      "geometry": {
        "type": "Polygon",
        "coordinates": [
          [
            [
              106.7781437,
              10.846185
            ],
            [
              106.7781356,
              10.8461895
            ],
            [
              106.7781432,
              10.8462029
            ],
            [
              106.7779266,
              10.8463217
            ],
            [
              106.7779199,
              10.8463078
            ],
            [
              106.7778708,
              10.8463347
            ],
            [
              106.7778124,
              10.8463667
            ],
            [
              106.7777724,
              10.8463887
            ],
            [
              106.7777274,
              10.8464131
            ],
            [
              106.7776502,
              10.8462743
            ],
            [
              106.7776392,
              10.8462545
            ],
            [
              106.7767074,
              10.8467627
            ],
            [
              106.7766546,
              10.8466714
            ],
            [
              106.7762184,
              10.845917
            ],
            [
              106.7761834,
              10.8458565
            ],
            [
              106.7762749,
              10.8458035
            ],
            [
              106.7762411,
              10.8457484
            ],
            [
              106.77593,
              10.8452415
            ],
            [
              106.7759141,
              10.8452164
            ],
            [
              106.7757313,
              10.8449177
            ],
            [
              106.7767629,
              10.8443084
            ],
            [
              106.7767826,
              10.8443437
            ],
            [
              106.7768068,
              10.8443851
            ],
            [
              106.7773254,
              10.8453207
            ],
            [
              106.7774444,
              10.8452569
            ],
            [
              106.7775779,
              10.8451854
            ],
            [
              106.7777984,
              10.8455849
            ],
            [
              106.7778453,
              10.84567
            ],
            [
              106.7780959,
              10.8461239
            ],
            [
              106.7781066,
              10.8461183
            ],
            [
              106.7781437,
              10.846185
            ]
          ]
        ]
      },
      "id": "way/1023122041"
    },
    {
      "type": "Feature",
      "properties": {
        "@id": "way/1393700001",
        "amenity": "college",
        "name": "Phân hiệu Trường Đại học Kiểm sát tại TPHCM"
      },
      "geometry": {
        "type": "Polygon",
        "coordinates": [
          [
            [
              106.7938491,
              10.8475914
            ],
            [
              106.7937443,
              10.8481903
            ],
            [
              106.7935814,
              10.8487047
            ],
            [
              106.7936524,
              10.8487239
            ],
            [
              106.7935562,
              10.849078
            ],
            [
              106.794284,
              10.8492546
            ],
            [
              106.7942342,
              10.8494433
            ],
            [
              106.7931219,
              10.8504328
            ],
            [
              106.7929864,
              10.8505629
            ],
            [
              106.7925119,
              10.8506265
            ],
            [
              106.792897,
              10.8494282
            ],
            [
              106.7928631,
              10.8489471
            ],
            [
              106.7928601,
              10.848823
            ],
            [
              106.7925858,
              10.8482299
            ],
            [
              106.7926721,
              10.8478577
            ],
            [
              106.7927522,
              10.8475067
            ],
            [
              106.7928292,
              10.8472676
            ],
            [
              106.7931035,
              10.8473584
            ],
            [
              106.7930973,
              10.8473917
            ],
            [
              106.7938491,
              10.8475914
            ]
          ]
        ]
      },
      "id": "way/1393700001"
    },
    {
      "type": "Feature",
      "properties": {
        "@id": "way/321939965",
        "amenity": "college",
        "name": "Cao đẳng Cảnh sát Nhân dân 2"
      },
      "geometry": {
        "type": "Polygon",
        "coordinates": [
          [
            [
              106.8199942,
              10.842432
            ],
            [
              106.8193325,
              10.8428675
            ],
            [
              106.8191195,
              10.8425831
            ],
            [
              106.8183035,
              10.8431453
            ],
            [
              106.8178466,
              10.8427804
            ],
            [
              106.8177456,
              10.8425684
            ],
            [
              106.8176329,
              10.8426185
            ],
            [
              106.8175444,
              10.842463
            ],
            [
              106.8173486,
              10.8420863
            ],
            [
              106.8173593,
              10.8420336
            ],
            [
              106.8170734,
              10.8414118
            ],
            [
              106.8196898,
              10.8404107
            ],
            [
              106.8199211,
              10.8408632
            ],
            [
              106.8202044,
              10.8414062
            ],
            [
              106.820351,
              10.8417368
            ],
            [
              106.8203943,
              10.8418821
            ],
            [
              106.8203909,
              10.8419394
            ],
            [
              106.8201094,
              10.8420394
            ],
            [
              106.8200013,
              10.8421753
            ],
            [
              106.819982,
              10.8423271
            ],
            [
              106.8199942,
              10.842432
            ]
          ]
        ]
      },
      "id": "way/321939965"
    },
    {
      "type": "Feature",
      "properties": {
        "@id": "way/1223412800",
        "amenity": "college",
        "name": "Trường Cao đẳng Cảnh sát Nhân dân 2"
      },
      "geometry": {
        "type": "Polygon",
        "coordinates": [
          [
            [
              106.8177865,
              10.8464566
            ],
            [
              106.8179532,
              10.8462837
            ],
            [
              106.8185388,
              10.8459784
            ],
            [
              106.8195632,
              10.8453059
            ],
            [
              106.8221504,
              10.8478828
            ],
            [
              106.8213923,
              10.8501066
            ],
            [
              106.8177865,
              10.8464566
            ]
          ]
        ]
      },
      "id": "way/1223412800"
    },
    {
      "type": "Feature",
      "properties": {
        "@id": "way/607050053",
        "amenity": "college",
        "name": "Trường Cao đẳng Nghề Đường sắt 2"
      },
      "geometry": {
        "type": "Polygon",
        "coordinates": [
          [
            [
              106.750174,
              10.9079228
            ],
            [
              106.7501539,
              10.9075857
            ],
            [
              106.7497154,
              10.9075791
            ],
            [
              106.7497006,
              10.9069655
            ],
            [
              106.7496631,
              10.9064361
            ],
            [
              106.7496255,
              10.9061016
            ],
            [
              106.7498293,
              10.9061279
            ],
            [
              106.7499661,
              10.906199
            ],
            [
              106.7502263,
              10.906307
            ],
            [
              106.7504328,
              10.9062833
            ],
            [
              106.750524,
              10.9062438
            ],
            [
              106.7506555,
              10.9061859
            ],
            [
              106.7514065,
              10.9061279
            ],
            [
              106.7516237,
              10.9074395
            ],
            [
              106.7511383,
              10.9074501
            ],
            [
              106.7511436,
              10.9075238
            ],
            [
              106.7506233,
              10.9075449
            ],
            [
              106.7506206,
              10.9079057
            ],
            [
              106.750174,
              10.9079228
            ]
          ]
        ]
      },
      "id": "way/607050053"
    },
    {
      "type": "Feature",
      "properties": {
        "@id": "way/607720747",
        "amenity": "college",
        "name": "Trường Trung cấp nghề thị xã Dĩ An"
      },
      "geometry": {
        "type": "Polygon",
        "coordinates": [
          [
            [
              106.7515983,
              10.9055156
            ],
            [
              106.7515708,
              10.9051686
            ],
            [
              106.7515688,
              10.9049987
            ],
            [
              106.7515621,
              10.9048716
            ],
            [
              106.7516009,
              10.9048031
            ],
            [
              106.7517284,
              10.9048558
            ],
            [
              106.7517699,
              10.9048637
            ],
            [
              106.7518839,
              10.9048585
            ],
            [
              106.7522661,
              10.904869
            ],
            [
              106.7523748,
              10.9048887
            ],
            [
              106.7524874,
              10.9049546
            ],
            [
              106.7525518,
              10.9050573
            ],
            [
              106.7525505,
              10.9051837
            ],
            [
              106.7525853,
              10.9054761
            ],
            [
              106.7515983,
              10.9055156
            ]
          ]
        ]
      },
      "id": "way/607720747"
    },
    {
      "type": "Feature",
      "properties": {
        "@id": "way/604998675",
        "amenity": "college",
        "name": "Cao đẳng Công nghệ cao Đồng An",
        "name:en": "Binh An Polytechnic"
      },
      "geometry": {
        "type": "Polygon",
        "coordinates": [
          [
            [
              106.8094323,
              10.8933604
            ],
            [
              106.8095079,
              10.8922195
            ],
            [
              106.8095219,
              10.8921291
            ],
            [
              106.8088675,
              10.8920291
            ],
            [
              106.8093342,
              10.8907806
            ],
            [
              106.8108496,
              10.8913442
            ],
            [
              106.8114692,
              10.8915945
            ],
            [
              106.8123785,
              10.891713
            ],
            [
              106.8132019,
              10.8917235
            ],
            [
              106.8134862,
              10.8916972
            ],
            [
              106.8137571,
              10.8916682
            ],
            [
              106.814205,
              10.8916129
            ],
            [
              106.81391,
              10.8932433
            ],
            [
              106.8132475,
              10.8931853
            ],
            [
              106.8132099,
              10.8934382
            ],
            [
              106.8100637,
              10.8933908
            ],
            [
              106.8094323,
              10.8933604
            ]
          ]
        ]
      },
      "id": "way/604998675"
    },
    {
      "type": "Feature",
      "properties": {
        "@id": "way/761981535",
        "amenity": "college",
        "name": "Trường Trung cấp Kỹ thuật Công nghệ Don Bosco Phước Lộc",
        "name:en": "Don Bosco Phuoc Loc Technical College"
      },
      "geometry": {
        "type": "Polygon",
        "coordinates": [
          [
            [
              107.0660698,
              10.5508103
            ],
            [
              107.0665392,
              10.5499625
            ],
            [
              107.0678951,
              10.5505031
            ],
            [
              107.0676979,
              10.5508129
            ],
            [
              107.0677972,
              10.5508525
            ],
            [
              107.0676564,
              10.5511017
            ],
            [
              107.0679474,
              10.5512348
            ],
            [
              107.0677181,
              10.5516277
            ],
            [
              107.0660698,
              10.5508103
            ]
          ]
        ]
      },
      "id": "way/761981535"
    },
    {
      "type": "Feature",
      "properties": {
        "@id": "way/254751801",
        "amenity": "college",
        "name": "Trung tâm Học tập Cộng đồng Phường Kim Dinh"
      },
      "geometry": {
        "type": "Polygon",
        "coordinates": [
          [
            [
              107.1329734,
              10.5064435
            ],
            [
              107.1330919,
              10.5055359
            ],
            [
              107.1335106,
              10.5055999
            ],
            [
              107.1334007,
              10.5064848
            ],
            [
              107.1329734,
              10.5064435
            ]
          ]
        ]
      },
      "id": "way/254751801"
    },
    {
      "type": "Feature",
      "properties": {
        "@id": "way/267229702",
        "addr:street": "Trường Chinh",
        "amenity": "college",
        "name": "Vabis Hồng Lam"
      },
      "geometry": {
        "type": "Polygon",
        "coordinates": [
          [
            [
              107.0655206,
              10.5943628
            ],
            [
              107.067001,
              10.5942503
            ],
            [
              107.0669706,
              10.596495
            ],
            [
              107.066506,
              10.5965409
            ],
            [
              107.0664756,
              10.5965225
            ],
            [
              107.0664569,
              10.5964078
            ],
            [
              107.0661674,
              10.5964124
            ],
            [
              107.065997,
              10.5965822
            ],
            [
              107.06553,
              10.5966143
            ],
            [
              107.0655206,
              10.5943628
            ]
          ]
        ]
      },
      "id": "way/267229702"
    },
    {
      "type": "Feature",
      "properties": {
        "@id": "way/254983212",
        "addr:housenumber": "1165",
        "addr:street": "Võ Văn Kiệt",
        "amenity": "college",
        "name": "Trường Trung cấp Y tế Bà Rịa-Vũng Tàu"
      },
      "geometry": {
        "type": "Polygon",
        "coordinates": [
          [
            [
              107.1962761,
              10.5136162
            ],
            [
              107.1953927,
              10.5120324
            ],
            [
              107.1963314,
              10.5115273
            ],
            [
              107.1964014,
              10.5115273
            ],
            [
              107.1965976,
              10.5118671
            ],
            [
              107.1965976,
              10.5119451
            ],
            [
              107.196691,
              10.5121104
            ],
            [
              107.196761,
              10.5121242
            ],
            [
              107.1970646,
              10.5124961
            ],
            [
              107.1972981,
              10.512767
            ],
            [
              107.1974989,
              10.5129461
            ],
            [
              107.1962761,
              10.5136162
            ]
          ]
        ]
      },
      "id": "way/254983212"
    },
    {
      "type": "Feature",
      "properties": {
        "@id": "way/727497374",
        "amenity": "college",
        "name:en": "Trung tâm Bồi dưỡng Chính trị Huyện Châu Đức"
      },
      "geometry": {
        "type": "Polygon",
        "coordinates": [
          [
            [
              107.2398233,
              10.6507917
            ],
            [
              107.2396825,
              10.6502631
            ],
            [
              107.240345,
              10.6501063
            ],
            [
              107.2404926,
              10.650615
            ],
            [
              107.2398233,
              10.6507917
            ]
          ]
        ]
      },
      "id": "way/727497374"
    },
    {
      "type": "Feature",
      "properties": {
        "@id": "way/265569549",
        "addr:street": "Ba Mươi Tháng Tư",
        "amenity": "college",
        "name": "Trường Chính trị Tỉnh Bình Dương"
      },
      "geometry": {
        "type": "Polygon",
        "coordinates": [
          [
            [
              106.6680331,
              10.9698345
            ],
            [
              106.6673493,
              10.9688139
            ],
            [
              106.6670176,
              10.9683038
            ],
            [
              106.6676583,
              10.9683044
            ],
            [
              106.6683337,
              10.9681705
            ],
            [
              106.6685906,
              10.9681708
            ],
            [
              106.668928,
              10.968164
            ],
            [
              106.6689435,
              10.9682203
            ],
            [
              106.6691651,
              10.9688535
            ],
            [
              106.6694596,
              10.9687508
            ],
            [
              106.6695334,
              10.9689609
            ],
            [
              106.6695424,
              10.9689889
            ],
            [
              106.6680331,
              10.9698345
            ]
          ]
        ]
      },
      "id": "way/265569549"
    },
    {
      "type": "Feature",
      "properties": {
        "@id": "way/498042988",
        "amenity": "college",
        "name": "Cao đẳng Y tế Bình Dương"
      },
      "geometry": {
        "type": "Polygon",
        "coordinates": [
          [
            [
              106.6838202,
              10.973226
            ],
            [
              106.6838014,
              10.9728626
            ],
            [
              106.6837183,
              10.9726336
            ],
            [
              106.6835171,
              10.9726441
            ],
            [
              106.683383,
              10.9723492
            ],
            [
              106.6831094,
              10.9724124
            ],
            [
              106.6831161,
              10.9716698
            ],
            [
              106.6830732,
              10.9716619
            ],
            [
              106.6830866,
              10.9715513
            ],
            [
              106.6830584,
              10.9715447
            ],
            [
              106.6830678,
              10.9714539
            ],
            [
              106.6830383,
              10.9714552
            ],
            [
              106.6830759,
              10.9709733
            ],
            [
              106.6828667,
              10.9709694
            ],
            [
              106.682872,
              10.9709049
            ],
            [
              106.6827486,
              10.9708904
            ],
            [
              106.6827701,
              10.9707943
            ],
            [
              106.6826561,
              10.9707679
            ],
            [
              106.6826615,
              10.9707179
            ],
            [
              106.6826132,
              10.9707113
            ],
            [
              106.6826199,
              10.9705705
            ],
            [
              106.6826534,
              10.9703664
            ],
            [
              106.6827044,
              10.9700293
            ],
            [
              106.6841528,
              10.9704164
            ],
            [
              106.6838846,
              10.9713486
            ],
            [
              106.6856441,
              10.9718173
            ],
            [
              106.6853222,
              10.9723228
            ],
            [
              106.6841662,
              10.972157
            ],
            [
              106.6842118,
              10.9729206
            ],
            [
              106.6840857,
              10.9729969
            ],
            [
              106.6839731,
              10.9730865
            ],
            [
              106.6838202,
              10.973226
            ]
          ]
        ]
      },
      "id": "way/498042988"
    },
    {
      "type": "Feature",
      "properties": {
        "@id": "way/496910209",
        "amenity": "college",
        "name": "Trường Cao đẳng Công nghệ Việt Sin"
      },
      "geometry": {
        "type": "Polygon",
        "coordinates": [
          [
            [
              106.7099315,
              10.946564
            ],
            [
              106.7092717,
              10.9496609
            ],
            [
              106.7092743,
              10.9499663
            ],
            [
              106.7080995,
              10.9501717
            ],
            [
              106.7082873,
              10.949071
            ],
            [
              106.7070079,
              10.9487418
            ],
            [
              106.7075121,
              10.9468932
            ],
            [
              106.7076704,
              10.9469406
            ],
            [
              106.7093065,
              10.9472908
            ],
            [
              106.7096686,
              10.9470854
            ],
            [
              106.7097947,
              10.9465271
            ],
            [
              106.7099315,
              10.946564
            ]
          ]
        ]
      },
      "id": "way/496910209"
    },
    {
      "type": "Feature",
      "properties": {
        "@id": "way/499420810",
        "amenity": "college",
        "name": "Trường Trung cấp Kỹ thuật Nghiệp vụ và Công đoàn Bình Dương"
      },
      "geometry": {
        "type": "Polygon",
        "coordinates": [
          [
            [
              106.6961932,
              10.9531158
            ],
            [
              106.6957533,
              10.9534134
            ],
            [
              106.6953081,
              10.9538295
            ],
            [
              106.6948897,
              10.9534187
            ],
            [
              106.6958714,
              10.9524733
            ],
            [
              106.6961932,
              10.9531158
            ]
          ]
        ]
      },
      "id": "way/499420810"
    },
    {
      "type": "Feature",
      "properties": {
        "@id": "way/499420777",
        "amenity": "college",
        "name": "Trường Cao đẳng Y tế Bình Dương"
      },
      "geometry": {
        "type": "Polygon",
        "coordinates": [
          [
            [
              106.6966197,
              10.9553357
            ],
            [
              106.6975129,
              10.9557966
            ],
            [
              106.6990444,
              10.9549249
            ],
            [
              106.6993609,
              10.9555043
            ],
            [
              106.6992295,
              10.9556228
            ],
            [
              106.6992295,
              10.9557255
            ],
            [
              106.6991007,
              10.9558808
            ],
            [
              106.6996264,
              10.9564707
            ],
            [
              106.6991289,
              10.9569605
            ],
            [
              106.6991758,
              10.9570092
            ],
            [
              106.6987762,
              10.9574108
            ],
            [
              106.6987869,
              10.9575451
            ],
            [
              106.6986179,
              10.9576136
            ],
            [
              106.698634,
              10.9575109
            ],
            [
              106.6981727,
              10.9570211
            ],
            [
              106.6982183,
              10.9569473
            ],
            [
              106.6981539,
              10.9568578
            ],
            [
              106.6979527,
              10.956892
            ],
            [
              106.6966197,
              10.9553357
            ]
          ]
        ]
      },
      "id": "way/499420777"
    },
    {
      "type": "Feature",
      "properties": {
        "@id": "way/1138068422",
        "addr:district": "Thủ Dầu Một",
        "addr:province": "Bình Dương",
        "addr:subdistrict": "Phú Cường",
        "amenity": "college",
        "name": "Trường Cao đẳng Mỹ thuật Bình Dương"
      },
      "geometry": {
        "type": "Polygon",
        "coordinates": [
          [
            [
              106.6485275,
              10.9817019
            ],
            [
              106.6491624,
              10.9813441
            ],
            [
              106.6494101,
              10.981387
            ],
            [
              106.6492308,
              10.9819417
            ],
            [
              106.6492195,
              10.981998
            ],
            [
              106.6490415,
              10.9820609
            ],
            [
              106.6488711,
              10.9821929
            ],
            [
              106.6487731,
              10.9822454
            ],
            [
              106.6486999,
              10.9822633
            ],
            [
              106.6486317,
              10.9822495
            ],
            [
              106.6485913,
              10.982223
            ],
            [
              106.6485533,
              10.9821611
            ],
            [
              106.6485339,
              10.9820894
            ],
            [
              106.6485307,
              10.9820368
            ],
            [
              106.6485401,
              10.981947
            ],
            [
              106.6485587,
              10.9818226
            ],
            [
              106.6485275,
              10.9817019
            ]
          ]
        ]
      },
      "id": "way/1138068422"
    },
    {
      "type": "Feature",
      "properties": {
        "@id": "way/494806853",
        "amenity": "college",
        "name": "Trường Trung cấp Kinh tế - Công nghệ Đông Nam"
      },
      "geometry": {
        "type": "Polygon",
        "coordinates": [
          [
            [
              106.6643004,
              10.990765
            ],
            [
              106.6636124,
              10.9903793
            ],
            [
              106.663713,
              10.9901871
            ],
            [
              106.6640362,
              10.9903477
            ],
            [
              106.6645576,
              10.990648
            ],
            [
              106.6645271,
              10.9906729
            ],
            [
              106.6643862,
              10.990823
            ],
            [
              106.6643004,
              10.990765
            ]
          ]
        ]
      },
      "id": "way/494806853"
    },
    {
      "type": "Feature",
      "properties": {
        "@id": "way/627779336",
        "amenity": "college",
        "name": "Trung Tâm GDTX Kỹ Thuật Hướng Nghiệp Bến Cát"
      },
      "geometry": {
        "type": "Polygon",
        "coordinates": [
          [
            [
              106.6079432,
              11.1533532
            ],
            [
              106.6059798,
              11.1526901
            ],
            [
              106.6060361,
              11.1519269
            ],
            [
              106.6080531,
              11.1521006
            ],
            [
              106.6079432,
              11.1533532
            ]
          ]
        ]
      },
      "id": "way/627779336"
    },
    {
      "type": "Feature",
      "properties": {
        "@id": "way/657897283",
        "amenity": "college",
        "name": "Trung tâm Giáo dục Nghề nghiệp huyện Phú Giáo"
      },
      "geometry": {
        "type": "Polygon",
        "coordinates": [
          [
            [
              106.7976934,
              11.2947645
            ],
            [
              106.7970577,
              11.2948355
            ],
            [
              106.7969906,
              11.2941858
            ],
            [
              106.7973071,
              11.2941437
            ],
            [
              106.7976049,
              11.2940254
            ],
            [
              106.7976934,
              11.2947645
            ]
          ]
        ]
      },
      "id": "way/657897283"
    },
    {
      "type": "Feature",
      "properties": {
        "@id": "way/575037818",
        "amenity": "college",
        "name": "Trung tâm Bồi dưỡng Chính trị huyện Xuyên Mộc"
      },
      "geometry": {
        "type": "Polygon",
        "coordinates": [
          [
            [
              107.4122317,
              10.5404011
            ],
            [
              107.4116262,
              10.5402104
            ],
            [
              107.4119058,
              10.5393042
            ],
            [
              107.412516,
              10.5394967
            ],
            [
              107.4122317,
              10.5404011
            ]
          ]
        ]
      },
      "id": "way/575037818"
    },
    {
      "type": "Feature",
      "properties": {
        "@id": "node/1001114521",
        "amenity": "college",
        "education": "college",
        "name": "Trường Nghiệp Vụ Nhà Hàng Thành Phố"
      },
      "geometry": {
        "type": "Point",
        "coordinates": [
          106.7103518,
          10.7966169
        ]
      },
      "id": "node/1001114521"
    },
    {
      "type": "Feature",
      "properties": {
        "@id": "node/1274090728",
        "amenity": "college",
        "education": "college",
        "name": "Trường Đại Học Ngân Hàng"
      },
      "geometry": {
        "type": "Point",
        "coordinates": [
          106.7047872,
          10.7704853
        ]
      },
      "id": "node/1274090728"
    },
    {
      "type": "Feature",
      "properties": {
        "@id": "node/2949151276",
        "amenity": "college",
        "name": "Trường Trung Cấp Đại Việt"
      },
      "geometry": {
        "type": "Point",
        "coordinates": [
          106.7674443,
          10.8453975
        ]
      },
      "id": "node/2949151276"
    },
    {
      "type": "Feature",
      "properties": {
        "@id": "node/3197117890",
        "addr:housenumber": "76",
        "addr:street": "Phan Xích Long",
        "amenity": "college",
        "name": "Trường CĐ Kinh Tế Đối Ngoại TP.HCM"
      },
      "geometry": {
        "type": "Point",
        "coordinates": [
          106.6850579,
          10.7997159
        ]
      },
      "id": "node/3197117890"
    },
    {
      "type": "Feature",
      "properties": {
        "@id": "node/4108841689",
        "addr:housenumber": "97",
        "addr:postcode": "700000",
        "addr:street": "Man Thiện",
        "amenity": "college",
        "internet_access": "wlan",
        "name:pt": "Việt Nam",
        "operator": "HỌC VIỆN",
        "phone": "028966675"
      },
      "geometry": {
        "type": "Point",
        "coordinates": [
          106.7869449,
          10.8482445
        ]
      },
      "id": "node/4108841689"
    },
    {
      "type": "Feature",
      "properties": {
        "@id": "node/5035996621",
        "addr:housenumber": "91",
        "addr:street": "3 Tháng 2",
        "amenity": "college",
        "name": "Trường Đại Học Kinh Tế - CFVG"
      },
      "geometry": {
        "type": "Point",
        "coordinates": [
          106.6774205,
          10.7735179
        ]
      },
      "id": "node/5035996621"
    },
    {
      "type": "Feature",
      "properties": {
        "@id": "node/5043145787",
        "barrier": "gate"
      },
      "geometry": {
        "type": "Point",
        "coordinates": [
          106.6092634,
          10.8581472
        ]
      },
      "id": "node/5043145787"
    },
    {
      "type": "Feature",
      "properties": {
        "@id": "node/5166605224",
        "addr:housenumber": "97",
        "addr:postcode": "700000",
        "addr:street": "Man Thiện",
        "amenity": "college",
        "name": "Học viện Công nghệ Bưu chính Viễn thông - Cơ sở TP.HCM",
        "operator": "HỌC VIỆN BƯU CHÍNH VIỄN THÔNG"
      },
      "geometry": {
        "type": "Point",
        "coordinates": [
          106.7859501,
          10.8477744
        ]
      },
      "id": "node/5166605224"
    },
    {
      "type": "Feature",
      "properties": {
        "@id": "node/5207615427",
        "addr:street": "Đường số 12",
        "amenity": "college",
        "name": "ĐH Hoa Sen"
      },
      "geometry": {
        "type": "Point",
        "coordinates": [
          106.630955,
          10.8553683
        ]
      },
      "id": "node/5207615427"
    },
    {
      "type": "Feature",
      "properties": {
        "@id": "node/5231849321",
        "addr:street": "Lý Chính Thắng",
        "amenity": "college",
        "name:en": "Broward College"
      },
      "geometry": {
        "type": "Point",
        "coordinates": [
          106.6847907,
          10.7851603
        ]
      },
      "id": "node/5231849321"
    },
    {
      "type": "Feature",
      "properties": {
        "@id": "node/5601072991",
        "amenity": "college",
        "name": "Trường Trung cấp Bách khoa Vũng Tàu"
      },
      "geometry": {
        "type": "Point",
        "coordinates": [
          107.087966,
          10.3615825
        ]
      },
      "id": "node/5601072991"
    },
    {
      "type": "Feature",
      "properties": {
        "@id": "node/5612883023",
        "addr:street": "504 Đại lộ Bình Dương, Hiệp Thành, Thủ Dầu Một, Bình Dương",
        "amenity": "college",
        "name": "Trường Đại học Bình Dương"
      },
      "geometry": {
        "type": "Point",
        "coordinates": [
          106.6643912,
          10.9901149
        ]
      },
      "id": "node/5612883023"
    },
    {
      "type": "Feature",
      "properties": {
        "@id": "node/5612900521",
        "addr:street": "10-12 Đinh Tiên Hoàng, Bến Nghé, Quận 1, Hồ Chí Minh",
        "amenity": "college",
        "education": "college",
        "name": "Trường Đại Học KHXH&NV TP.HCM - Cơ Sở 1"
      },
      "geometry": {
        "type": "Point",
        "coordinates": [
          106.7030012,
          10.7856151
        ]
      },
      "id": "node/5612900521"
    },
    {
      "type": "Feature",
      "properties": {
        "@id": "node/5809857653",
        "addr:housenumber": "01",
        "addr:street": "Võ Văn Ngân",
        "amenity": "college",
        "name": "Trường Đại học Sư Phạm Kỹ Thuật TP.HCM"
      },
      "geometry": {
        "type": "Point",
        "coordinates": [
          106.7719473,
          10.8505192
        ]
      },
      "id": "node/5809857653"
    },
    {
      "type": "Feature",
      "properties": {
        "@id": "node/6388617477",
        "amenity": "college",
        "name": "Trung Tâm Ngoại Ngữ Tin Học Maritime"
      },
      "geometry": {
        "type": "Point",
        "coordinates": [
          106.6932361,
          10.7557673
        ]
      },
      "id": "node/6388617477"
    },
    {
      "type": "Feature",
      "properties": {
        "@id": "node/6388617479",
        "amenity": "college",
        "name": "Trung Tâm Ngoại Ngữ Junior"
      },
      "geometry": {
        "type": "Point",
        "coordinates": [
          106.6931489,
          10.7559742
        ]
      },
      "id": "node/6388617479"
    },
    {
      "type": "Feature",
      "properties": {
        "@id": "node/6642560535",
        "addr:city": "Thành phố Hồ Chí Minh",
        "addr:district": "Quận 12",
        "addr:street": "Công viên phần mềm Quang Trung",
        "addr:subdistrict": "Phường Tân Chánh Hiệp",
        "amenity": "college",
        "name": "Trường Cao Đẳng Y Dược Sài Gòn"
      },
      "geometry": {
        "type": "Point",
        "coordinates": [
          106.6250488,
          10.8553727
        ]
      },
      "id": "node/6642560535"
    },
    {
      "type": "Feature",
      "properties": {
        "@id": "node/6772478675",
        "barrier": "gate"
      },
      "geometry": {
        "type": "Point",
        "coordinates": [
          106.7823394,
          10.8059608
        ]
      },
      "id": "node/6772478675"
    },
    {
      "type": "Feature",
      "properties": {
        "@id": "node/6773132373",
        "barrier": "gate"
      },
      "geometry": {
        "type": "Point",
        "coordinates": [
          106.7751342,
          10.830804
        ]
      },
      "id": "node/6773132373"
    },
    {
      "type": "Feature",
      "properties": {
        "@id": "node/7018351096",
        "barrier": "gate"
      },
      "geometry": {
        "type": "Point",
        "coordinates": [
          106.6238116,
          10.7480123
        ]
      },
      "id": "node/7018351096"
    },
    {
      "type": "Feature",
      "properties": {
        "@id": "node/7074311961",
        "amenity": "college",
        "name": "Global Kulture"
      },
      "geometry": {
        "type": "Point",
        "coordinates": [
          107.0751833,
          10.3616225
        ]
      },
      "id": "node/7074311961"
    },
    {
      "type": "Feature",
      "properties": {
        "@id": "node/7074311963",
        "amenity": "college",
        "name": "A Sharp"
      },
      "geometry": {
        "type": "Point",
        "coordinates": [
          107.0752215,
          10.3617522
        ]
      },
      "id": "node/7074311963"
    },
    {
      "type": "Feature",
      "properties": {
        "@id": "node/7074311966",
        "amenity": "college",
        "name": "iWork"
      },
      "geometry": {
        "type": "Point",
        "coordinates": [
          107.0749687,
          10.3617473
        ]
      },
      "id": "node/7074311966"
    },
    {
      "type": "Feature",
      "properties": {
        "@id": "node/7477718746",
        "amenity": "college",
        "name": "Nhật Ngữ Siogo"
      },
      "geometry": {
        "type": "Point",
        "coordinates": [
          107.0627707,
          10.5828649
        ]
      },
      "id": "node/7477718746"
    },
    {
      "type": "Feature",
      "properties": {
        "@id": "node/9585835372",
        "amenity": "college",
        "name": "Trường Cao Đẳng FPT Polytechnic - Cơ Sở 2"
      },
      "geometry": {
        "type": "Point",
        "coordinates": [
          106.6800396,
          10.8116384
        ]
      },
      "id": "node/9585835372"
    },
    {
      "type": "Feature",
      "properties": {
        "@id": "node/9587204857",
        "amenity": "college",
        "name": "Trường Cao đẳng Bán Công Công nghệ và Quản trị doanh nghiệp",
        "name:en": "College of Technology and Industrial Management"
      },
      "geometry": {
        "type": "Point",
        "coordinates": [
          106.7218766,
          10.7238766
        ]
      },
      "id": "node/9587204857"
    },
    {
      "type": "Feature",
      "properties": {
        "@id": "node/9734891598",
        "addr:housenumber": "262",
        "addr:street": "Đường Nam Kỳ Khởi Nghĩa",
        "amenity": "college",
        "name": "Trường Cao đẳng Nova"
      },
      "geometry": {
        "type": "Point",
        "coordinates": [
          106.6871226,
          10.7872016
        ]
      },
      "id": "node/9734891598"
    },
    {
      "type": "Feature",
      "properties": {
        "@id": "node/10057384647",
        "barrier": "gate"
      },
      "geometry": {
        "type": "Point",
        "coordinates": [
          106.6481544,
          10.7142761
        ]
      },
      "id": "node/10057384647"
    },
    {
      "type": "Feature",
      "properties": {
        "@id": "node/10139330281",
        "addr:city": "Thành phố Hồ Chí Minh",
        "addr:district": "Quận 8",
        "addr:housenumber": "47",
        "addr:street": "Cao Lỗ",
        "addr:subdistrict": "Phường 4",
        "amenity": "college",
        "name": "Trường Cao đẳng Bách Khoa Nam Sài Gòn"
      },
      "geometry": {
        "type": "Point",
        "coordinates": [
          106.6811972,
          10.736027
        ]
      },
      "id": "node/10139330281"
    },
    {
      "type": "Feature",
      "properties": {
        "@id": "node/12060340502",
        "barrier": "lift_gate"
      },
      "geometry": {
        "type": "Point",
        "coordinates": [
          106.7778124,
          10.8463667
        ]
      },
      "id": "node/12060340502"
    },
    {
      "type": "Feature",
      "properties": {
        "@id": "node/12060371097",
        "barrier": "gate"
      },
      "geometry": {
        "type": "Point",
        "coordinates": [
          106.7759141,
          10.8452164
        ]
      },
      "id": "node/12060371097"
    },
    {
      "type": "Feature",
      "properties": {
        "@id": "node/12132177243",
        "barrier": "gate"
      },
      "geometry": {
        "type": "Point",
        "coordinates": [
          106.6791771,
          10.8807032
        ]
      },
      "id": "node/12132177243"
    },
    {
      "type": "Feature",
      "properties": {
        "@id": "node/12157229675",
        "barrier": "gate"
      },
      "geometry": {
        "type": "Point",
        "coordinates": [
          106.6874683,
          10.8308302
        ]
      },
      "id": "node/12157229675"
    },
    {
      "type": "Feature",
      "properties": {
        "@id": "node/12159538802",
        "barrier": "gate"
      },
      "geometry": {
        "type": "Point",
        "coordinates": [
          106.6108264,
          10.8580262
        ]
      },
      "id": "node/12159538802"
    },
    {
      "type": "Feature",
      "properties": {
        "@id": "node/12161457700",
        "barrier": "gate"
      },
      "geometry": {
        "type": "Point",
        "coordinates": [
          106.6675219,
          10.7409501
        ]
      },
      "id": "node/12161457700"
    },
    {
      "type": "Feature",
      "properties": {
        "@id": "node/12216148255",
        "barrier": "gate"
      },
      "geometry": {
        "type": "Point",
        "coordinates": [
          106.7011105,
          10.771278
        ]
      },
      "id": "node/12216148255"
    },
    {
      "type": "Feature",
      "properties": {
        "@id": "node/12216148256",
        "barrier": "gate"
      },
      "geometry": {
        "type": "Point",
        "coordinates": [
          106.7010204,
          10.7714995
        ]
      },
      "id": "node/12216148256"
    },
    {
      "type": "Feature",
      "properties": {
        "@id": "node/12216148264",
        "barrier": "gate"
      },
      "geometry": {
        "type": "Point",
        "coordinates": [
          106.7016342,
          10.772081
        ]
      },
      "id": "node/12216148264"
    },
    {
      "type": "Feature",
      "properties": {
        "@id": "node/12216148271",
        "barrier": "gate"
      },
      "geometry": {
        "type": "Point",
        "coordinates": [
          106.702109,
          10.771523
        ]
      },
      "id": "node/12216148271"
    },
    {
      "type": "Feature",
      "properties": {
        "@id": "node/12216148279",
        "barrier": "gate"
      },
      "geometry": {
        "type": "Point",
        "coordinates": [
          106.7016937,
          10.7712047
        ]
      },
      "id": "node/12216148279"
    },
    {
      "type": "Feature",
      "properties": {
        "@id": "node/12216148280",
        "barrier": "gate"
      },
      "geometry": {
        "type": "Point",
        "coordinates": [
          106.7012968,
          10.7712234
        ]
      },
      "id": "node/12216148280"
    },
    {
      "type": "Feature",
      "properties": {
        "@id": "node/12216148281",
        "barrier": "gate"
      },
      "geometry": {
        "type": "Point",
        "coordinates": [
          106.7021647,
          10.7711825
        ]
      },
      "id": "node/12216148281"
    },
    {
      "type": "Feature",
      "properties": {
        "@id": "node/12569155045",
        "addr:city": "Ho Chi Minh City",
        "addr:district": "Quận Tân Phú",
        "addr:housenumber": "15",
        "addr:street": "Đường Lương Minh Nguyệt",
        "addr:subdistrict": "Phường Tân Thới Hòa",
        "amenity": "college",
        "name": "Trường Trung cấp Âu Việt",
        "website": "http://auviet.edu.vn/"
      },
      "geometry": {
        "type": "Point",
        "coordinates": [
          106.6315181,
          10.7608509
        ]
      },
      "id": "node/12569155045"
    }
  ]
}