{
  "type": "FeatureCollection",
  "generator": "overpass-turbo",
  "copyright": "The data included in this document is from www.openstreetmap.org. The data is made available under ODbL.",
  "timestamp": "2025-10-29T12:18:55Z",
  "features": [
    {
      "type": "Feature",
      "properties": {
        "@id": "way/1379253177",
        "addr:street": "Huỳnh Thúc Kháng",
        "amenity": "hospital",
        "healthcare": "hospital",
        "name": "Trung tâm Quân Dân Y Côn Đảo (mới)"
      },
      "geometry": {
        "type": "Polygon",
        "coordinates": [
          [
            [
              106.5994892,
              8.6926253
            ],
            [
              106.6001547,
              8.6932192
            ],
            [
              106.5996063,
              8.6938039
            ],
            [
              106.5992427,
              8.6934841
            ],
            [
              106.5992489,
              8.6929481
            ],
            [
              106.5994892,
              8.6926253
            ]
          ]
        ]
      },
      "id": "way/1379253177"
    },
    {
      "type": "Feature",
      "properties": {
        "@id": "way/751056535",
        "addr:street": "Lê Hồng Phong",
        "amenity": "hospital",
        "healthcare": "hospital",
        "name": "Trung tâm Quân Dân Y huyện Côn Đảo",
        "name:en": "Con Dao Military Hospital",
        "name:id": "Rumah Sakit Tentara Con Dao",
        "name:zh": "昆岛县军民医院"
      },
      "geometry": {
        "type": "Polygon",
        "coordinates": [
          [
            [
              106.6040365,
              8.6857262
            ],
            [
              106.6040305,
              8.6856825
            ],
            [
              106.604227,
              8.6853517
            ],
            [
              106.6046749,
              8.6845947
            ],
            [
              106.6047192,
              8.684596
            ],
            [
              106.604754,
              8.6846066
            ],
            [
              106.6047876,
              8.6846225
            ],
            [
              106.6051993,
              8.6849367
            ],
            [
              106.6052315,
              8.6849659
            ],
            [
              106.6052516,
              8.6849964
            ],
            [
              106.6052529,
              8.6850309
            ],
            [
              106.6050813,
              8.6853954
            ],
            [
              106.6046897,
              8.6861379
            ],
            [
              106.6046534,
              8.6861498
            ],
            [
              106.6046172,
              8.6861498
            ],
            [
              106.6045931,
              8.6861392
            ],
            [
              106.6040365,
              8.6857262
            ]
          ]
        ]
      },
      "id": "way/751056535"
    },
    {
      "type": "Feature",
      "properties": {
        "@id": "way/754576787",
        "addr:street": "Lương Văn Nho",
        "amenity": "hospital",
        "healthcare": "hospital",
        "name": "Trung tâm Y tế khu vực Cần Giờ",
        "old_name": "Bệnh viện huyện Cần Giờ;Trung tâm Y tế huyện Cần Giờ"
      },
      "geometry": {
        "type": "Polygon",
        "coordinates": [
          [
            [
              106.9380158,
              10.4054877
            ],
            [
              106.937286,
              10.4052695
            ],
            [
              106.937062,
              10.4052078
            ],
            [
              106.9369993,
              10.405187
            ],
            [
              106.9368035,
              10.4033482
            ],
            [
              106.9368437,
              10.4032954
            ],
            [
              106.9383216,
              10.4037123
            ],
            [
              106.9383457,
              10.4037677
            ],
            [
              106.9384825,
              10.4037993
            ],
            [
              106.9380158,
              10.4054877
            ]
          ]
        ]
      },
      "id": "way/754576787"
    },
    {
      "type": "Feature",
      "properties": {
        "@id": "way/221019056",
        "addr:housenumber": "2",
        "addr:street": "Pasteur",
        "alt_name": "Bệnh viện Việt Xô",
        "amenity": "hospital",
        "emergency": "yes",
        "healthcare": "hospital",
        "name": "Trung tâm y tế Vietsovpetro"
      },
      "geometry": {
        "type": "Polygon",
        "coordinates": [
          [
            [
              107.0837236,
              10.3609667
            ],
            [
              107.0831357,
              10.3602356
            ],
            [
              107.0833048,
              10.3601132
            ],
            [
              107.0840423,
              10.3595748
            ],
            [
              107.0841086,
              10.359586
            ],
            [
              107.0846577,
              10.3602975
            ],
            [
              107.0845247,
              10.3603677
            ],
            [
              107.0837236,
              10.3609667
            ]
          ]
        ]
      },
      "id": "way/221019056"
    },
    {
      "type": "Feature",
      "properties": {
        "@id": "way/259747402",
        "addr:housenumber": "278",
        "addr:street": "Lê Lợi",
        "amenity": "hospital",
        "building": "yes",
        "name": "Trung tâm Y tế TP Vũng Tau",
        "name:en": "Vung Tau City Medical Centre",
        "name:id": "Pusat Kesehatan Kota Vung Tau",
        "name:ru": "Медицинский центр г. Вунгтау",
        "name:zh": "头顿市卫生中心",
        "phone": "0932944442"
      },
      "geometry": {
        "type": "Polygon",
        "coordinates": [
          [
            [
              107.0774129,
              10.3675125
            ],
            [
              107.0767789,
              10.3675927
            ],
            [
              107.0767595,
              10.3674476
            ],
            [
              107.0768316,
              10.3674382
            ],
            [
              107.0768345,
              10.3674598
            ],
            [
              107.0769242,
              10.3674482
            ],
            [
              107.0769214,
              10.3674271
            ],
            [
              107.0769992,
              10.367417
            ],
            [
              107.0770072,
              10.3674899
            ],
            [
              107.0772604,
              10.3674705
            ],
            [
              107.0772564,
              10.3674265
            ],
            [
              107.0773987,
              10.3674045
            ],
            [
              107.0774129,
              10.3675125
            ]
          ]
        ]
      },
      "id": "way/259747402"
    },
    {
      "type": "Feature",
      "properties": {
        "@id": "way/688626728",
        "amenity": "hospital",
        "healthcare": "hospital",
        "name": "Bệnh viện Đa khoa Vũng Tàu",
        "name:en": "Vung Tau General Hospital"
      },
      "geometry": {
        "type": "Polygon",
        "coordinates": [
          [
            [
              107.1288281,
              10.3922389
            ],
            [
              107.1300673,
              10.3904687
            ],
            [
              107.1311052,
              10.3911833
            ],
            [
              107.1318644,
              10.391706
            ],
            [
              107.131108,
              10.392661
            ],
            [
              107.1309444,
              10.3929512
            ],
            [
              107.1307486,
              10.3934314
            ],
            [
              107.1305126,
              10.3934024
            ],
            [
              107.1288281,
              10.3922389
            ]
          ]
        ]
      },
      "id": "way/688626728"
    },
    {
      "type": "Feature",
      "properties": {
        "@id": "way/569352732",
        "amenity": "hospital",
        "name": "Trung tâm Y tế Huyện Long Điền",
        "name:en": "Long Dien District Medical Centre"
      },
      "geometry": {
        "type": "Polygon",
        "coordinates": [
          [
            [
              107.2167369,
              10.4652567
            ],
            [
              107.2165672,
              10.465202
            ],
            [
              107.2164546,
              10.465074
            ],
            [
              107.2148573,
              10.4646388
            ],
            [
              107.2146428,
              10.464681
            ],
            [
              107.2151417,
              10.4630563
            ],
            [
              107.2172525,
              10.4635785
            ],
            [
              107.2167369,
              10.4652567
            ]
          ]
        ]
      },
      "id": "way/569352732"
    },
    {
      "type": "Feature",
      "properties": {
        "@id": "way/259046020",
        "amenity": "hospital",
        "healthcare": "hospital",
        "healthcare:speciality": "lung",
        "name": "Bệnh viện Phổi Phạm Hữu Chí"
      },
      "geometry": {
        "type": "Polygon",
        "coordinates": [
          [
            [
              107.242046,
              10.4824429
            ],
            [
              107.2424108,
              10.4831946
            ],
            [
              107.2414787,
              10.4835084
            ],
            [
              107.2411984,
              10.4830271
            ],
            [
              107.242046,
              10.4824429
            ]
          ]
        ]
      },
      "id": "way/259046020"
    },
    {
      "type": "Feature",
      "properties": {
        "@id": "way/410573788",
        "amenity": "hospital",
        "name": "Trung tâm Y tế huyện Đất Đỏ",
        "name:en": "Dat Do District Medical Centre",
        "name:id": "Pusat Kesehatan Distrik Dat Do",
        "name:zh": "坦赭县医科中心"
      },
      "geometry": {
        "type": "Polygon",
        "coordinates": [
          [
            [
              107.2753664,
              10.4654798
            ],
            [
              107.2733575,
              10.4644617
            ],
            [
              107.273859,
              10.4634937
            ],
            [
              107.2758707,
              10.4645118
            ],
            [
              107.2753664,
              10.4654798
            ]
          ]
        ]
      },
      "id": "way/410573788"
    },
    {
      "type": "Feature",
      "properties": {
        "@id": "way/530221412",
        "amenity": "hospital",
        "healthcare": "hospital",
        "name": "Bệnh viện Đa khoa khu vực Củ Chi",
        "name:ko": "병원"
      },
      "geometry": {
        "type": "Polygon",
        "coordinates": [
          [
            [
              106.477759,
              10.9758657
            ],
            [
              106.4767977,
              10.976387
            ],
            [
              106.4767109,
              10.976282
            ],
            [
              106.4761302,
              10.9751723
            ],
            [
              106.4768883,
              10.9747944
            ],
            [
              106.4770853,
              10.9746962
            ],
            [
              106.4771353,
              10.9746713
            ],
            [
              106.4776471,
              10.9756535
            ],
            [
              106.4777217,
              10.9757999
            ],
            [
              106.477759,
              10.9758657
            ]
          ]
        ]
      },
      "id": "way/530221412"
    },
    {
      "type": "Feature",
      "properties": {
        "@id": "way/710040629",
        "amenity": "hospital",
        "healthcare": "hospital",
        "name": "Bệnh viện Đa khoa Củ Chi",
        "name:en": "Cu Chi General Hospital",
        "old_name": "Bệnh viện huyện Củ Chi"
      },
      "geometry": {
        "type": "Polygon",
        "coordinates": [
          [
            [
              106.5105173,
              11.0854224
            ],
            [
              106.5093881,
              11.0867069
            ],
            [
              106.5080175,
              11.0855316
            ],
            [
              106.5091588,
              11.0841931
            ],
            [
              106.5105173,
              11.0854224
            ]
          ]
        ]
      },
      "id": "way/710040629"
    },
    {
      "type": "Feature",
      "properties": {
        "@id": "way/979481217",
        "addr:district": "Dầu Tiếng",
        "addr:province": "Bình Dương",
        "addr:street": "Hùng Vương",
        "addr:subdistrict": "Dầu Tiếng",
        "amenity": "hospital",
        "healthcare": "hospital",
        "healthcare:speciality": "general",
        "name": "Bệnh viện Đa khoa Cao su Dầu Tiếng",
        "name:en": "Dau Tieng Rubber General Hospital"
      },
      "geometry": {
        "type": "Polygon",
        "coordinates": [
          [
            [
              106.3633683,
              11.2813873
            ],
            [
              106.3635266,
              11.2817685
            ],
            [
              106.3639146,
              11.2816169
            ],
            [
              106.3642309,
              11.2823956
            ],
            [
              106.3643636,
              11.2827218
            ],
            [
              106.36392,
              11.2828951
            ],
            [
              106.3634096,
              11.2828186
            ],
            [
              106.3627524,
              11.2827201
            ],
            [
              106.3625426,
              11.2822032
            ],
            [
              106.3630085,
              11.2820213
            ],
            [
              106.3630472,
              11.2820062
            ],
            [
              106.3628679,
              11.2815711
            ],
            [
              106.3633683,
              11.2813873
            ]
          ]
        ]
      },
      "id": "way/979481217"
    },
    {
      "type": "Feature",
      "properties": {
        "@id": "way/986885044",
        "amenity": "hospital",
        "healthcare": "hospital",
        "name": "Trung tâm Y tế huyện Dầu Tiếng"
      },
      "geometry": {
        "type": "Polygon",
        "coordinates": [
          [
            [
              106.3921276,
              11.2878609
            ],
            [
              106.3921702,
              11.2876548
            ],
            [
              106.39242,
              11.2868112
            ],
            [
              106.3938481,
              11.2871899
            ],
            [
              106.3935386,
              11.2882423
            ],
            [
              106.3921276,
              11.2878609
            ]
          ]
        ]
      },
      "id": "way/986885044"
    },
    {
      "type": "Feature",
      "properties": {
        "@id": "way/489319486",
        "amenity": "hospital",
        "healthcare": "hospital",
        "name": "Bệnh viện Đa khoa Bình Chánh",
        "name:en": "Binh Chanh General Hospital",
        "old_name": "Bệnh viện huyện Bình Chánh"
      },
      "geometry": {
        "type": "Polygon",
        "coordinates": [
          [
            [
              106.5860564,
              10.6904398
            ],
            [
              106.5861093,
              10.6904078
            ],
            [
              106.5872261,
              10.690617
            ],
            [
              106.5872647,
              10.6906671
            ],
            [
              106.5870629,
              10.6920821
            ],
            [
              106.5869991,
              10.6921254
            ],
            [
              106.5851711,
              10.6917797
            ],
            [
              106.5852896,
              10.69106
            ],
            [
              106.5853148,
              10.691057
            ],
            [
              106.5853985,
              10.6910393
            ],
            [
              106.5854802,
              10.6910143
            ],
            [
              106.5855594,
              10.6909822
            ],
            [
              106.5856352,
              10.6909432
            ],
            [
              106.5857064,
              10.6908982
            ],
            [
              106.5857733,
              10.6908472
            ],
            [
              106.5858353,
              10.6907905
            ],
            [
              106.5858919,
              10.6907287
            ],
            [
              106.5859427,
              10.6906622
            ],
            [
              106.5859872,
              10.6905914
            ],
            [
              106.5860252,
              10.6905171
            ],
            [
              106.5860564,
              10.6904398
            ]
          ]
        ]
      },
      "id": "way/489319486"
    },
    {
      "type": "Feature",
      "properties": {
        "@id": "way/502434932",
        "addr:city": "Hồ Chí Minh",
        "addr:district": "Bình Chánh",
        "addr:housenumber": "15",
        "addr:street": "Đường Võ Trần Chí",
        "addr:subdistrict": "Tân Kiên",
        "alt_name": "Bệnh viện Nhi đồng 3",
        "amenity": "hospital",
        "healthcare": "hospital",
        "name": "Bệnh viện Nhi đồng Thành phố"
      },
      "geometry": {
        "type": "Polygon",
        "coordinates": [
          [
            [
              106.573809,
              10.7119756
            ],
            [
              106.5730988,
              10.7087123
            ],
            [
              106.5752751,
              10.7082936
            ],
            [
              106.5761261,
              10.7114845
            ],
            [
              106.5748426,
              10.7117874
            ],
            [
              106.573809,
              10.7119756
            ]
          ]
        ]
      },
      "id": "way/502434932"
    },
    {
      "type": "Feature",
      "properties": {
        "@id": "way/997884897",
        "addr:housenumber": "1",
        "addr:street": "Trần Hữu Nghiệp",
        "amenity": "hospital",
        "healthcare": "hospital",
        "name": "Bệnh viện Truyền máu - Huyết học (cơ sở 2)"
      },
      "geometry": {
        "type": "Polygon",
        "coordinates": [
          [
            [
              106.5760412,
              10.7105158
            ],
            [
              106.5754286,
              10.7082735
            ],
            [
              106.5762231,
              10.708115
            ],
            [
              106.5767428,
              10.7103816
            ],
            [
              106.5760412,
              10.7105158
            ]
          ]
        ]
      },
      "id": "way/997884897"
    },
    {
      "type": "Feature",
      "properties": {
        "@id": "way/1087935624",
        "amenity": "hospital",
        "healthcare": "hospital",
        "name": "Bệnh viện Đa khoa Nhà Bè",
        "name:en": "Nha Be General Hospital",
        "old_name": "Bệnh viện huyện Nhà Bè"
      },
      "geometry": {
        "type": "Polygon",
        "coordinates": [
          [
            [
              106.7048858,
              10.7039538
            ],
            [
              106.7046229,
              10.7049579
            ],
            [
              106.7040624,
              10.7048262
            ],
            [
              106.7040382,
              10.7046601
            ],
            [
              106.7041643,
              10.7042701
            ],
            [
              106.7041589,
              10.703822
            ],
            [
              106.7048858,
              10.7039538
            ]
          ]
        ]
      },
      "id": "way/1087935624"
    },
    {
      "type": "Feature",
      "properties": {
        "@id": "way/715982251",
        "amenity": "hospital",
        "building": "yes",
        "name": "Nhà Thuốc Tây Quàng Hòa"
      },
      "geometry": {
        "type": "Polygon",
        "coordinates": [
          [
            [
              106.6212493,
              10.7353362
            ],
            [
              106.6211835,
              10.7353212
            ],
            [
              106.6211936,
              10.7352784
            ],
            [
              106.6212594,
              10.7352933
            ],
            [
              106.6212493,
              10.7353362
            ]
          ]
        ]
      },
      "id": "way/715982251"
    },
    {
      "type": "Feature",
      "properties": {
        "@id": "way/493155229",
        "amenity": "hospital",
        "healthcare": "hospital",
        "name": "Bệnh viện Quốc tế Thành Đô"
      },
      "geometry": {
        "type": "Polygon",
        "coordinates": [
          [
            [
              106.609759,
              10.7420731
            ],
            [
              106.6096652,
              10.7421114
            ],
            [
              106.6082194,
              10.7411996
            ],
            [
              106.608721,
              10.7403906
            ],
            [
              106.6090523,
              10.7405737
            ],
            [
              106.6090684,
              10.7405434
            ],
            [
              106.6102499,
              10.741272
            ],
            [
              106.609759,
              10.7420731
            ]
          ]
        ]
      },
      "id": "way/493155229"
    },
    {
      "type": "Feature",
      "properties": {
        "@id": "way/493155228",
        "amenity": "hospital",
        "healthcare": "hospital",
        "name": "CI Hospital",
        "wikidata": "Q55607696",
        "wikipedia": "en:City International Hospital"
      },
      "geometry": {
        "type": "Polygon",
        "coordinates": [
          [
            [
              106.6080784,
              10.7410954
            ],
            [
              106.6069383,
              10.7403699
            ],
            [
              106.6074113,
              10.7396523
            ],
            [
              106.6074382,
              10.7396115
            ],
            [
              106.6085783,
              10.740337
            ],
            [
              106.6080784,
              10.7410954
            ]
          ]
        ]
      },
      "id": "way/493155228"
    },
    {
      "type": "Feature",
      "properties": {
        "@id": "way/458857428",
        "addr:housenumber": "809",
        "addr:street": "Hương lộ 2",
        "amenity": "hospital",
        "healthcare": "hospital",
        "name": "Bệnh viện Đa khoa Bình Tân",
        "name:en": "Binh Tan General Hospital",
        "old_name": "Bệnh viện quận Bình Tân"
      },
      "geometry": {
        "type": "Polygon",
        "coordinates": [
          [
            [
              106.6023654,
              10.764807
            ],
            [
              106.6022367,
              10.7645282
            ],
            [
              106.6025592,
              10.7644237
            ],
            [
              106.6025408,
              10.7643478
            ],
            [
              106.6027166,
              10.7642018
            ],
            [
              106.6027107,
              10.7640866
            ],
            [
              106.6029491,
              10.7640765
            ],
            [
              106.6031607,
              10.76404
            ],
            [
              106.6032226,
              10.7640242
            ],
            [
              106.6032616,
              10.7638187
            ],
            [
              106.6035132,
              10.7638082
            ],
            [
              106.6035286,
              10.7639715
            ],
            [
              106.6042124,
              10.7637763
            ],
            [
              106.6041421,
              10.764022
            ],
            [
              106.6038412,
              10.7650743
            ],
            [
              106.6036242,
              10.7651303
            ],
            [
              106.6034263,
              10.7650213
            ],
            [
              106.6030767,
              10.764847
            ],
            [
              106.6028982,
              10.7647926
            ],
            [
              106.6027143,
              10.7647724
            ],
            [
              106.6025345,
              10.7647792
            ],
            [
              106.6023654,
              10.764807
            ]
          ]
        ]
      },
      "id": "way/458857428"
    },
    {
      "type": "Feature",
      "properties": {
        "@id": "way/459133511",
        "addr:city": "Hồ Chí Minh",
        "addr:district": "Bình Tân",
        "addr:housenumber": "425",
        "addr:street": "Đường Kinh Dương Vương",
        "addr:subdistrict": "An Lạc",
        "amenity": "hospital",
        "name": "Bệnh viện Triều An"
      },
      "geometry": {
        "type": "Polygon",
        "coordinates": [
          [
            [
              106.6171276,
              10.7398851
            ],
            [
              106.6164862,
              10.7393173
            ],
            [
              106.617163,
              10.7385116
            ],
            [
              106.6177541,
              10.7389706
            ],
            [
              106.6176656,
              10.7392418
            ],
            [
              106.6171276,
              10.7398851
            ]
          ]
        ]
      },
      "id": "way/459133511"
    },
    {
      "type": "Feature",
      "properties": {
        "@id": "way/419464703",
        "addr:district": "Bình Phú",
        "addr:housenumber": "2",
        "addr:street": "Chợ Lớn",
        "amenity": "hospital",
        "emergency": "yes",
        "healthcare": "hospital",
        "name": "Bệnh viện Đa khoa Bình Phú",
        "name:en": "Binh Phu General Hospital",
        "old_name": "Bệnh viện Quận 6"
      },
      "geometry": {
        "type": "Polygon",
        "coordinates": [
          [
            [
              106.6348346,
              10.7468767
            ],
            [
              106.6343786,
              10.7469229
            ],
            [
              106.6343062,
              10.746193
            ],
            [
              106.6347596,
              10.7461442
            ],
            [
              106.6348346,
              10.7468767
            ]
          ]
        ]
      },
      "id": "way/419464703"
    },
    {
      "type": "Feature",
      "properties": {
        "@id": "way/1228058612",
        "addr:city": "Xã Lê Minh Xuân",
        "addr:district": "Bình Chánh",
        "addr:housenumber": "F4/12",
        "addr:province": "Hồ Chí Minh",
        "addr:subdistrict": "Lê Minh Xuân",
        "amenity": "hospital",
        "healthcare": "hospital",
        "healthcare:speciality": "psychiatry",
        "name": "Bệnh viện Tâm thần - Cơ sở Lê Minh Xuân"
      },
      "geometry": {
        "type": "Polygon",
        "coordinates": [
          [
            [
              106.5468191,
              10.7695182
            ],
            [
              106.5454272,
              10.7702081
            ],
            [
              106.5453244,
              10.7700079
            ],
            [
              106.5448781,
              10.7691393
            ],
            [
              106.5462699,
              10.7684491
            ],
            [
              106.5468191,
              10.7695182
            ]
          ]
        ]
      },
      "id": "way/1228058612"
    },
    {
      "type": "Feature",
      "properties": {
        "@id": "way/705136274",
        "addr:city": "Phường Bình Hưng Hòa",
        "addr:district": "Bình Tân",
        "addr:housenumber": "716",
        "addr:province": "Hồ Chí Minh",
        "addr:street": "Tân Kỳ Tân Quý",
        "addr:subdistrict": "Bình Hưng Hòa",
        "amenity": "hospital",
        "healthcare": "hospital",
        "name": "Trạm Y Tế phường Bình Hưng Hòa"
      },
      "geometry": {
        "type": "Polygon",
        "coordinates": [
          [
            [
              106.6046308,
              10.7917463
            ],
            [
              106.6047572,
              10.7914909
            ],
            [
              106.6048823,
              10.7915649
            ],
            [
              106.6049661,
              10.7916143
            ],
            [
              106.604825,
              10.7918516
            ],
            [
              106.6046308,
              10.7917463
            ]
          ]
        ]
      },
      "id": "way/705136274"
    },
    {
      "type": "Feature",
      "properties": {
        "@id": "way/1098416306",
        "amenity": "hospital",
        "healthcare": "hospital",
        "name": "Bệnh viện Dã chiến Bình Chánh"
      },
      "geometry": {
        "type": "Polygon",
        "coordinates": [
          [
            [
              106.658937,
              10.7212808
            ],
            [
              106.6592943,
              10.7187243
            ],
            [
              106.6593748,
              10.7183279
            ],
            [
              106.6596486,
              10.7183701
            ],
            [
              106.6600188,
              10.7183832
            ],
            [
              106.6604137,
              10.7184221
            ],
            [
              106.660514,
              10.718445
            ],
            [
              106.6607009,
              10.7184449
            ],
            [
              106.660688,
              10.7185697
            ],
            [
              106.660667,
              10.7185959
            ],
            [
              106.6606678,
              10.7189796
            ],
            [
              106.6606697,
              10.7197837
            ],
            [
              106.6606707,
              10.720264
            ],
            [
              106.6606946,
              10.7202889
            ],
            [
              106.6604069,
              10.7207986
            ],
            [
              106.6602572,
              10.7210639
            ],
            [
              106.6602198,
              10.7211303
            ],
            [
              106.6598183,
              10.7218449
            ],
            [
              106.6595253,
              10.7216978
            ],
            [
              106.6595076,
              10.7216889
            ],
            [
              106.6594615,
              10.7216559
            ],
            [
              106.659354,
              10.7215794
            ],
            [
              106.6592768,
              10.7215238
            ],
            [
              106.6590685,
              10.7213749
            ],
            [
              106.6589706,
              10.7213049
            ],
            [
              106.658937,
              10.7212808
            ]
          ]
        ]
      },
      "id": "way/1098416306"
    },
    {
      "type": "Feature",
      "properties": {
        "@id": "way/1155255432",
        "addr:city": "Ho Chi Minh City",
        "addr:district": "Bình Chánh",
        "addr:housenumber": "88",
        "addr:street": "Đường Số 8",
        "addr:subdistrict": "Bình Hưng",
        "amenity": "hospital",
        "barrier": "wall",
        "healthcare": "hospital",
        "name": "Bệnh Viện Đa Khoa Quốc Tế Nam Sài Gòn",
        "phone": "+84 1800 6767",
        "website": "https://benhviennamsaigon.com.vn/"
      },
      "geometry": {
        "type": "Polygon",
        "coordinates": [
          [
            [
              106.6910599,
              10.7358722
            ],
            [
              106.6911136,
              10.735924
            ],
            [
              106.6911197,
              10.7362672
            ],
            [
              106.6910741,
              10.736319
            ],
            [
              106.6905707,
              10.736332
            ],
            [
              106.6905587,
              10.7358851
            ],
            [
              106.6906212,
              10.7358835
            ],
            [
              106.6910599,
              10.7358722
            ]
          ]
        ]
      },
      "id": "way/1155255432"
    },
    {
      "type": "Feature",
      "properties": {
        "@id": "way/420287586",
        "amenity": "hospital",
        "name": "Trung tâm Y tế Dự phòng Quận 8"
      },
      "geometry": {
        "type": "Polygon",
        "coordinates": [
          [
            [
              106.6634032,
              10.7484239
            ],
            [
              106.6630639,
              10.7483264
            ],
            [
              106.6631028,
              10.7482052
            ],
            [
              106.6630626,
              10.748188
            ],
            [
              106.6631122,
              10.7480536
            ],
            [
              106.66308,
              10.7480326
            ],
            [
              106.6631699,
              10.7477243
            ],
            [
              106.663662,
              10.7479245
            ],
            [
              106.6636138,
              10.7480247
            ],
            [
              106.6635253,
              10.7480075
            ],
            [
              106.6634032,
              10.7484239
            ]
          ]
        ]
      },
      "id": "way/420287586"
    },
    {
      "type": "Feature",
      "properties": {
        "@id": "way/457432432",
        "addr:city": "Ho Chi Minh City",
        "addr:district": "11",
        "addr:housenumber": "72",
        "addr:street": "Đường Số 5",
        "addr:subdistrict": "8",
        "amenity": "hospital",
        "emergency": "yes",
        "healthcare": "hospital",
        "name": "Bệnh viện Đa khoa Lãnh Binh Thăng",
        "name:en": "Lãnh Binh Thăng General Hospital",
        "old_name": "Bệnh viện Quận 11"
      },
      "geometry": {
        "type": "Polygon",
        "coordinates": [
          [
            [
              106.6482956,
              10.7609899
            ],
            [
              106.6475962,
              10.7611019
            ],
            [
              106.6475346,
              10.760321
            ],
            [
              106.648234,
              10.7602634
            ],
            [
              106.6482956,
              10.7609899
            ]
          ]
        ]
      },
      "id": "way/457432432"
    },
    {
      "type": "Feature",
      "properties": {
        "@id": "way/189017078",
        "addr:street": "Đường Hồng Bàng",
        "amenity": "hospital",
        "emergency": "yes",
        "healthcare": "hospital",
        "name": "Bệnh viện Hùng Vương",
        "name:en": "Hung Vuong Hospital",
        "name:zh": "雄王医院",
        "wikidata": "Q30293462",
        "wikipedia": "vi:Bệnh viện Hùng Vương"
      },
      "geometry": {
        "type": "Polygon",
        "coordinates": [
          [
            [
              106.6611278,
              10.7566921
            ],
            [
              106.661553,
              10.7553309
            ],
            [
              106.6621268,
              10.7554529
            ],
            [
              106.6621911,
              10.7555469
            ],
            [
              106.6617842,
              10.7571151
            ],
            [
              106.6614012,
              10.7570334
            ],
            [
              106.6614495,
              10.7567655
            ],
            [
              106.6611278,
              10.7566921
            ]
          ]
        ]
      },
      "id": "way/189017078"
    },
    {
      "type": "Feature",
      "properties": {
        "@id": "way/189067554",
        "amenity": "hospital",
        "emergency": "yes",
        "healthcare": "hospital",
        "name": "Bệnh viện Truyền máu Huyết học"
      },
      "geometry": {
        "type": "Polygon",
        "coordinates": [
          [
            [
              106.6655967,
              10.7566946
            ],
            [
              106.6656552,
              10.7564529
            ],
            [
              106.6657025,
              10.7562108
            ],
            [
              106.6661085,
              10.7563001
            ],
            [
              106.6661348,
              10.7563736
            ],
            [
              106.6660462,
              10.7567806
            ],
            [
              106.6655967,
              10.7566946
            ]
          ]
        ]
      },
      "id": "way/189067554"
    },
    {
      "type": "Feature",
      "properties": {
        "@id": "way/189067578",
        "addr:housenumber": "215",
        "addr:street": "Hồng Bàng",
        "amenity": "hospital",
        "contact:facebook": "https://www.facebook.com/benhviendaihocyduoc",
        "email": "bvdhyd@umc.edu.vn",
        "emergency": "yes",
        "fax": "+84 28 3950 6126",
        "healthcare": "hospital",
        "name": "Bệnh viện Đại học Y Dược TP.HCM",
        "name:en": "University Medical Center Ho Chi Minh City",
        "phone": "+84 28 3855 4269",
        "website": "http://www.bvdaihoc.com.vn/"
      },
      "geometry": {
        "type": "Polygon",
        "coordinates": [
          [
            [
              106.6651547,
              10.7556815
            ],
            [
              106.6639315,
              10.7554416
            ],
            [
              106.6638757,
              10.7553571
            ],
            [
              106.6639577,
              10.7549264
            ],
            [
              106.6640824,
              10.7548566
            ],
            [
              106.6652814,
              10.7550802
            ],
            [
              106.6651547,
              10.7556815
            ]
          ]
        ]
      },
      "id": "way/189067578"
    },
    {
      "type": "Feature",
      "properties": {
        "@id": "way/1087651849",
        "addr:housenumber": "642A",
        "addr:street": "Nguyễn Trãi",
        "amenity": "hospital",
        "healthcare": "hospital",
        "name": "Trung tâm Y tế khu vực Chợ Lớn",
        "old_name": "Bệnh viện Quận 5;Trung tâm Y tế Quận 5"
      },
      "geometry": {
        "type": "Polygon",
        "coordinates": [
          [
            [
              106.6656486,
              10.7542787
            ],
            [
              106.665538,
              10.754259
            ],
            [
              106.6656,
              10.753942
            ],
            [
              106.6656062,
              10.7539146
            ],
            [
              106.6659441,
              10.7539845
            ],
            [
              106.6659388,
              10.7540161
            ],
            [
              106.6659523,
              10.7540202
            ],
            [
              106.6660273,
              10.7540332
            ],
            [
              106.6659863,
              10.7542482
            ],
            [
              106.6659696,
              10.7543402
            ],
            [
              106.6656486,
              10.7542787
            ]
          ]
        ]
      },
      "id": "way/1087651849"
    },
    {
      "type": "Feature",
      "properties": {
        "@id": "way/189067574",
        "amenity": "hospital",
        "healthcare": "hospital",
        "name": "Bệnh viện Phạm Ngọc Thạch",
        "name:en": "Pham Ngoc Thach Hospital",
        "name:id": "Rumah Sakit Pham Ngoc Thach",
        "name:zh": "范玉石医院",
        "old_name": "Hôpital Drouhet;Bệnh viện Hồng Bàng",
        "old_name:fr": "Hôpital Drouhet",
        "wikidata": "Q30293465",
        "wikimedia_commons": "Category:Pham Ngoc Thach Hospital, Ho Chi Minh City",
        "wikipedia": "vi:Bệnh viện Phạm Ngọc Thạch (Thành phố Hồ Chí Minh)"
      },
      "geometry": {
        "type": "Polygon",
        "coordinates": [
          [
            [
              106.66566,
              10.758523
            ],
            [
              106.664071,
              10.7581891
            ],
            [
              106.6641708,
              10.7576905
            ],
            [
              106.6640823,
              10.7576603
            ],
            [
              106.6641191,
              10.7574725
            ],
            [
              106.6641881,
              10.7571172
            ],
            [
              106.6642388,
              10.7568498
            ],
            [
              106.6644007,
              10.7558944
            ],
            [
              106.6655293,
              10.7561728
            ],
            [
              106.6657025,
              10.7562108
            ],
            [
              106.6656552,
              10.7564529
            ],
            [
              106.6655967,
              10.7566946
            ],
            [
              106.6660462,
              10.7567806
            ],
            [
              106.6658774,
              10.7575421
            ],
            [
              106.66566,
              10.758523
            ]
          ]
        ]
      },
      "id": "way/189067574"
    },
    {
      "type": "Feature",
      "properties": {
        "@id": "way/463034094",
        "addr:city": "Ho Chi Minh City",
        "addr:district": "5",
        "addr:housenumber": "201A",
        "addr:street": "Đường Nguyễn Chí Thanh",
        "addr:subdistrict": "12",
        "amenity": "hospital",
        "healthcare": "hospital",
        "name": "Bệnh viện Răng Hàm Mặt Trung ương TP. Hồ Chí Minh",
        "operator": "Bộ Y tế"
      },
      "geometry": {
        "type": "Polygon",
        "coordinates": [
          [
            [
              106.6602983,
              10.7580551
            ],
            [
              106.6603867,
              10.7576764
            ],
            [
              106.6604047,
              10.7576803
            ],
            [
              106.6604592,
              10.7574492
            ],
            [
              106.6608848,
              10.7575308
            ],
            [
              106.6610024,
              10.7575635
            ],
            [
              106.6608739,
              10.7581716
            ],
            [
              106.6602983,
              10.7580551
            ]
          ]
        ]
      },
      "id": "way/463034094"
    },
    {
      "type": "Feature",
      "properties": {
        "@id": "way/463034095",
        "amenity": "hospital",
        "healthcare": "hospital",
        "name": "Bệnh viện Đại học Y Dược - Cơ sở 2",
        "operator": "Bộ Y tế"
      },
      "geometry": {
        "type": "Polygon",
        "coordinates": [
          [
            [
              106.6608739,
              10.7581716
            ],
            [
              106.6610024,
              10.7575635
            ],
            [
              106.661597,
              10.7577161
            ],
            [
              106.6614226,
              10.758295
            ],
            [
              106.6608739,
              10.7581716
            ]
          ]
        ]
      },
      "id": "way/463034095"
    },
    {
      "type": "Feature",
      "properties": {
        "@id": "way/463034285",
        "addr:district": "Quận 5",
        "addr:housenumber": "201B",
        "addr:province": "Thành phố Hồ Chí Minh",
        "addr:street": "Đường Nguyễn Chí Thanh",
        "addr:subdistrict": "Phường 12",
        "amenity": "hospital",
        "emergency": "yes",
        "healthcare": "hospital",
        "name": "Bệnh viện Chợ Rẫy",
        "old_name": "Hôpital municipal de Cholon;Hôpital indigène de Cochinchine;Hôpital Lalung-Bonnaire;Bệnh viện Nam Việt",
        "operator": "Bộ Y tế",
        "operator:type": "public",
        "wikidata": "Q5103381",
        "wikimedia_commons": "Category:Chợ Rẫy Hospital",
        "wikipedia": "vi:Bệnh viện Chợ Rẫy"
      },
      "geometry": {
        "type": "Polygon",
        "coordinates": [
          [
            [
              106.6583471,
              10.7576723
            ],
            [
              106.6584421,
              10.7564328
            ],
            [
              106.6585159,
              10.7558448
            ],
            [
              106.6611186,
              10.7563536
            ],
            [
              106.6609632,
              10.7569599
            ],
            [
              106.660948,
              10.7570188
            ],
            [
              106.6610068,
              10.7570323
            ],
            [
              106.6608848,
              10.7575308
            ],
            [
              106.6604592,
              10.7574492
            ],
            [
              106.6604047,
              10.7576803
            ],
            [
              106.6603867,
              10.7576764
            ],
            [
              106.6602983,
              10.7580551
            ],
            [
              106.6594376,
              10.757885
            ],
            [
              106.6586001,
              10.7577216
            ],
            [
              106.6583471,
              10.7576723
            ]
          ]
        ]
      },
      "id": "way/463034285"
    },
    {
      "type": "Feature",
      "properties": {
        "@id": "way/420032369",
        "amenity": "hospital",
        "name": "Bệnh viện Ngọc Phú"
      },
      "geometry": {
        "type": "Polygon",
        "coordinates": [
          [
            [
              106.6691928,
              10.739561
            ],
            [
              106.6689941,
              10.7395024
            ],
            [
              106.6690231,
              10.7394077
            ],
            [
              106.6692217,
              10.7394663
            ],
            [
              106.6691928,
              10.739561
            ]
          ]
        ]
      },
      "id": "way/420032369"
    },
    {
      "type": "Feature",
      "properties": {
        "@id": "way/420032370",
        "addr:district": "Chánh Hưng",
        "addr:housenumber": "82",
        "addr:street": "Cao Lỗ",
        "amenity": "hospital",
        "healthcare": "hospital",
        "name": "Bệnh viện Đa khoa Chánh Hưng",
        "name:en": "Chanh Hung General Hospital",
        "old_name": "Bệnh viện Quận 8"
      },
      "geometry": {
        "type": "Polygon",
        "coordinates": [
          [
            [
              106.675852,
              10.7419098
            ],
            [
              106.6762449,
              10.7411455
            ],
            [
              106.6770872,
              10.7415567
            ],
            [
              106.6767452,
              10.7422115
            ],
            [
              106.6765856,
              10.7421429
            ],
            [
              106.6765253,
              10.742251
            ],
            [
              106.675852,
              10.7419098
            ]
          ]
        ]
      },
      "id": "way/420032370"
    },
    {
      "type": "Feature",
      "properties": {
        "@id": "way/432386630",
        "addr:city": "Ho Chi Minh City",
        "addr:district": "8",
        "amenity": "hospital",
        "building": "yes",
        "healthcare": "hospital",
        "name": "Trạm y tế phường 9 quận 8",
        "office": "government"
      },
      "geometry": {
        "type": "Polygon",
        "coordinates": [
          [
            [
              106.6700897,
              10.7460714
            ],
            [
              106.6701251,
              10.7458928
            ],
            [
              106.6702407,
              10.7459201
            ],
            [
              106.6701991,
              10.7460972
            ],
            [
              106.6700897,
              10.7460714
            ]
          ]
        ]
      },
      "id": "way/432386630"
    },
    {
      "type": "Feature",
      "properties": {
        "@id": "way/465125349",
        "addr:city": "Phường Rạch Ông",
        "addr:district": "Quận 8",
        "addr:housenumber": "313",
        "addr:province": "Thành phố Hồ Chí Minh",
        "addr:street": "Âu Dương Lân",
        "addr:subdistrict": "Phường Rạch Ông",
        "amenity": "hospital",
        "healthcare": "hospital",
        "name": "Bệnh viện Phục hồi chức năng - Điều trị bệnh nghề nghiệp"
      },
      "geometry": {
        "type": "Polygon",
        "coordinates": [
          [
            [
              106.685387,
              10.741777
            ],
            [
              106.6860592,
              10.7405045
            ],
            [
              106.6873615,
              10.7408787
            ],
            [
              106.6873896,
              10.7409631
            ],
            [
              106.6865595,
              10.7424533
            ],
            [
              106.685387,
              10.741777
            ]
          ]
        ]
      },
      "id": "way/465125349"
    },
    {
      "type": "Feature",
      "properties": {
        "@id": "way/1085246193",
        "amenity": "hospital",
        "healthcare": "hospital",
        "name": "Bệnh viện Quân y 7A"
      },
      "geometry": {
        "type": "Polygon",
        "coordinates": [
          [
            [
              106.6702009,
              10.7564299
            ],
            [
              106.6702563,
              10.7561033
            ],
            [
              106.6705333,
              10.7561573
            ],
            [
              106.6707649,
              10.7549367
            ],
            [
              106.6712645,
              10.7550303
            ],
            [
              106.6712129,
              10.7562036
            ],
            [
              106.6711374,
              10.7562107
            ],
            [
              106.671121,
              10.7566039
            ],
            [
              106.6702009,
              10.7564299
            ]
          ]
        ]
      },
      "id": "way/1085246193"
    },
    {
      "type": "Feature",
      "properties": {
        "@id": "way/189067558",
        "addr:city": "Ho Chi Minh City",
        "addr:district": "5",
        "addr:housenumber": "764",
        "addr:street": "Võ Văn Kiệt",
        "addr:subdistrict": "1",
        "amenity": "hospital",
        "emergency": "yes",
        "healthcare": "hospital",
        "healthcare:speciality": "epidemics",
        "name": "Bệnh viện Bệnh Nhiệt đới",
        "name:en": "Hospital for Tropical Diseases",
        "old_name": "Bệnh viện Chợ Quán;Bệnh viện Ngô Quyền",
        "old_name:fr": "Hôpital de Cho-Quan",
        "website": "https://www.bvbnd.vn/",
        "wikidata": "Q61130729",
        "wikipedia": "vi:Bệnh viện Bệnh Nhiệt đới (Thành phố Hồ Chí Minh)"
      },
      "geometry": {
        "type": "Polygon",
        "coordinates": [
          [
            [
              106.6772893,
              10.7538722
            ],
            [
              106.6772638,
              10.7536841
            ],
            [
              106.677249,
              10.7536805
            ],
            [
              106.677241,
              10.7533227
            ],
            [
              106.6773847,
              10.7533289
            ],
            [
              106.6774123,
              10.7530228
            ],
            [
              106.6774607,
              10.753024
            ],
            [
              106.6774574,
              10.7527405
            ],
            [
              106.6773661,
              10.7526181
            ],
            [
              106.6773614,
              10.7524752
            ],
            [
              106.6772753,
              10.7524772
            ],
            [
              106.6773097,
              10.7522733
            ],
            [
              106.6774509,
              10.7523038
            ],
            [
              106.6776157,
              10.7523235
            ],
            [
              106.6778097,
              10.7523468
            ],
            [
              106.6779787,
              10.7523584
            ],
            [
              106.6779787,
              10.7526062
            ],
            [
              106.6786189,
              10.7526011
            ],
            [
              106.6786244,
              10.7523652
            ],
            [
              106.6788778,
              10.7523898
            ],
            [
              106.679059,
              10.7523975
            ],
            [
              106.6791826,
              10.752403
            ],
            [
              106.6793859,
              10.7524347
            ],
            [
              106.679469,
              10.7524573
            ],
            [
              106.67947,
              10.7526722
            ],
            [
              106.6794738,
              10.75347
            ],
            [
              106.6794594,
              10.7541218
            ],
            [
              106.6786297,
              10.754018
            ],
            [
              106.6784154,
              10.7540129
            ],
            [
              106.6781099,
              10.7539457
            ],
            [
              106.6777294,
              10.7538947
            ],
            [
              106.6772893,
              10.7538722
            ]
          ]
        ]
      },
      "id": "way/189067558"
    },
    {
      "type": "Feature",
      "properties": {
        "@id": "way/455098939",
        "addr:city": "Ho Chi Minh City",
        "addr:district": "5",
        "addr:housenumber": "929",
        "addr:province": "Hồ Chí Minh",
        "addr:street": "Đường Trần Hưng Ðạo",
        "addr:subdistrict": "1",
        "amenity": "hospital",
        "healthcare": "hospital",
        "name": "Bệnh viện Chấn thương Chỉnh hình",
        "old_name": "Y viện Sùng Chính;Bệnh viện Trần Hưng Đạo",
        "phone": "+84 8 3923 7007",
        "website": "www.bvctch.vn",
        "wikidata": "Q115103480",
        "wikipedia": "vi:Bệnh viện Chấn thương Chỉnh hình (Thành phố Hồ Chí Minh)"
      },
      "geometry": {
        "type": "Polygon",
        "coordinates": [
          [
            [
              106.6773781,
              10.75418
            ],
            [
              106.6772893,
              10.7538722
            ],
            [
              106.6777294,
              10.7538947
            ],
            [
              106.6781099,
              10.7539457
            ],
            [
              106.6784154,
              10.7540129
            ],
            [
              106.6786297,
              10.754018
            ],
            [
              106.6785362,
              10.7544868
            ],
            [
              106.6779469,
              10.7543336
            ],
            [
              106.677941,
              10.7542453
            ],
            [
              106.6779364,
              10.7541766
            ],
            [
              106.6774641,
              10.7541795
            ],
            [
              106.6773781,
              10.75418
            ]
          ]
        ]
      },
      "id": "way/455098939"
    },
    {
      "type": "Feature",
      "properties": {
        "@id": "way/189067519",
        "addr:district": "Quận 5",
        "addr:housenumber": "9",
        "addr:province": "Thành phố Hồ Chí Minh",
        "addr:street": "Yết Kiêu",
        "addr:subdistrict": "Phường 9",
        "amenity": "hospital",
        "emergency": "yes",
        "healthcare": "hospital",
        "name": "Bệnh viện 30 Tháng 4"
      },
      "geometry": {
        "type": "Polygon",
        "coordinates": [
          [
            [
              106.6728024,
              10.7582302
            ],
            [
              106.6735837,
              10.7583991
            ],
            [
              106.6732268,
              10.7598985
            ],
            [
              106.6731749,
              10.7599249
            ],
            [
              106.6725279,
              10.7595117
            ],
            [
              106.6728024,
              10.7582302
            ]
          ]
        ]
      },
      "id": "way/189067519"
    },
    {
      "type": "Feature",
      "properties": {
        "@id": "way/189067543",
        "addr:city": "Ho Chi Minh City",
        "addr:district": "5",
        "addr:housenumber": "146",
        "addr:street": "Đường An Bình",
        "addr:subdistrict": "7",
        "amenity": "hospital",
        "emergency": "yes",
        "healthcare": "hospital",
        "name": "Bệnh viện An Bình",
        "name:en": "An Binh Hospital",
        "old_name": "Bệnh viện Triều Châu",
        "wikidata": "Q97167745",
        "wikipedia": "vi:Bệnh viện An Bình"
      },
      "geometry": {
        "type": "Polygon",
        "coordinates": [
          [
            [
              106.6730119,
              10.7535301
            ],
            [
              106.6728634,
              10.7541577
            ],
            [
              106.6726486,
              10.7540839
            ],
            [
              106.672204,
              10.7544897
            ],
            [
              106.6720324,
              10.754696
            ],
            [
              106.6718693,
              10.7549041
            ],
            [
              106.671845,
              10.7548779
            ],
            [
              106.6717084,
              10.754742
            ],
            [
              106.6716609,
              10.7546945
            ],
            [
              106.6714193,
              10.7544427
            ],
            [
              106.6713897,
              10.7544121
            ],
            [
              106.6713907,
              10.7543503
            ],
            [
              106.6715537,
              10.7542161
            ],
            [
              106.6719287,
              10.7533981
            ],
            [
              106.6719446,
              10.7533613
            ],
            [
              106.6722913,
              10.7534119
            ],
            [
              106.6722869,
              10.7534808
            ],
            [
              106.6723441,
              10.7534959
            ],
            [
              106.6723979,
              10.7535101
            ],
            [
              106.6729088,
              10.7535259
            ],
            [
              106.6730119,
              10.7535301
            ]
          ]
        ]
      },
      "id": "way/189067543"
    },
    {
      "type": "Feature",
      "properties": {
        "@id": "way/189067626",
        "addr:city": "Ho Chi Minh City",
        "addr:district": "5",
        "addr:housenumber": "314",
        "addr:street": "Đường Nguyễn Trãi",
        "addr:subdistrict": "8",
        "amenity": "hospital",
        "emergency": "yes",
        "healthcare": "hospital",
        "name": "Bệnh viện Nguyễn Trãi",
        "old_name": "Bệnh viện Phúc Kiến;Bệnh viện Phước Kiến",
        "wikidata": "Q32248824",
        "wikimedia_commons": "Category:Nguyen Trai Hospital",
        "wikipedia": "vi:Bệnh viện Nguyễn Trãi"
      },
      "geometry": {
        "type": "Polygon",
        "coordinates": [
          [
            [
              106.6756306,
              10.7577648
            ],
            [
              106.6747961,
              10.7574192
            ],
            [
              106.6744263,
              10.7572637
            ],
            [
              106.6743407,
              10.7571146
            ],
            [
              106.6744294,
              10.7566061
            ],
            [
              106.6743709,
              10.7565795
            ],
            [
              106.6745098,
              10.7559495
            ],
            [
              106.6748361,
              10.7560382
            ],
            [
              106.6748918,
              10.7559168
            ],
            [
              106.6751611,
              10.7560326
            ],
            [
              106.6751023,
              10.7561803
            ],
            [
              106.6750893,
              10.7563748
            ],
            [
              106.675732,
              10.7566507
            ],
            [
              106.6756709,
              10.7573168
            ],
            [
              106.6756515,
              10.7575044
            ],
            [
              106.6756306,
              10.7577648
            ]
          ]
        ]
      },
      "id": "way/189067626"
    },
    {
      "type": "Feature",
      "properties": {
        "@id": "way/464313918",
        "addr:housenumber": "263 - 265",
        "addr:street": "Đường Trần Hưng Ðạo",
        "amenity": "hospital",
        "healthcare": "hospital",
        "name": "Bệnh viện Răng Hàm Mặt Thành phố Hồ Chí Minh",
        "phone": "02838360191"
      },
      "geometry": {
        "type": "Polygon",
        "coordinates": [
          [
            [
              106.6915168,
              10.763326
            ],
            [
              106.6916823,
              10.7630753
            ],
            [
              106.6923013,
              10.7635764
            ],
            [
              106.6920312,
              10.7638887
            ],
            [
              106.6915168,
              10.763326
            ]
          ]
        ]
      },
      "id": "way/464313918"
    },
    {
      "type": "Feature",
      "properties": {
        "@id": "way/158708608",
        "addr:city": "Thành phố Hồ Chí Minh",
        "addr:district": "Quận 7",
        "addr:housenumber": "6",
        "addr:street": "Nguyễn Lương Bằng",
        "addr:subdistrict": "Phường Tân Phú",
        "alt_name": "FV Hospital",
        "amenity": "hospital",
        "email": "information@fvhospital.com",
        "emergency": "yes",
        "healthcare": "hospital",
        "healthcare:speciality": "general;psychiatry;orthopaedics;gynaecology;neurology;dentistry;internal;oncology;paediatrics;radiology;surgery",
        "name": "Bệnh viện Pháp Việt",
        "name:en": "Franco-Vietnamese Hospital",
        "name:vi": "Bệnh viện Pháp Việt",
        "phone": "+84 28 5411 3333",
        "website": "https://www.fvhospital.com/"
      },
      "geometry": {
        "type": "Polygon",
        "coordinates": [
          [
            [
              106.7187921,
              10.7331942
            ],
            [
              106.7175567,
              10.7328569
            ],
            [
              106.7167135,
              10.7326267
            ],
            [
              106.7169172,
              10.7322973
            ],
            [
              106.7173895,
              10.7315335
            ],
            [
              106.7191642,
              10.7325702
            ],
            [
              106.7187921,
              10.7331942
            ]
          ]
        ]
      },
      "id": "way/158708608"
    },
    {
      "type": "Feature",
      "properties": {
        "@id": "way/158971987",
        "amenity": "hospital",
        "emergency": "yes",
        "healthcare": "hospital",
        "name": "Bệnh viện Tim Tâm Đức",
        "name:en": "Tam Duc Hospital of Cardiology"
      },
      "geometry": {
        "type": "Polygon",
        "coordinates": [
          [
            [
              106.7177822,
              10.7338563
            ],
            [
              106.7168935,
              10.7340986
            ],
            [
              106.7168044,
              10.7341229
            ],
            [
              106.7175567,
              10.7328569
            ],
            [
              106.7187921,
              10.7331942
            ],
            [
              106.7185757,
              10.7335247
            ],
            [
              106.7184146,
              10.7337707
            ],
            [
              106.7183384,
              10.7338047
            ],
            [
              106.7177822,
              10.7338563
            ]
          ]
        ]
      },
      "id": "way/158971987"
    },
    {
      "type": "Feature",
      "properties": {
        "@id": "way/1157248742",
        "addr:city": "Thành phố Hồ Chí Minh",
        "addr:district": "Quận 7",
        "addr:housenumber": "2",
        "addr:street": "Nguyễn Lương Bằng",
        "addr:subdistrict": "Phường Tân Phú",
        "amenity": "hospital",
        "email": "info@gih.com.vn",
        "healthcare": "hospital",
        "name": "Bệnh viện Phương Nam",
        "name:en": "Phuong Nam Hospital",
        "phone": "+84 91 169 33 99",
        "website": "https://gih.com.vn/"
      },
      "geometry": {
        "type": "Polygon",
        "coordinates": [
          [
            [
              106.7173234,
              10.7347897
            ],
            [
              106.7172788,
              10.7342239
            ],
            [
              106.717879,
              10.7340765
            ],
            [
              106.7181886,
              10.734038
            ],
            [
              106.7182196,
              10.7340938
            ],
            [
              106.7178182,
              10.7347551
            ],
            [
              106.7173234,
              10.7347897
            ]
          ]
        ]
      },
      "id": "way/1157248742"
    },
    {
      "type": "Feature",
      "properties": {
        "@id": "way/1159182061",
        "amenity": "hospital",
        "building": "hospital",
        "healthcare": "hospital"
      },
      "geometry": {
        "type": "Polygon",
        "coordinates": [
          [
            [
              106.717896,
              10.7323629
            ],
            [
              106.7177755,
              10.7322904
            ],
            [
              106.7178796,
              10.7321245
            ],
            [
              106.7179988,
              10.7321958
            ],
            [
              106.717896,
              10.7323629
            ]
          ]
        ]
      },
      "id": "way/1159182061"
    },
    {
      "type": "Feature",
      "properties": {
        "@id": "way/230070394",
        "addr:housenumber": "101",
        "addr:street": "Nguyễn Thị Thập",
        "amenity": "hospital",
        "emergency": "yes",
        "healthcare": "hospital",
        "name": "Bệnh viện Đa khoa Nguyễn Thị Thập",
        "name:en": "Nguyễn Thị Thập General Hospital",
        "old_name": "Bệnh viện Quận 7"
      },
      "geometry": {
        "type": "Polygon",
        "coordinates": [
          [
            [
              106.7234042,
              10.7377672
            ],
            [
              106.7233996,
              10.7376729
            ],
            [
              106.7231992,
              10.7376735
            ],
            [
              106.7233081,
              10.7369316
            ],
            [
              106.7249675,
              10.7367828
            ],
            [
              106.7248285,
              10.7376935
            ],
            [
              106.7234042,
              10.7377672
            ]
          ]
        ]
      },
      "id": "way/230070394"
    },
    {
      "type": "Feature",
      "properties": {
        "@id": "way/682250581",
        "amenity": "hospital",
        "name": "Bệnh viện Phước An"
      },
      "geometry": {
        "type": "Polygon",
        "coordinates": [
          [
            [
              106.7001408,
              10.7533213
            ],
            [
              106.699945,
              10.7533101
            ],
            [
              106.6999389,
              10.7530986
            ],
            [
              106.7001408,
              10.7530993
            ],
            [
              106.7001408,
              10.7533213
            ]
          ]
        ]
      },
      "id": "way/682250581"
    },
    {
      "type": "Feature",
      "properties": {
        "@id": "way/237664916",
        "addr:city": "Ho Chi Minh City",
        "addr:district": "Quận 10",
        "addr:housename": "Bệnh viện C 14th Ward, District 10 Hồ Chí Minh, Vietnam",
        "addr:housenumber": "266",
        "addr:street": "Lý Thường Kiệt",
        "addr:subdistrict": "Phường 14",
        "amenity": "hospital",
        "emergency": "yes",
        "healthcare": "hospital",
        "name": "Bệnh viện Trưng Vương",
        "name:en": "Trưng Vương Hospital",
        "name:vi": "Bệnh viện Trưng Vương"
      },
      "geometry": {
        "type": "Polygon",
        "coordinates": [
          [
            [
              106.6585978,
              10.7706127
            ],
            [
              106.6583999,
              10.7703766
            ],
            [
              106.6583445,
              10.7702912
            ],
            [
              106.6585197,
              10.7696893
            ],
            [
              106.658873,
              10.7697949
            ],
            [
              106.6588615,
              10.769832
            ],
            [
              106.6592461,
              10.7700009
            ],
            [
              106.6601986,
              10.770441
            ],
            [
              106.6607701,
              10.770705
            ],
            [
              106.6604254,
              10.7715389
            ],
            [
              106.660213,
              10.7720526
            ],
            [
              106.6585978,
              10.7706127
            ]
          ]
        ]
      },
      "id": "way/237664916"
    },
    {
      "type": "Feature",
      "properties": {
        "@id": "way/375544508",
        "addr:city": "Ho Chi Minh City",
        "addr:district": "10",
        "addr:housenumber": "86/4",
        "addr:street": "Thành Thái",
        "addr:subdistrict": "12",
        "amenity": "hospital",
        "healthcare": "hospital",
        "name": "Viện Tim Thành phố Hồ Chí Minh",
        "name:en": "Heart Institute of Ho Chi Minh City",
        "name:fr": "L'Institut du Coeur de Ho Chi Minh Ville",
        "wikidata": "Q32249199",
        "wikipedia": "vi:Viện Tim (Thành phố Hồ Chí Minh)"
      },
      "geometry": {
        "type": "Polygon",
        "coordinates": [
          [
            [
              106.6661866,
              10.773798
            ],
            [
              106.6667017,
              10.7724978
            ],
            [
              106.6667723,
              10.7723124
            ],
            [
              106.6677434,
              10.7726906
            ],
            [
              106.6675274,
              10.7732602
            ],
            [
              106.667567,
              10.7732813
            ],
            [
              106.6674535,
              10.7735808
            ],
            [
              106.667265,
              10.7735356
            ],
            [
              106.6670341,
              10.7740991
            ],
            [
              106.6661866,
              10.773798
            ]
          ]
        ]
      },
      "id": "way/375544508"
    },
    {
      "type": "Feature",
      "properties": {
        "@id": "way/462903369",
        "addr:city": "Ho Chi Minh City",
        "addr:district": "10",
        "addr:housenumber": "571",
        "addr:street": "Sư Vạn Hạnh",
        "addr:subdistrict": "12",
        "amenity": "hospital",
        "healthcare": "hospital",
        "name": "Bệnh viện Quận 10"
      },
      "geometry": {
        "type": "Polygon",
        "coordinates": [
          [
            [
              106.6667067,
              10.7763658
            ],
            [
              106.6661006,
              10.7759296
            ],
            [
              106.6663068,
              10.7757072
            ],
            [
              106.6668727,
              10.7761407
            ],
            [
              106.6667067,
              10.7763658
            ]
          ]
        ]
      },
      "id": "way/462903369"
    },
    {
      "type": "Feature",
      "properties": {
        "@id": "way/198047671",
        "addr:city": "Ho Chi Minh City",
        "addr:district": "Tân Bình",
        "addr:housenumber": "1",
        "addr:postcode": "700000",
        "addr:province": "Hồ Chí Minh",
        "addr:street": "Đường Lý Thường Kiệt",
        "addr:subdistrict": "7",
        "amenity": "hospital",
        "contact:facebook": "https://www.facebook.com/BenhvienThongNhatTPHCM",
        "description": "Bệnh viện Thống Nhất là một bệnh viện đa khoa hạng I, trực thuộc Bộ Y Tế. Bệnh viện tọa lạc tại số 1 Lý Thường Kiệt, phường 7, quận Tân Bình, Thành phố Hồ Chí Minh.",
        "emergency": "yes",
        "healthcare": "hospital",
        "healthcare:speciality": "general",
        "image": "http://bvtn.org.vn/images/logo-BenhvienThongNhat.png",
        "name": "Bệnh viện Thống Nhất",
        "opening_hours": "Mo-Sa 06:00-16:30",
        "phone": "+84 28 3869 0277",
        "start_date": "1978",
        "website": "https://bvtn.org.vn/",
        "wikidata": "Q18456128",
        "wikipedia": "vi:Bệnh viện Thống Nhất"
      },
      "geometry": {
        "type": "Polygon",
        "coordinates": [
          [
            [
              106.6526167,
              10.7906832
            ],
            [
              106.6526586,
              10.7903331
            ],
            [
              106.6527019,
              10.790139
            ],
            [
              106.6528306,
              10.7895608
            ],
            [
              106.653356,
              10.7897118
            ],
            [
              106.6534274,
              10.7897242
            ],
            [
              106.6536336,
              10.7897702
            ],
            [
              106.6537932,
              10.7898057
            ],
            [
              106.6540552,
              10.7898839
            ],
            [
              106.6538669,
              10.7899669
            ],
            [
              106.6540097,
              10.7903154
            ],
            [
              106.6539431,
              10.7903429
            ],
            [
              106.653956,
              10.7903778
            ],
            [
              106.6539926,
              10.7904701
            ],
            [
              106.653946,
              10.7905124
            ],
            [
              106.6538525,
              10.7905472
            ],
            [
              106.6538811,
              10.7906763
            ],
            [
              106.6539367,
              10.7907962
            ],
            [
              106.6541283,
              10.7912946
            ],
            [
              106.6542244,
              10.7915678
            ],
            [
              106.6544768,
              10.7921393
            ],
            [
              106.6542046,
              10.7922737
            ],
            [
              106.6540045,
              10.7923817
            ],
            [
              106.6539136,
              10.7923879
            ],
            [
              106.6535018,
              10.7925975
            ],
            [
              106.6534116,
              10.7925522
            ],
            [
              106.6531862,
              10.7922865
            ],
            [
              106.6529901,
              10.7919415
            ],
            [
              106.6528842,
              10.791725
            ],
            [
              106.6527666,
              10.7914847
            ],
            [
              106.652659,
              10.7912333
            ],
            [
              106.6526287,
              10.7911481
            ],
            [
              106.65261,
              10.7910567
            ],
            [
              106.652608,
              10.7908489
            ],
            [
              106.6526167,
              10.7906832
            ]
          ]
        ]
      },
      "id": "way/198047671"
    },
    {
      "type": "Feature",
      "properties": {
        "@id": "way/277756517",
        "addr:housenumber": "542",
        "addr:street": "Đường Lý Thường Kiệt",
        "amenity": "hospital",
        "healthcare": "hospital",
        "name": "Bệnh viện 1A",
        "official_name": "Bệnh viện Chỉnh hình và Phục hồi chức năng TP.HCM"
      },
      "geometry": {
        "type": "Polygon",
        "coordinates": [
          [
            [
              106.6529447,
              10.7892179
            ],
            [
              106.6532316,
              10.7882524
            ],
            [
              106.6537714,
              10.7882991
            ],
            [
              106.6544947,
              10.7888446
            ],
            [
              106.654408,
              10.7892816
            ],
            [
              106.6541879,
              10.7895747
            ],
            [
              106.6529447,
              10.7892179
            ]
          ]
        ]
      },
      "id": "way/277756517"
    },
    {
      "type": "Feature",
      "properties": {
        "@id": "way/377308553",
        "addr:housenumber": "609-611",
        "addr:street": "Âu Cơ",
        "amenity": "hospital",
        "healthcare": "hospital",
        "name": "Bệnh viện Đa khoa Tân Phú",
        "name:en": "Tan Phu General Hospital",
        "old_name": "Bệnh viện quận Tân Phú"
      },
      "geometry": {
        "type": "Polygon",
        "coordinates": [
          [
            [
              106.6421705,
              10.7840182
            ],
            [
              106.6414119,
              10.7838298
            ],
            [
              106.6417166,
              10.7830014
            ],
            [
              106.6424226,
              10.7832186
            ],
            [
              106.6421705,
              10.7840182
            ]
          ]
        ]
      },
      "id": "way/377308553"
    },
    {
      "type": "Feature",
      "properties": {
        "@id": "way/242310973",
        "addr:district": "Quận 10",
        "addr:housenumber": "532",
        "addr:province": "Thành phố Hồ Chí Minh",
        "addr:street": "Đường Lý Thái Tổ",
        "addr:subdistrict": "Phường 10",
        "amenity": "hospital",
        "emergency": "yes",
        "healthcare": "hospital",
        "name": "Bệnh viện Nhi đồng 1",
        "name:en": "Children's Hospital 1",
        "wikidata": "Q30293452",
        "wikipedia": "vi:Bệnh viện Nhi đồng 1"
      },
      "geometry": {
        "type": "Polygon",
        "coordinates": [
          [
            [
              106.6684632,
              10.7682571
            ],
            [
              106.6684989,
              10.7680613
            ],
            [
              106.6694947,
              10.768038
            ],
            [
              106.6704498,
              10.7680199
            ],
            [
              106.6704553,
              10.7680504
            ],
            [
              106.6714156,
              10.7680176
            ],
            [
              106.671062,
              10.7695243
            ],
            [
              106.6709532,
              10.7695767
            ],
            [
              106.6709124,
              10.7695963
            ],
            [
              106.6684632,
              10.7682571
            ]
          ]
        ]
      },
      "id": "way/242310973"
    },
    {
      "type": "Feature",
      "properties": {
        "@id": "way/263444654",
        "amenity": "hospital",
        "building": "yes",
        "healthcare": "hospital",
        "name": "Bệnh viện Vạn Hạnh",
        "name:ja": "ヴァンハン総合病院",
        "name:vi": "Van Hanh Hospital"
      },
      "geometry": {
        "type": "Polygon",
        "coordinates": [
          [
            [
              106.6713714,
              10.7720302
            ],
            [
              106.6712,
              10.7719415
            ],
            [
              106.6713791,
              10.7716076
            ],
            [
              106.6715505,
              10.7716963
            ],
            [
              106.6713714,
              10.7720302
            ]
          ]
        ]
      },
      "id": "way/263444654"
    },
    {
      "type": "Feature",
      "properties": {
        "@id": "way/585932876",
        "amenity": "hospital",
        "healthcare": "hospital",
        "name": "Bệnh viện Đa Khoa Vạn Hạnh"
      },
      "geometry": {
        "type": "Polygon",
        "coordinates": [
          [
            [
              106.6699631,
              10.7713243
            ],
            [
              106.6700093,
              10.7712414
            ],
            [
              106.6702709,
              10.771382
            ],
            [
              106.6702248,
              10.7714649
            ],
            [
              106.6699631,
              10.7713243
            ]
          ]
        ]
      },
      "id": "way/585932876"
    },
    {
      "type": "Feature",
      "properties": {
        "@id": "way/1087117557",
        "addr:housenumber": "227",
        "addr:street": "Cống Quỳnh",
        "amenity": "hospital",
        "healthcare": "hospital",
        "name": "Bệnh viện Từ Dũ (khu M)"
      },
      "geometry": {
        "type": "Polygon",
        "coordinates": [
          [
            [
              106.6846554,
              10.7675344
            ],
            [
              106.6852616,
              10.767935
            ],
            [
              106.6845803,
              10.7681958
            ],
            [
              106.684516,
              10.7681905
            ],
            [
              106.6844791,
              10.7681474
            ],
            [
              106.6846611,
              10.7679671
            ],
            [
              106.6845634,
              10.7678592
            ],
            [
              106.6843792,
              10.7680348
            ],
            [
              106.6842675,
              10.7679217
            ],
            [
              106.6844517,
              10.7677461
            ],
            [
              106.6846554,
              10.7675344
            ]
          ]
        ]
      },
      "id": "way/1087117557"
    },
    {
      "type": "Feature",
      "properties": {
        "@id": "way/244791447",
        "amenity": "hospital",
        "healthcare": "hospital",
        "name": "Bệnh viện Da liễu",
        "wikidata": "Q30293457",
        "wikipedia": "vi:Bệnh viện Da liễu (Thành phố Hồ Chí Minh)"
      },
      "geometry": {
        "type": "Polygon",
        "coordinates": [
          [
            [
              106.6862261,
              10.7768145
            ],
            [
              106.6862324,
              10.7767426
            ],
            [
              106.6866089,
              10.7763966
            ],
            [
              106.6869448,
              10.7760836
            ],
            [
              106.686973,
              10.7760656
            ],
            [
              106.6870075,
              10.7760696
            ],
            [
              106.6874952,
              10.7765572
            ],
            [
              106.6872864,
              10.7767761
            ],
            [
              106.6874842,
              10.7770028
            ],
            [
              106.6874325,
              10.777048
            ],
            [
              106.6873587,
              10.777117
            ],
            [
              106.6869111,
              10.7775243
            ],
            [
              106.6862261,
              10.7768145
            ]
          ]
        ]
      },
      "id": "way/244791447"
    },
    {
      "type": "Feature",
      "properties": {
        "@id": "way/263453587",
        "addr:housenumber": "284",
        "addr:street": "Cống Quỳnh",
        "amenity": "hospital",
        "healthcare": "hospital",
        "name": "Bệnh viện Từ Dũ",
        "wikidata": "Q10743511",
        "wikimedia_commons": "Category:Từ Dũ Hospital",
        "wikipedia": "vi:Bệnh viện Từ Dũ"
      },
      "geometry": {
        "type": "Polygon",
        "coordinates": [
          [
            [
              106.6859859,
              10.7697305
            ],
            [
              106.6848405,
              10.7685167
            ],
            [
              106.6848243,
              10.7684409
            ],
            [
              106.6848617,
              10.7683651
            ],
            [
              106.6854649,
              10.7680579
            ],
            [
              106.6856413,
              10.7681552
            ],
            [
              106.6859389,
              10.7683077
            ],
            [
              106.6861743,
              10.7683778
            ],
            [
              106.6862707,
              10.7684065
            ],
            [
              106.6871963,
              10.7690167
            ],
            [
              106.6871173,
              10.7690873
            ],
            [
              106.6868881,
              10.7689366
            ],
            [
              106.6859859,
              10.7697305
            ]
          ]
        ]
      },
      "id": "way/263453587"
    },
    {
      "type": "Feature",
      "properties": {
        "@id": "way/319360606",
        "amenity": "hospital",
        "healthcare": "hospital",
        "name": "Bệnh viện Bình Dân",
        "wikidata": "Q31652818",
        "wikipedia": "vi:Bệnh viện Bình Dân (Thành phố Hồ Chí Minh)"
      },
      "geometry": {
        "type": "Polygon",
        "coordinates": [
          [
            [
              106.6815611,
              10.7747426
            ],
            [
              106.6806471,
              10.7739763
            ],
            [
              106.6810368,
              10.7735196
            ],
            [
              106.6811654,
              10.7735537
            ],
            [
              106.6814503,
              10.7737941
            ],
            [
              106.6815442,
              10.7736808
            ],
            [
              106.6815974,
              10.7737243
            ],
            [
              106.6817932,
              10.7738845
            ],
            [
              106.6820887,
              10.7741261
            ],
            [
              106.6815611,
              10.7747426
            ]
          ]
        ]
      },
      "id": "way/319360606"
    },
    {
      "type": "Feature",
      "properties": {
        "@id": "way/518720150",
        "addr:city": "Thành phố Hồ Chí Minh",
        "addr:district": "Quận 10",
        "addr:street": "Đường 3 Tháng 2",
        "addr:subdistrict": "Phường 11",
        "amenity": "hospital",
        "healthcare": "hospital",
        "name": "Bệnh Viện Mắt Việt-Nga"
      },
      "geometry": {
        "type": "Polygon",
        "coordinates": [
          [
            [
              106.6814647,
              10.7770777
            ],
            [
              106.6810914,
              10.7772759
            ],
            [
              106.6808029,
              10.7767787
            ],
            [
              106.6812135,
              10.7765823
            ],
            [
              106.6814647,
              10.7770777
            ]
          ]
        ]
      },
      "id": "way/518720150"
    },
    {
      "type": "Feature",
      "properties": {
        "@id": "way/1085246188",
        "amenity": "hospital",
        "healthcare": "hospital"
      },
      "geometry": {
        "type": "Polygon",
        "coordinates": [
          [
            [
              106.6810557,
              10.7749264
            ],
            [
              106.6812416,
              10.774715
            ],
            [
              106.6817042,
              10.775131
            ],
            [
              106.6814394,
              10.7753945
            ],
            [
              106.6812713,
              10.775264
            ],
            [
              106.6813392,
              10.7751811
            ],
            [
              106.6810557,
              10.7749264
            ]
          ]
        ]
      },
      "id": "way/1085246188"
    },
    {
      "type": "Feature",
      "properties": {
        "@id": "way/727014752",
        "addr:housenumber": "403",
        "addr:street": "Cách Mạng Tháng 8",
        "amenity": "hospital",
        "building": "yes",
        "healthcare": "hospital",
        "name": "Trung tâm Y tế khu vực Hòa Hưng",
        "old_name": "Bệnh viện Quận 10;Trung tâm Y tế Quận 10"
      },
      "geometry": {
        "type": "Polygon",
        "coordinates": [
          [
            [
              106.6753609,
              10.7807737
            ],
            [
              106.6755409,
              10.7806759
            ],
            [
              106.6756271,
              10.7808289
            ],
            [
              106.6754471,
              10.7809267
            ],
            [
              106.6753609,
              10.7807737
            ]
          ]
        ]
      },
      "id": "way/727014752"
    },
    {
      "type": "Feature",
      "properties": {
        "@id": "way/225209455",
        "amenity": "hospital",
        "healthcare": "hospital",
        "name": "Bệnh viện Mắt TP. Hồ Chí Minh",
        "old_name": "Clinique Saint-Paul;Bệnh viện Điện Biên Phủ",
        "wikidata": "Q32246077",
        "wikimedia_commons": "Category:Ho Chi Minh City Eye Hospital",
        "wikipedia": "vi:Bệnh viện Mắt (Thành phố Hồ Chí Minh)"
      },
      "geometry": {
        "type": "Polygon",
        "coordinates": [
          [
            [
              106.6851213,
              10.7795121
            ],
            [
              106.6839805,
              10.7784062
            ],
            [
              106.6843231,
              10.7782115
            ],
            [
              106.6844156,
              10.7782102
            ],
            [
              106.6844961,
              10.7781694
            ],
            [
              106.6845015,
              10.7781022
            ],
            [
              106.6847871,
              10.7779362
            ],
            [
              106.6849019,
              10.7779517
            ],
            [
              106.6858916,
              10.7789161
            ],
            [
              106.6851213,
              10.7795121
            ]
          ]
        ]
      },
      "id": "way/225209455"
    },
    {
      "type": "Feature",
      "properties": {
        "@id": "way/263447467",
        "addr:district": "Tân Định",
        "addr:housenumber": "338",
        "addr:street": "Hai Bà Trưng",
        "amenity": "hospital",
        "emergency": "yes",
        "healthcare": "hospital",
        "healthcare:speciality": "general;dentistry;ophthalmology;emergency;surgery;dermatology;gynaecology",
        "name": "Bệnh viện Đa khoa Tân Định",
        "name:en": "Tan Dinh General Hospital",
        "old_name": "Bệnh viện Quận 1"
      },
      "geometry": {
        "type": "Polygon",
        "coordinates": [
          [
            [
              106.6893603,
              10.7900226
            ],
            [
              106.6895851,
              10.7898564
            ],
            [
              106.6899581,
              10.7903246
            ],
            [
              106.6895419,
              10.7905573
            ],
            [
              106.6893603,
              10.7900226
            ]
          ]
        ]
      },
      "id": "way/263447467"
    },
    {
      "type": "Feature",
      "properties": {
        "@id": "way/1087117538",
        "addr:housenumber": "153-155-157",
        "addr:street": "Đường Trần Quốc Thảo",
        "amenity": "hospital",
        "healthcare": "hospital",
        "name": "Bệnh viện Tai Mũi Họng TP.HCM"
      },
      "geometry": {
        "type": "Polygon",
        "coordinates": [
          [
            [
              106.6836999,
              10.7841681
            ],
            [
              106.6839789,
              10.7840653
            ],
            [
              106.6840566,
              10.7842471
            ],
            [
              106.6843249,
              10.7841522
            ],
            [
              106.6843678,
              10.7842471
            ],
            [
              106.6843356,
              10.7843341
            ],
            [
              106.6835926,
              10.784587
            ],
            [
              106.6835202,
              10.7844105
            ],
            [
              106.6837562,
              10.7843051
            ],
            [
              106.6836999,
              10.7841681
            ]
          ]
        ]
      },
      "id": "way/1087117538"
    },
    {
      "type": "Feature",
      "properties": {
        "@id": "way/1087651848",
        "addr:housenumber": "114-116-118",
        "addr:street": "Trần Quốc Thảo",
        "amenity": "hospital",
        "healthcare": "hospital",
        "name": "Trung tâm Y tế khu vực Nhiêu Lộc",
        "old_name": "Bệnh viện Quận 3;Trung tâm Y tế Quận 3"
      },
      "geometry": {
        "type": "Polygon",
        "coordinates": [
          [
            [
              106.6836225,
              10.7847931
            ],
            [
              106.6841925,
              10.7845875
            ],
            [
              106.6842756,
              10.7848237
            ],
            [
              106.683935,
              10.784994
            ],
            [
              106.6837446,
              10.7850842
            ],
            [
              106.6836225,
              10.7847931
            ]
          ]
        ]
      },
      "id": "way/1087651848"
    },
    {
      "type": "Feature",
      "properties": {
        "@id": "way/193092896",
        "addr:housenumber": "167",
        "addr:street": "Đường Pasteur",
        "amenity": "hospital",
        "barrier": "wall",
        "check_date": "2025-03-29",
        "emergency": "no",
        "healthcare": "hospital",
        "name": "Viện Pasteur Thành phố Hồ Chí Minh"
      },
      "geometry": {
        "type": "Polygon",
        "coordinates": [
          [
            [
              106.6883353,
              10.7872849
            ],
            [
              106.6877781,
              10.7864932
            ],
            [
              106.6877727,
              10.7864168
            ],
            [
              106.6877969,
              10.7863536
            ],
            [
              106.6878156,
              10.7863088
            ],
            [
              106.6889717,
              10.7852759
            ],
            [
              106.6890307,
              10.785247
            ],
            [
              106.6890977,
              10.7852522
            ],
            [
              106.6891648,
              10.7852944
            ],
            [
              106.6893552,
              10.7854841
            ],
            [
              106.6895269,
              10.7855052
            ],
            [
              106.6899373,
              10.785903
            ],
            [
              106.6883353,
              10.7872849
            ]
          ]
        ]
      },
      "id": "way/193092896"
    },
    {
      "type": "Feature",
      "properties": {
        "@id": "way/1087240206",
        "addr:housenumber": "179-187",
        "addr:street": "Đường Nam Kỳ Khởi Nghĩa",
        "amenity": "hospital",
        "healthcare": "hospital",
        "name": "Bệnh viện Y học cổ truyền TP.HCM"
      },
      "geometry": {
        "type": "Polygon",
        "coordinates": [
          [
            [
              106.6879169,
              10.7859041
            ],
            [
              106.6876111,
              10.786186
            ],
            [
              106.6872598,
              10.7856248
            ],
            [
              106.6877855,
              10.7853165
            ],
            [
              106.6877292,
              10.7852111
            ],
            [
              106.6877935,
              10.7851137
            ],
            [
              106.6879947,
              10.7849134
            ],
            [
              106.6884748,
              10.7853929
            ],
            [
              106.6882187,
              10.7856498
            ],
            [
              106.6879746,
              10.7853745
            ],
            [
              106.6878372,
              10.7855033
            ],
            [
              106.6876795,
              10.7856472
            ],
            [
              106.6879169,
              10.7859041
            ]
          ]
        ]
      },
      "id": "way/1087240206"
    },
    {
      "type": "Feature",
      "properties": {
        "@id": "way/373721573",
        "amenity": "hospital",
        "healthcare": "hospital",
        "name": "Bệnh viện Đa khoa Tân Bình",
        "name:en": "Tan Binh General Hospital",
        "old_name": "Bệnh viện quận Tân Bình"
      },
      "geometry": {
        "type": "Polygon",
        "coordinates": [
          [
            [
              106.6553713,
              10.7948138
            ],
            [
              106.6551058,
              10.7945556
            ],
            [
              106.6551976,
              10.7944617
            ],
            [
              106.6553335,
              10.7943243
            ],
            [
              106.6553512,
              10.7943053
            ],
            [
              106.6552197,
              10.7941815
            ],
            [
              106.6553163,
              10.7940768
            ],
            [
              106.6555327,
              10.7940369
            ],
            [
              106.655656,
              10.7942405
            ],
            [
              106.6556452,
              10.7943524
            ],
            [
              106.6557267,
              10.7944568
            ],
            [
              106.6553713,
              10.7948138
            ]
          ]
        ]
      },
      "id": "way/373721573"
    },
    {
      "type": "Feature",
      "properties": {
        "@id": "way/1230057968",
        "amenity": "hospital",
        "healthcare": "hospital",
        "name": "Bệnh viện Đa khoa Tâm Anh"
      },
      "geometry": {
        "type": "Polygon",
        "coordinates": [
          [
            [
              106.6660859,
              10.8028751
            ],
            [
              106.6659086,
              10.8022219
            ],
            [
              106.665879,
              10.8021127
            ],
            [
              106.6665026,
              10.8019494
            ],
            [
              106.6667095,
              10.8027118
            ],
            [
              106.6660859,
              10.8028751
            ]
          ]
        ]
      },
      "id": "way/1230057968"
    },
    {
      "type": "Feature",
      "properties": {
        "@id": "way/418891949",
        "addr:district": "Phú Nhuận",
        "addr:housenumber": "10",
        "addr:province": "Hồ Chí Minh",
        "addr:street": "Trần Huy Liệu",
        "addr:subdistrict": "Phường 12",
        "amenity": "hospital",
        "internet_access": "wlan",
        "name": "Bệnh viện An Sinh",
        "name:en": "An Sinh Hospital",
        "phone": "028 3845 7777",
        "website": "http://www.anhsinh.com.vn"
      },
      "geometry": {
        "type": "Polygon",
        "coordinates": [
          [
            [
              106.678649,
              10.7916839
            ],
            [
              106.6782199,
              10.7914863
            ],
            [
              106.6781662,
              10.7915943
            ],
            [
              106.6780857,
              10.7914915
            ],
            [
              106.6781474,
              10.7909488
            ],
            [
              106.6787938,
              10.7909988
            ],
            [
              106.6789762,
              10.7910621
            ],
            [
              106.678649,
              10.7916839
            ]
          ]
        ]
      },
      "id": "way/418891949"
    },
    {
      "type": "Feature",
      "properties": {
        "@id": "way/358051927",
        "addr:district": "Phú Nhuận",
        "addr:housenumber": "273",
        "addr:province": "Hồ Chí Minh",
        "addr:street": "Nguyễn Văn Trỗi",
        "addr:subdistrict": "Phường 10",
        "amenity": "hospital",
        "healthcare": "hospital",
        "name": "Viện Y Dược học Dân tộc",
        "wikidata": "Q30919813",
        "wikipedia": "vi:Viện Y dược học dân tộc (Thành phố Hồ Chí Minh)"
      },
      "geometry": {
        "type": "Polygon",
        "coordinates": [
          [
            [
              106.671011,
              10.7979647
            ],
            [
              106.6708779,
              10.7976073
            ],
            [
              106.6707341,
              10.797624
            ],
            [
              106.6706665,
              10.7970462
            ],
            [
              106.6708263,
              10.7970297
            ],
            [
              106.6708065,
              10.7962154
            ],
            [
              106.6709936,
              10.7962093
            ],
            [
              106.6709902,
              10.796277
            ],
            [
              106.6710666,
              10.7962805
            ],
            [
              106.6710853,
              10.7969411
            ],
            [
              106.6715743,
              10.796861
            ],
            [
              106.6716217,
              10.7970621
            ],
            [
              106.6717151,
              10.7970335
            ],
            [
              106.6717779,
              10.797425
            ],
            [
              106.6717013,
              10.7974687
            ],
            [
              106.6717862,
              10.7976617
            ],
            [
              106.6715181,
              10.7978134
            ],
            [
              106.6714852,
              10.7976991
            ],
            [
              106.6713773,
              10.7977323
            ],
            [
              106.6714134,
              10.7978726
            ],
            [
              106.6713463,
              10.7979106
            ],
            [
              106.671011,
              10.7979647
            ]
          ]
        ]
      },
      "id": "way/358051927"
    },
    {
      "type": "Feature",
      "properties": {
        "@id": "way/500848732",
        "addr:district": "Phú Nhuận",
        "addr:housenumber": "250",
        "addr:street": "Nguyễn Trọng Tuyển",
        "amenity": "hospital",
        "healthcare": "hospital",
        "name": "Bệnh viện Đa khoa Phú Nhuận",
        "name:en": "Phu Nhuan General Hospital",
        "old_name": "Bệnh viện quận Phú Nhuận"
      },
      "geometry": {
        "type": "Polygon",
        "coordinates": [
          [
            [
              106.6716402,
              10.7985157
            ],
            [
              106.6716317,
              10.7980553
            ],
            [
              106.6717765,
              10.7980079
            ],
            [
              106.6720049,
              10.7980037
            ],
            [
              106.6720144,
              10.798509
            ],
            [
              106.6716402,
              10.7985157
            ]
          ]
        ]
      },
      "id": "way/500848732"
    },
    {
      "type": "Feature",
      "properties": {
        "@id": "way/313403439",
        "addr:city": "Phường 1",
        "addr:district": "Phú Nhuận",
        "addr:housenumber": "60-60A",
        "addr:street": "Phan Xích Long",
        "amenity": "hospital",
        "healthcare": "hospital"
      },
      "geometry": {
        "type": "Polygon",
        "coordinates": [
          [
            [
              106.6841861,
              10.80024
            ],
            [
              106.6839501,
              10.8000082
            ],
            [
              106.684111,
              10.7998396
            ],
            [
              106.6843605,
              10.8000846
            ],
            [
              106.6841861,
              10.80024
            ]
          ]
        ]
      },
      "id": "way/313403439"
    },
    {
      "type": "Feature",
      "properties": {
        "@id": "way/125294543",
        "addr:city": "Tp. Hồ Chí Minh",
        "addr:district": "Quận Gò Vấp",
        "addr:housenumber": "786",
        "addr:street": "Nguyễn Kiệm",
        "addr:subdistrict": "Phường 3",
        "amenity": "hospital",
        "emergency": "yes",
        "healthcare": "hospital",
        "healthcare:speciality": "general",
        "landuse": "military",
        "name": "Bệnh viện Quân y 175",
        "name:en": "175 Military Hospital",
        "name:zh": "175軍醫院",
        "operator": "Bộ Quốc phòng",
        "operator:type": "military",
        "website": "http://www.benhvien175.vn/",
        "wikidata": "Q18456130",
        "wikipedia": "en:Military Hospital 175"
      },
      "geometry": {
        "type": "Polygon",
        "coordinates": [
          [
            [
              106.6818083,
              10.8194827
            ],
            [
              106.681807,
              10.8208088
            ],
            [
              106.6823031,
              10.8208046
            ],
            [
              106.6823296,
              10.8215681
            ],
            [
              106.6828088,
              10.8215582
            ],
            [
              106.6826159,
              10.8218801
            ],
            [
              106.6824332,
              10.8221838
            ],
            [
              106.6821866,
              10.822082
            ],
            [
              106.6810541,
              10.8221205
            ],
            [
              106.6789315,
              10.8221602
            ],
            [
              106.6789261,
              10.8217181
            ],
            [
              106.6794616,
              10.8217009
            ],
            [
              106.6794629,
              10.8213516
            ],
            [
              106.6794588,
              10.8211284
            ],
            [
              106.6790466,
              10.8211377
            ],
            [
              106.6790315,
              10.82057
            ],
            [
              106.6789303,
              10.8204803
            ],
            [
              106.6789212,
              10.8191641
            ],
            [
              106.679005,
              10.8190826
            ],
            [
              106.6789814,
              10.818419
            ],
            [
              106.6788712,
              10.8183303
            ],
            [
              106.6788711,
              10.8183247
            ],
            [
              106.6788251,
              10.8172546
            ],
            [
              106.6788136,
              10.8167152
            ],
            [
              106.6794348,
              10.8167035
            ],
            [
              106.6794255,
              10.8162623
            ],
            [
              106.679066,
              10.8162701
            ],
            [
              106.6790685,
              10.8161403
            ],
            [
              106.6790668,
              10.816012
            ],
            [
              106.6790626,
              10.8159275
            ],
            [
              106.6788557,
              10.8159295
            ],
            [
              106.6788197,
              10.81473
            ],
            [
              106.6788545,
              10.81468
            ],
            [
              106.6788922,
              10.8146665
            ],
            [
              106.6789311,
              10.8146733
            ],
            [
              106.6791307,
              10.8149225
            ],
            [
              106.6793589,
              10.8152106
            ],
            [
              106.6799878,
              10.8159918
            ],
            [
              106.6808011,
              10.8170283
            ],
            [
              106.680794,
              10.8170746
            ],
            [
              106.6807627,
              10.8171024
            ],
            [
              106.6808262,
              10.8171711
            ],
            [
              106.6808921,
              10.8172459
            ],
            [
              106.6809215,
              10.817217
            ],
            [
              106.680959,
              10.8172158
            ],
            [
              106.680983,
              10.8172435
            ],
            [
              106.6825702,
              10.819244
            ],
            [
              106.6824469,
              10.8193054
            ],
            [
              106.6820359,
              10.8193083
            ],
            [
              106.6820381,
              10.8194803
            ],
            [
              106.6818083,
              10.8194827
            ]
          ]
        ]
      },
      "id": "way/125294543"
    },
    {
      "type": "Feature",
      "properties": {
        "@id": "way/187949844",
        "amenity": "hospital",
        "emergency": "yes",
        "healthcare": "hospital",
        "name": "Bệnh viện Đa khoa Khánh Hội",
        "name:en": "Khanh Hoi General Hospital",
        "old_name": "Bệnh viện Quận 4"
      },
      "geometry": {
        "type": "Polygon",
        "coordinates": [
          [
            [
              106.7023088,
              10.7656616
            ],
            [
              106.7022565,
              10.7656519
            ],
            [
              106.7017741,
              10.7651285
            ],
            [
              106.7017884,
              10.7650796
            ],
            [
              106.7021214,
              10.7648297
            ],
            [
              106.7022227,
              10.7649697
            ],
            [
              106.7024224,
              10.7652221
            ],
            [
              106.7025853,
              10.7654406
            ],
            [
              106.7025968,
              10.7654545
            ],
            [
              106.7023088,
              10.7656616
            ]
          ]
        ]
      },
      "id": "way/187949844"
    },
    {
      "type": "Feature",
      "properties": {
        "@id": "way/187949834",
        "addr:housenumber": "125",
        "addr:postcode": "71006",
        "addr:street": "Lê Lợi",
        "amenity": "hospital",
        "emergency": "yes",
        "healthcare": "hospital",
        "name": "Bệnh viện Đa khoa Sài Gòn",
        "name:cja-Latn": "Sang ruak Baigaon",
        "name:cjm-Latn": "Sang ruak Baigaon",
        "name:de": "Krankenhausgelände",
        "name:en": "Saigon General Hospital",
        "name:id": "Rumah Sakit Umum Saigon",
        "name:zh": "西贡多科医院",
        "wikidata": "Q10743499",
        "wikimedia_commons": "Category:Saigon General Hospital",
        "wikipedia": "vi:Bệnh viện Đa khoa Sài Gòn"
      },
      "geometry": {
        "type": "Polygon",
        "coordinates": [
          [
            [
              106.6995856,
              10.7723542
            ],
            [
              106.6989926,
              10.7718153
            ],
            [
              106.699038,
              10.7717153
            ],
            [
              106.6998986,
              10.7716796
            ],
            [
              106.6998181,
              10.7717675
            ],
            [
              106.6999947,
              10.7719159
            ],
            [
              106.6995856,
              10.7723542
            ]
          ]
        ]
      },
      "id": "way/187949834"
    },
    {
      "type": "Feature",
      "properties": {
        "@id": "way/187895176",
        "addr:city": "Ho Chi Minh City",
        "addr:district": "1",
        "addr:housenumber": "14",
        "addr:street": "Lý Tự Trọng",
        "addr:subdistrict": "Bến Nghé",
        "amenity": "hospital",
        "description": "One of the main hospital in HCMC specialized in treating children from 0-16",
        "emergency": "yes",
        "healthcare": "hospital",
        "healthcare:speciality": "general",
        "name": "Bệnh viện Nhi đồng 2",
        "name:en": "Children's Hospital No 2",
        "name:vi": "Bệnh viện Nhi đồng 2",
        "name:zh": "二号儿童医院",
        "old_name": "Hôpital Grall;Bệnh viện Đồn Đất",
        "old_name:en": "Grall Hospital",
        "old_name:fr": "Hôpital Grall",
        "old_name:vi": "Bệnh viện Grall",
        "phone": "+84 28 3829 5723",
        "start_date": "1870s",
        "website": "http://www.benhviennhi.org.vn",
        "wheelchair": "yes",
        "wikidata": "Q30293454",
        "wikimedia_commons": "Category:Children's Hospital 2",
        "wikipedia": "vi:Bệnh viện Nhi đồng 2"
      },
      "geometry": {
        "type": "Polygon",
        "coordinates": [
          [
            [
              106.7026073,
              10.7835426
            ],
            [
              106.7021088,
              10.7830107
            ],
            [
              106.702361,
              10.7827777
            ],
            [
              106.7020702,
              10.7824789
            ],
            [
              106.7020283,
              10.7825013
            ],
            [
              106.7019719,
              10.782434
            ],
            [
              106.7018041,
              10.7825237
            ],
            [
              106.7013931,
              10.7811267
            ],
            [
              106.7011341,
              10.780194
            ],
            [
              106.702204,
              10.7793643
            ],
            [
              106.7045008,
              10.7818568
            ],
            [
              106.7044815,
              10.7819106
            ],
            [
              106.7042276,
              10.7821307
            ],
            [
              106.7040824,
              10.7819824
            ],
            [
              106.7037438,
              10.7822708
            ],
            [
              106.7036609,
              10.7821988
            ],
            [
              106.7034088,
              10.7824069
            ],
            [
              106.7036151,
              10.782665
            ],
            [
              106.7026073,
              10.7835426
            ]
          ]
        ]
      },
      "id": "way/187895176"
    },
    {
      "type": "Feature",
      "properties": {
        "@id": "way/127299413",
        "addr:district": "Bình Thạnh",
        "addr:province": "Hồ Chí Minh",
        "addr:street": "Phan Đăng Lưu",
        "addr:subdistrict": "Phường 7",
        "amenity": "hospital",
        "healthcare": "hospital",
        "name": "Bệnh viện Nhân dân Gia Định",
        "old_name": "Bệnh viện Nguyễn Văn Học",
        "wikidata": "Q115150671",
        "wikipedia": "vi:Bệnh viện Nhân dân Gia Định"
      },
      "geometry": {
        "type": "Polygon",
        "coordinates": [
          [
            [
              106.6933761,
              10.8034903
            ],
            [
              106.6933929,
              10.8034886
            ],
            [
              106.6936092,
              10.8034843
            ],
            [
              106.6936049,
              10.8031142
            ],
            [
              106.6942848,
              10.8030405
            ],
            [
              106.6942883,
              10.8033637
            ],
            [
              106.694367,
              10.803368
            ],
            [
              106.6943647,
              10.8034621
            ],
            [
              106.6948514,
              10.8034496
            ],
            [
              106.6948335,
              10.8046075
            ],
            [
              106.6936688,
              10.8046635
            ],
            [
              106.6936723,
              10.8047609
            ],
            [
              106.6936135,
              10.8047761
            ],
            [
              106.6934805,
              10.8047411
            ],
            [
              106.693478,
              10.8044409
            ],
            [
              106.693412,
              10.803887
            ],
            [
              106.6933761,
              10.8034903
            ]
          ]
        ]
      },
      "id": "way/127299413"
    },
    {
      "type": "Feature",
      "properties": {
        "@id": "way/127299415",
        "addr:district": "Bình Thạnh",
        "addr:housenumber": "1",
        "addr:province": "Hồ Chí Minh",
        "addr:street": "Đường Nơ Trang Long",
        "addr:subdistrict": "Phường 7",
        "amenity": "hospital",
        "healthcare": "hospital",
        "name": "Bệnh Viện Quốc Tế Columbia Asia",
        "name:en": "Columbia Asia",
        "not:operator:wikidata": "Q5149612"
      },
      "geometry": {
        "type": "Polygon",
        "coordinates": [
          [
            [
              106.694849,
              10.8032782
            ],
            [
              106.6948514,
              10.8034496
            ],
            [
              106.6943647,
              10.8034621
            ],
            [
              106.694367,
              10.803368
            ],
            [
              106.6942883,
              10.8033637
            ],
            [
              106.6942848,
              10.8030405
            ],
            [
              106.6946777,
              10.8029842
            ],
            [
              106.6948015,
              10.8031103
            ],
            [
              106.694849,
              10.8032782
            ]
          ]
        ]
      },
      "id": "way/127299415"
    },
    {
      "type": "Feature",
      "properties": {
        "@id": "way/1087729699",
        "addr:housenumber": "132",
        "addr:street": "Đường Lê Văn Duyệt",
        "amenity": "hospital",
        "healthcare": "hospital",
        "name": "Bệnh viện Đa khoa Bình Thạnh",
        "name:en": "Binh Thanh General Hospital",
        "old_name": "Bệnh viện quận Bình Thạnh"
      },
      "geometry": {
        "type": "Polygon",
        "coordinates": [
          [
            [
              106.6970416,
              10.7977027
            ],
            [
              106.6971007,
              10.7979345
            ],
            [
              106.6970341,
              10.7979414
            ],
            [
              106.6970095,
              10.7981216
            ],
            [
              106.6970336,
              10.7984035
            ],
            [
              106.6968861,
              10.7984088
            ],
            [
              106.6968834,
              10.7983692
            ],
            [
              106.6964247,
              10.7984009
            ],
            [
              106.6963791,
              10.7977369
            ],
            [
              106.6970416,
              10.7977027
            ]
          ]
        ]
      },
      "id": "way/1087729699"
    },
    {
      "type": "Feature",
      "properties": {
        "@id": "way/854573861",
        "addr:district": "Bình Thạnh",
        "addr:housenumber": "3",
        "addr:province": "Hồ Chí Minh",
        "addr:street": "Đường Nơ Trang Long",
        "addr:subdistrict": "Phường 7",
        "amenity": "hospital",
        "healthcare": "hospital",
        "name": "Bệnh viện Ung bướu"
      },
      "geometry": {
        "type": "Polygon",
        "coordinates": [
          [
            [
              106.6936929,
              10.8053321
            ],
            [
              106.6936723,
              10.8047609
            ],
            [
              106.6936688,
              10.8046635
            ],
            [
              106.6948335,
              10.8046075
            ],
            [
              106.6948538,
              10.8052973
            ],
            [
              106.6936929,
              10.8053321
            ]
          ]
        ]
      },
      "id": "way/854573861"
    },
    {
      "type": "Feature",
      "properties": {
        "@id": "way/854573862",
        "addr:district": "Bình Thạnh",
        "addr:housenumber": "47",
        "addr:province": "Hồ Chí Minh",
        "addr:street": "Nguyễn Huy Lượng",
        "addr:subdistrict": "Phường 14",
        "amenity": "hospital",
        "healthcare": "hospital",
        "name": "Bệnh viện Ung bướu"
      },
      "geometry": {
        "type": "Polygon",
        "coordinates": [
          [
            [
              106.6951228,
              10.8053181
            ],
            [
              106.695117,
              10.8050513
            ],
            [
              106.6951145,
              10.8049377
            ],
            [
              106.6951121,
              10.804828
            ],
            [
              106.6961314,
              10.8050018
            ],
            [
              106.6960146,
              10.8054885
            ],
            [
              106.6951228,
              10.8053181
            ]
          ]
        ]
      },
      "id": "way/854573862"
    },
    {
      "type": "Feature",
      "properties": {
        "@id": "way/506167683",
        "amenity": "hospital",
        "name": "Family Practice"
      },
      "geometry": {
        "type": "Polygon",
        "coordinates": [
          [
            [
              106.7336829,
              10.8076758
            ],
            [
              106.7338323,
              10.8074877
            ],
            [
              106.7339071,
              10.807552
            ],
            [
              106.7337927,
              10.8077079
            ],
            [
              106.7337296,
              10.8077263
            ],
            [
              106.7336829,
              10.8076758
            ]
          ]
        ]
      },
      "id": "way/506167683"
    },
    {
      "type": "Feature",
      "properties": {
        "@id": "way/1010844322",
        "amenity": "hospital",
        "healthcare": "hospital",
        "name": "BỆNH VIỆN ĐA KHOA TÂM TRÍ SÀI GÒN",
        "operator": "TẬP ĐOÀN TÂM TRÍ SÀI GÒN"
      },
      "geometry": {
        "type": "Polygon",
        "coordinates": [
          [
            [
              106.6220169,
              10.8317205
            ],
            [
              106.6219316,
              10.831835
            ],
            [
              106.6210315,
              10.8316062
            ],
            [
              106.6210269,
              10.831498
            ],
            [
              106.621634,
              10.831404
            ],
            [
              106.6215873,
              10.8315462
            ],
            [
              106.6220169,
              10.8317205
            ]
          ]
        ]
      },
      "id": "way/1010844322"
    },
    {
      "type": "Feature",
      "properties": {
        "@id": "way/516774772",
        "addr:district": "Trung Mỹ Tây",
        "addr:housenumber": "111",
        "addr:street": "Dương Thị Mười",
        "amenity": "hospital",
        "healthcare": "hospital",
        "name": "Bệnh viện Đa khoa Trung Mỹ Tây",
        "name:en": "Trung My Tay General Hospital",
        "old_name": "Bệnh viện Quận 12"
      },
      "geometry": {
        "type": "Polygon",
        "coordinates": [
          [
            [
              106.631623,
              10.8609498
            ],
            [
              106.6300779,
              10.8615185
            ],
            [
              106.6298146,
              10.8603252
            ],
            [
              106.6309005,
              10.8601781
            ],
            [
              106.631623,
              10.8609498
            ]
          ]
        ]
      },
      "id": "way/516774772"
    },
    {
      "type": "Feature",
      "properties": {
        "@id": "way/531191849",
        "amenity": "hospital",
        "check_date": "2025-07-20",
        "healthcare": "hospital",
        "name": "Bệnh viện Đa khoa khu vực Hóc Môn"
      },
      "geometry": {
        "type": "Polygon",
        "coordinates": [
          [
            [
              106.5936393,
              10.8816076
            ],
            [
              106.594221,
              10.8830697
            ],
            [
              106.5934807,
              10.8835202
            ],
            [
              106.5934673,
              10.8835755
            ],
            [
              106.5933453,
              10.8836571
            ],
            [
              106.5932536,
              10.8834367
            ],
            [
              106.5923946,
              10.883776
            ],
            [
              106.5916572,
              10.8816383
            ],
            [
              106.5924561,
              10.8814676
            ],
            [
              106.5924675,
              10.8815045
            ],
            [
              106.5924744,
              10.8815384
            ],
            [
              106.5924781,
              10.8815727
            ],
            [
              106.5924873,
              10.8816452
            ],
            [
              106.5925004,
              10.8817001
            ],
            [
              106.5925122,
              10.8817367
            ],
            [
              106.5925265,
              10.8817725
            ],
            [
              106.5925413,
              10.8818197
            ],
            [
              106.592552,
              10.881868
            ],
            [
              106.5925649,
              10.88194
            ],
            [
              106.5931085,
              10.8817323
            ],
            [
              106.5931349,
              10.8817956
            ],
            [
              106.5936393,
              10.8816076
            ]
          ]
        ]
      },
      "id": "way/531191849"
    },
    {
      "type": "Feature",
      "properties": {
        "@id": "way/1087651865",
        "addr:housenumber": "641",
        "addr:street": "Đường Quang Trung",
        "amenity": "hospital",
        "healthcare": "hospital",
        "name": "Bệnh viện Đa khoa Gò Vấp",
        "name:en": "Go Vap General Hospital",
        "old_name": "Bệnh viện quận Gò Vấp"
      },
      "geometry": {
        "type": "Polygon",
        "coordinates": [
          [
            [
              106.6613064,
              10.8351187
            ],
            [
              106.661035,
              10.8341907
            ],
            [
              106.6610728,
              10.8341788
            ],
            [
              106.6609872,
              10.8339403
            ],
            [
              106.6615719,
              10.8337823
            ],
            [
              106.661698,
              10.8337823
            ],
            [
              106.6618865,
              10.8344162
            ],
            [
              106.6620547,
              10.8349817
            ],
            [
              106.6620199,
              10.8350476
            ],
            [
              106.6620708,
              10.8352346
            ],
            [
              106.6615532,
              10.8353848
            ],
            [
              106.6614673,
              10.8351345
            ],
            [
              106.6613064,
              10.8351187
            ]
          ]
        ]
      },
      "id": "way/1087651865"
    },
    {
      "type": "Feature",
      "properties": {
        "@id": "way/495132455",
        "amenity": "hospital",
        "healthcare": "hospital"
      },
      "geometry": {
        "type": "Polygon",
        "coordinates": [
          [
            [
              106.685584,
              10.8286015
            ],
            [
              106.685333,
              10.8286797
            ],
            [
              106.6852369,
              10.8283899
            ],
            [
              106.6854797,
              10.8283081
            ],
            [
              106.6855114,
              10.8283838
            ],
            [
              106.6855322,
              10.8284544
            ],
            [
              106.685584,
              10.8286015
            ]
          ]
        ]
      },
      "id": "way/495132455"
    },
    {
      "type": "Feature",
      "properties": {
        "@id": "way/495132456",
        "amenity": "hospital",
        "healthcare": "hospital"
      },
      "geometry": {
        "type": "Polygon",
        "coordinates": [
          [
            [
              106.6854797,
              10.8283081
            ],
            [
              106.6856924,
              10.8282303
            ],
            [
              106.6857449,
              10.8283846
            ],
            [
              106.6859927,
              10.8291127
            ],
            [
              106.6858214,
              10.8291777
            ],
            [
              106.6855255,
              10.8283818
            ],
            [
              106.6854797,
              10.8283081
            ]
          ]
        ]
      },
      "id": "way/495132456"
    },
    {
      "type": "Feature",
      "properties": {
        "@id": "way/225056511",
        "amenity": "hospital",
        "name": "Bệnh viện Quốc tế Hạnh Phúc",
        "phone": "+84 650 3636068",
        "website": "https://www.hanhphuchospital.com/"
      },
      "geometry": {
        "type": "Polygon",
        "coordinates": [
          [
            [
              106.7142927,
              10.8688053
            ],
            [
              106.7134559,
              10.8668456
            ],
            [
              106.7136007,
              10.866814
            ],
            [
              106.7142219,
              10.867345
            ],
            [
              106.7151296,
              10.8684155
            ],
            [
              106.7142927,
              10.8688053
            ]
          ]
        ]
      },
      "id": "way/225056511"
    },
    {
      "type": "Feature",
      "properties": {
        "@id": "way/291853364",
        "addr:housenumber": "37",
        "addr:street": "Phú Châu",
        "amenity": "hospital",
        "healthcare": "hospital",
        "name": "Trung tâm Điều dưỡng Người bệnh Tâm Thần Thủ Đức"
      },
      "geometry": {
        "type": "Polygon",
        "coordinates": [
          [
            [
              106.7458981,
              10.868465
            ],
            [
              106.7456298,
              10.8683532
            ],
            [
              106.7454509,
              10.8682933
            ],
            [
              106.744898,
              10.8676106
            ],
            [
              106.7453045,
              10.8671475
            ],
            [
              106.7456135,
              10.865806
            ],
            [
              106.7457436,
              10.8657461
            ],
            [
              106.7459388,
              10.865786
            ],
            [
              106.7461746,
              10.8661294
            ],
            [
              106.7465079,
              10.8670037
            ],
            [
              106.7476178,
              10.8666165
            ],
            [
              106.7478699,
              10.867399
            ],
            [
              106.7477764,
              10.8683053
            ],
            [
              106.7474145,
              10.8683572
            ],
            [
              106.74726,
              10.8683812
            ],
            [
              106.7461502,
              10.867934
            ],
            [
              106.7458981,
              10.868465
            ]
          ]
        ]
      },
      "id": "way/291853364"
    },
    {
      "type": "Feature",
      "properties": {
        "@id": "way/1023122039",
        "addr:housenumber": "29",
        "addr:street": "Đường Phú Châu",
        "amenity": "hospital",
        "healthcare": "hospital",
        "healthcare:speciality": "general",
        "name": "Bệnh viện Đa khoa Thủ Đức",
        "name:en": "Thu Duc General Hospital",
        "old_name": "Bệnh viện quận Thủ Đức;Bệnh viện thành phố Thủ Đức"
      },
      "geometry": {
        "type": "Polygon",
        "coordinates": [
          [
            [
              106.7453218,
              10.8651266
            ],
            [
              106.7450136,
              10.8645494
            ],
            [
              106.7449372,
              10.8643939
            ],
            [
              106.7451117,
              10.8642978
            ],
            [
              106.7450113,
              10.8641228
            ],
            [
              106.7450829,
              10.8640899
            ],
            [
              106.7454139,
              10.8639191
            ],
            [
              106.7454756,
              10.8638564
            ],
            [
              106.7456123,
              10.8636675
            ],
            [
              106.7462074,
              10.8644219
            ],
            [
              106.7453218,
              10.8651266
            ]
          ]
        ]
      },
      "id": "way/1023122039"
    },
    {
      "type": "Feature",
      "properties": {
        "@id": "way/1137249771",
        "amenity": "hospital",
        "healthcare": "hospital",
        "landuse": "military",
        "name": "Bệnh viên Quân y 4"
      },
      "geometry": {
        "type": "Polygon",
        "coordinates": [
          [
            [
              106.7409983,
              10.8902837
            ],
            [
              106.7406358,
              10.8903453
            ],
            [
              106.7404765,
              10.8903723
            ],
            [
              106.7404951,
              10.8904643
            ],
            [
              106.7405114,
              10.8905567
            ],
            [
              106.7405351,
              10.8907301
            ],
            [
              106.7405502,
              10.8909044
            ],
            [
              106.7400196,
              10.8909942
            ],
            [
              106.7400133,
              10.8907974
            ],
            [
              106.7399937,
              10.8905751
            ],
            [
              106.7399669,
              10.890396
            ],
            [
              106.73994,
              10.8902564
            ],
            [
              106.7398086,
              10.8897981
            ],
            [
              106.7397878,
              10.8896848
            ],
            [
              106.7397684,
              10.8895795
            ],
            [
              106.7396665,
              10.889461
            ],
            [
              106.739409,
              10.8889974
            ],
            [
              106.7416674,
              10.8886419
            ],
            [
              106.741666,
              10.8885734
            ],
            [
              106.7419007,
              10.8885418
            ],
            [
              106.7419126,
              10.8886041
            ],
            [
              106.7429844,
              10.888439
            ],
            [
              106.7429334,
              10.888144
            ],
            [
              106.7430949,
              10.8881112
            ],
            [
              106.7431306,
              10.888104
            ],
            [
              106.7434913,
              10.8880308
            ],
            [
              106.7436951,
              10.8891212
            ],
            [
              106.7436388,
              10.8891291
            ],
            [
              106.7437409,
              10.8898256
            ],
            [
              106.7435127,
              10.889864
            ],
            [
              106.7434953,
              10.8897613
            ],
            [
              106.740978,
              10.8901641
            ],
            [
              106.7409983,
              10.8902837
            ]
          ]
        ]
      },
      "id": "way/1137249771"
    },
    {
      "type": "Feature",
      "properties": {
        "@id": "way/315658177",
        "amenity": "hospital",
        "healthcare": "hospital",
        "name": "Trung tâm Y tế thành phố Thuận An"
      },
      "geometry": {
        "type": "Polygon",
        "coordinates": [
          [
            [
              106.7018184,
              10.9085471
            ],
            [
              106.7023864,
              10.9082987
            ],
            [
              106.7022757,
              10.9080181
            ],
            [
              106.7027348,
              10.9078517
            ],
            [
              106.7033493,
              10.9077194
            ],
            [
              106.7032675,
              10.908014
            ],
            [
              106.7030784,
              10.9086944
            ],
            [
              106.7029235,
              10.9087487
            ],
            [
              106.7021225,
              10.9092667
            ],
            [
              106.7019661,
              10.9088965
            ],
            [
              106.7018184,
              10.9085471
            ]
          ]
        ]
      },
      "id": "way/315658177"
    },
    {
      "type": "Feature",
      "properties": {
        "@id": "way/504577398",
        "addr:city": "Hồ Chí Minh",
        "addr:district": "2",
        "addr:housenumber": "130",
        "addr:street": "Lê Văn Thịnh",
        "addr:subdistrict": "Bình Trưng Tây",
        "amenity": "hospital",
        "healthcare": "hospital",
        "name": "Bệnh viện Lê Văn Thịnh",
        "old_name": "Bệnh viện Quận 2"
      },
      "geometry": {
        "type": "Polygon",
        "coordinates": [
          [
            [
              106.7692765,
              10.7827909
            ],
            [
              106.767616,
              10.7826448
            ],
            [
              106.7677197,
              10.7816547
            ],
            [
              106.7693853,
              10.7818877
            ],
            [
              106.7692765,
              10.7827909
            ]
          ]
        ]
      },
      "id": "way/504577398"
    },
    {
      "type": "Feature",
      "properties": {
        "@id": "way/1271884826",
        "amenity": "hospital",
        "healthcare": "hospital",
        "name": "Trạm Y tế phường Bình Trưng Đông"
      },
      "geometry": {
        "type": "Polygon",
        "coordinates": [
          [
            [
              106.7721448,
              10.7897481
            ],
            [
              106.7718871,
              10.7897404
            ],
            [
              106.771871,
              10.7894626
            ],
            [
              106.7721429,
              10.7894536
            ],
            [
              106.7721448,
              10.7897481
            ]
          ]
        ]
      },
      "id": "way/1271884826"
    },
    {
      "type": "Feature",
      "properties": {
        "@id": "way/1241980323",
        "addr:city": "Thành phố Hồ Chí Minh",
        "addr:district": "Thành phố Thủ Đức",
        "addr:housenumber": "199",
        "addr:street": "Nguyễn Hoàng",
        "addr:subdistrict": "An Phú",
        "amenity": "hospital",
        "healthcare": "hospital",
        "name": "Bệnh viện Quốc tế Mỹ AIH",
        "name:en": "American International Hospital"
      },
      "geometry": {
        "type": "Polygon",
        "coordinates": [
          [
            [
              106.7460987,
              10.7939536
            ],
            [
              106.7462034,
              10.7934167
            ],
            [
              106.7462699,
              10.7934292
            ],
            [
              106.7463133,
              10.7934373
            ],
            [
              106.7471163,
              10.7935883
            ],
            [
              106.7471402,
              10.7934648
            ],
            [
              106.7474722,
              10.7935269
            ],
            [
              106.7475114,
              10.7935773
            ],
            [
              106.7474616,
              10.7938355
            ],
            [
              106.7474559,
              10.7938652
            ],
            [
              106.7473896,
              10.7938957
            ],
            [
              106.7473234,
              10.7939077
            ],
            [
              106.7472687,
              10.7939263
            ],
            [
              106.7472153,
              10.7939528
            ],
            [
              106.747169,
              10.7939847
            ],
            [
              106.7471281,
              10.7940192
            ],
            [
              106.7470875,
              10.7940624
            ],
            [
              106.7470598,
              10.7940995
            ],
            [
              106.7470017,
              10.7941234
            ],
            [
              106.7460987,
              10.7939536
            ]
          ]
        ]
      },
      "id": "way/1241980323"
    },
    {
      "type": "Feature",
      "properties": {
        "@id": "way/314222713",
        "amenity": "hospital",
        "healthcare": "hospital",
        "name": "Trạm y tế Phước Bình",
        "name:en": "Trạm Y tế Phước Bình"
      },
      "geometry": {
        "type": "Polygon",
        "coordinates": [
          [
            [
              106.7728649,
              10.8159267
            ],
            [
              106.7729454,
              10.8155895
            ],
            [
              106.7733906,
              10.8157094
            ],
            [
              106.7732874,
              10.8160559
            ],
            [
              106.7728649,
              10.8159267
            ]
          ]
        ]
      },
      "id": "way/314222713"
    },
    {
      "type": "Feature",
      "properties": {
        "@id": "way/1302162923",
        "addr:housenumber": "50",
        "addr:street": "Đường Lê Văn Việt",
        "amenity": "hospital",
        "healthcare": "hospital",
        "landuse": "military",
        "name": "Bệnh viện Quân Dân y Miền Đông",
        "old_name": "Bệnh viện 7C",
        "operator": "Quân khu 7"
      },
      "geometry": {
        "type": "Polygon",
        "coordinates": [
          [
            [
              106.7767629,
              10.8443084
            ],
            [
              106.7774638,
              10.8438944
            ],
            [
              106.7774664,
              10.8438929
            ],
            [
              106.7780201,
              10.8435659
            ],
            [
              106.7780753,
              10.8435333
            ],
            [
              106.7782739,
              10.8438988
            ],
            [
              106.7777772,
              10.8441774
            ],
            [
              106.7784404,
              10.8453503
            ],
            [
              106.7787325,
              10.8458622
            ],
            [
              106.7782668,
              10.8461175
            ],
            [
              106.7782069,
              10.8461503
            ],
            [
              106.7781437,
              10.846185
            ],
            [
              106.7781066,
              10.8461183
            ],
            [
              106.7780959,
              10.8461239
            ],
            [
              106.7778453,
              10.84567
            ],
            [
              106.7777984,
              10.8455849
            ],
            [
              106.7775779,
              10.8451854
            ],
            [
              106.7774444,
              10.8452569
            ],
            [
              106.7773254,
              10.8453207
            ],
            [
              106.7768068,
              10.8443851
            ],
            [
              106.7767826,
              10.8443437
            ],
            [
              106.7767629,
              10.8443084
            ]
          ]
        ]
      },
      "id": "way/1302162923"
    },
    {
      "type": "Feature",
      "properties": {
        "@id": "way/507538758",
        "addr:housenumber": "387",
        "addr:street": "Đường Lê Văn Việt",
        "amenity": "hospital",
        "healthcare": "hospital",
        "healthcare:speciality": "general",
        "name": "Bệnh viện Lê Văn Việt",
        "old_name": "Bệnh viện Quận 9"
      },
      "geometry": {
        "type": "Polygon",
        "coordinates": [
          [
            [
              106.7903511,
              10.8449367
            ],
            [
              106.7902619,
              10.8453076
            ],
            [
              106.7898155,
              10.8452234
            ],
            [
              106.7897935,
              10.8450638
            ],
            [
              106.7897915,
              10.8448308
            ],
            [
              106.7898514,
              10.8445717
            ],
            [
              106.7899268,
              10.8444934
            ],
            [
              106.7906722,
              10.8446664
            ],
            [
              106.7905875,
              10.8449963
            ],
            [
              106.7903511,
              10.8449367
            ]
          ]
        ]
      },
      "id": "way/507538758"
    },
    {
      "type": "Feature",
      "properties": {
        "@id": "way/321939234",
        "amenity": "hospital",
        "healthcare": "hospital",
        "name": "Bệnh viện Đa khoa khu vực Thủ Đức",
        "name:en": "Thu Duc General Hospital",
        "name:vi": "Bệnh viện Đa khoa khu vực Thủ Đức",
        "name:zh": "守德医院"
      },
      "geometry": {
        "type": "Polygon",
        "coordinates": [
          [
            [
              106.7801336,
              10.8628359
            ],
            [
              106.7793349,
              10.8613399
            ],
            [
              106.7794011,
              10.8609622
            ],
            [
              106.7802478,
              10.8610156
            ],
            [
              106.7818441,
              10.8611164
            ],
            [
              106.781842,
              10.8618188
            ],
            [
              106.7808648,
              10.861879
            ],
            [
              106.7807541,
              10.8620871
            ],
            [
              106.7808223,
              10.8622851
            ],
            [
              106.7808182,
              10.8625331
            ],
            [
              106.7801336,
              10.8628359
            ]
          ]
        ]
      },
      "id": "way/321939234"
    },
    {
      "type": "Feature",
      "properties": {
        "@id": "way/1224028320",
        "amenity": "hospital",
        "construction": "yes",
        "healthcare": "hospital",
        "name": "Bệnh viện Quốc tế Vinmec"
      },
      "geometry": {
        "type": "Polygon",
        "coordinates": [
          [
            [
              106.8452243,
              10.837254
            ],
            [
              106.8451648,
              10.8370538
            ],
            [
              106.8450306,
              10.8366386
            ],
            [
              106.8446541,
              10.8355132
            ],
            [
              106.8465904,
              10.8349201
            ],
            [
              106.8465945,
              10.8351198
            ],
            [
              106.8464806,
              10.8362298
            ],
            [
              106.8464562,
              10.8364454
            ],
            [
              106.8463505,
              10.836669
            ],
            [
              106.8462286,
              10.8368447
            ],
            [
              106.8460375,
              10.8369805
            ],
            [
              106.8457448,
              10.8370843
            ],
            [
              106.8452243,
              10.837254
            ]
          ]
        ]
      },
      "id": "way/1224028320"
    },
    {
      "type": "Feature",
      "properties": {
        "@id": "way/605281204",
        "addr:district": "Quận 9",
        "addr:province": "Hồ Chí Minh",
        "addr:street": "Đường Số 400",
        "addr:subdistrict": "Tân Phú",
        "amenity": "hospital",
        "healthcare": "hospital",
        "healthcare:speciality": "oncology",
        "name": "Bệnh viện Ung bướu cơ sở 2",
        "name:en": "HCMC Oncology Hospital 2"
      },
      "geometry": {
        "type": "Polygon",
        "coordinates": [
          [
            [
              106.8087253,
              10.8713075
            ],
            [
              106.8082505,
              10.8706187
            ],
            [
              106.8079958,
              10.8701511
            ],
            [
              106.808551,
              10.8699352
            ],
            [
              106.8083673,
              10.8695018
            ],
            [
              106.8098799,
              10.8691107
            ],
            [
              106.8099795,
              10.8691058
            ],
            [
              106.8100454,
              10.8691231
            ],
            [
              106.8100743,
              10.869141
            ],
            [
              106.8100871,
              10.8691694
            ],
            [
              106.810654,
              10.8708796
            ],
            [
              106.8106399,
              10.870935
            ],
            [
              106.8106056,
              10.8709756
            ],
            [
              106.8104212,
              10.8710182
            ],
            [
              106.8103335,
              10.870958
            ],
            [
              106.8092333,
              10.8712192
            ],
            [
              106.8092222,
              10.8712556
            ],
            [
              106.8088429,
              10.8713333
            ],
            [
              106.8088063,
              10.871341
            ],
            [
              106.8087697,
              10.8713329
            ],
            [
              106.8087253,
              10.8713075
            ]
          ]
        ]
      },
      "id": "way/605281204"
    },
    {
      "type": "Feature",
      "properties": {
        "@id": "way/1023240915",
        "amenity": "hospital",
        "healthcare": "hospital",
        "name": "Bệnh viện Đa khoa Hoàn Hảo Kei Mei Kai"
      },
      "geometry": {
        "type": "Polygon",
        "coordinates": [
          [
            [
              106.762775,
              10.8701716
            ],
            [
              106.7626798,
              10.870001
            ],
            [
              106.7625196,
              10.8700945
            ],
            [
              106.7622828,
              10.8697225
            ],
            [
              106.7625725,
              10.8694479
            ],
            [
              106.7627143,
              10.8696848
            ],
            [
              106.7628649,
              10.8695952
            ],
            [
              106.7629571,
              10.8697473
            ],
            [
              106.7631975,
              10.8696125
            ],
            [
              106.7631988,
              10.8697725
            ],
            [
              106.7630238,
              10.8698851
            ],
            [
              106.7630593,
              10.8699556
            ],
            [
              106.762775,
              10.8701716
            ]
          ]
        ]
      },
      "id": "way/1023240915"
    },
    {
      "type": "Feature",
      "properties": {
        "@id": "way/1024308083",
        "amenity": "hospital",
        "emergency": "yes",
        "healthcare": "hospital",
        "healthcare:speciality": "general",
        "name": "Bệnh viện Hoàn Mỹ Thủ Đức"
      },
      "geometry": {
        "type": "Polygon",
        "coordinates": [
          [
            [
              106.7729394,
              10.8876943
            ],
            [
              106.7739317,
              10.8868295
            ],
            [
              106.7740392,
              10.886906
            ],
            [
              106.7742181,
              10.8870334
            ],
            [
              106.7739077,
              10.8873496
            ],
            [
              106.774502,
              10.8878993
            ],
            [
              106.7738596,
              10.8885145
            ],
            [
              106.7729394,
              10.8876943
            ]
          ]
        ]
      },
      "id": "way/1024308083"
    },
    {
      "type": "Feature",
      "properties": {
        "@id": "way/291139318",
        "amenity": "hospital",
        "healthcare": "hospital",
        "name": "Trung tâm Y tế thành phố Dĩ An"
      },
      "geometry": {
        "type": "Polygon",
        "coordinates": [
          [
            [
              106.7813078,
              10.9111464
            ],
            [
              106.7812448,
              10.9111327
            ],
            [
              106.7812168,
              10.9110639
            ],
            [
              106.7812121,
              10.9109584
            ],
            [
              106.7812168,
              10.9108071
            ],
            [
              106.7812401,
              10.9106191
            ],
            [
              106.7813057,
              10.9092634
            ],
            [
              106.7816088,
              10.9092352
            ],
            [
              106.7818793,
              10.9091918
            ],
            [
              106.7819295,
              10.909652
            ],
            [
              106.7819564,
              10.9097663
            ],
            [
              106.7820247,
              10.9102982
            ],
            [
              106.7821111,
              10.9104357
            ],
            [
              106.7813078,
              10.9111464
            ]
          ]
        ]
      },
      "id": "way/291139318"
    },
    {
      "type": "Feature",
      "properties": {
        "@id": "way/267229678",
        "amenity": "hospital",
        "healthcare": "hospital",
        "healthcare:speciality": "general",
        "name": "Bệnh viện Thị xã Phú Mỹ"
      },
      "geometry": {
        "type": "Polygon",
        "coordinates": [
          [
            [
              107.0592573,
              10.5970382
            ],
            [
              107.0584756,
              10.59709
            ],
            [
              107.0584328,
              10.5962867
            ],
            [
              107.0585855,
              10.5962604
            ],
            [
              107.0586354,
              10.5962212
            ],
            [
              107.0592331,
              10.5961613
            ],
            [
              107.0592573,
              10.5970382
            ]
          ]
        ]
      },
      "id": "way/267229678"
    },
    {
      "type": "Feature",
      "properties": {
        "@id": "way/254751800",
        "amenity": "hospital",
        "building": "yes",
        "name": "Trung tâm Y tế Phường Kim Dinh"
      },
      "geometry": {
        "type": "Polygon",
        "coordinates": [
          [
            [
              107.1303835,
              10.5057906
            ],
            [
              107.1303989,
              10.5054331
            ],
            [
              107.1308888,
              10.5054482
            ],
            [
              107.1308487,
              10.5058057
            ],
            [
              107.1303835,
              10.5057906
            ]
          ]
        ]
      },
      "id": "way/254751800"
    },
    {
      "type": "Feature",
      "properties": {
        "@id": "way/744898280",
        "amenity": "hospital",
        "name": "Bệnh viện Tâm Thần Bà Rịa"
      },
      "geometry": {
        "type": "Polygon",
        "coordinates": [
          [
            [
              107.0822141,
              10.610416
            ],
            [
              107.0819253,
              10.609663
            ],
            [
              107.0806369,
              10.6100126
            ],
            [
              107.0804679,
              10.609401
            ],
            [
              107.0816883,
              10.6090451
            ],
            [
              107.0839293,
              10.6081672
            ],
            [
              107.0841962,
              10.6089041
            ],
            [
              107.0844457,
              10.609517
            ],
            [
              107.0822141,
              10.610416
            ]
          ]
        ]
      },
      "id": "way/744898280"
    },
    {
      "type": "Feature",
      "properties": {
        "@id": "way/568980592",
        "amenity": "hospital",
        "name": "Bệnh viện Mắt Bà Rịa - Vũng Tàu",
        "name:en": "Ba Ria - Vung Tau Eye Hospital",
        "name:id": "Rumah Sakit Mata Ba Ria-Vung Tau",
        "name:ru": "Глазная больница Бариа-Вунгтау",
        "name:zh": "巴地头顿省眼科医院"
      },
      "geometry": {
        "type": "Polygon",
        "coordinates": [
          [
            [
              107.1776763,
              10.5077949
            ],
            [
              107.1769769,
              10.5072045
            ],
            [
              107.177226,
              10.5069602
            ],
            [
              107.1779152,
              10.5075521
            ],
            [
              107.1776763,
              10.5077949
            ]
          ]
        ]
      },
      "id": "way/568980592"
    },
    {
      "type": "Feature",
      "properties": {
        "@id": "way/253641558",
        "addr:housenumber": "686",
        "addr:street": "Võ Văn Kiệt",
        "amenity": "hospital",
        "name": "Bệnh viện Đa khoa Bà Rịa",
        "name:en": "Ba Ria General Hospital"
      },
      "geometry": {
        "type": "Polygon",
        "coordinates": [
          [
            [
              107.1966357,
              10.511132
            ],
            [
              107.1954242,
              10.5086856
            ],
            [
              107.1973341,
              10.5077215
            ],
            [
              107.1974311,
              10.5077263
            ],
            [
              107.1985546,
              10.5101646
            ],
            [
              107.1966357,
              10.511132
            ]
          ]
        ]
      },
      "id": "way/253641558"
    },
    {
      "type": "Feature",
      "properties": {
        "@id": "way/254983214",
        "amenity": "hospital",
        "name": "Bệnh viện Quân Dân Y"
      },
      "geometry": {
        "type": "Polygon",
        "coordinates": [
          [
            [
              107.1939071,
              10.5087163
            ],
            [
              107.1935238,
              10.5079246
            ],
            [
              107.1935425,
              10.507881
            ],
            [
              107.1944157,
              10.5074632
            ],
            [
              107.1944998,
              10.5074976
            ],
            [
              107.1948678,
              10.5082644
            ],
            [
              107.1939071,
              10.5087163
            ]
          ]
        ]
      },
      "id": "way/254983214"
    },
    {
      "type": "Feature",
      "properties": {
        "@id": "way/568980571",
        "amenity": "hospital",
        "name": "Bệnh viện Y học cổ truyền Bà Rịa-Vũng Tàu"
      },
      "geometry": {
        "type": "Polygon",
        "coordinates": [
          [
            [
              107.1955348,
              10.5140226
            ],
            [
              107.1954703,
              10.5140068
            ],
            [
              107.1946294,
              10.5124983
            ],
            [
              107.1946468,
              10.5124389
            ],
            [
              107.1953927,
              10.5120324
            ],
            [
              107.1962761,
              10.5136162
            ],
            [
              107.1955348,
              10.5140226
            ]
          ]
        ]
      },
      "id": "way/568980571"
    },
    {
      "type": "Feature",
      "properties": {
        "@id": "way/731884707",
        "amenity": "hospital",
        "healthcare": "hospital",
        "name": "Bệnh viện Sức khỏe Tâm thần Bà Rịa - Vũng Tàu"
      },
      "geometry": {
        "type": "Polygon",
        "coordinates": [
          [
            [
              107.236573,
              10.5865389
            ],
            [
              107.235134,
              10.5865348
            ],
            [
              107.2347459,
              10.5864612
            ],
            [
              107.2347566,
              10.5842887
            ],
            [
              107.2365831,
              10.5842847
            ],
            [
              107.2365826,
              10.5843783
            ],
            [
              107.236573,
              10.5865389
            ]
          ]
        ]
      },
      "id": "way/731884707"
    },
    {
      "type": "Feature",
      "properties": {
        "@id": "way/728723398",
        "amenity": "hospital",
        "name": "Bệnh viện Tâm thần Tỉnh Bà Rịa-Vũng Tàu",
        "name:en": "Ba Ria Vung Tau Mental Hospital"
      },
      "geometry": {
        "type": "Polygon",
        "coordinates": [
          [
            [
              107.2374827,
              10.6231476
            ],
            [
              107.2382461,
              10.6229559
            ],
            [
              107.2384836,
              10.6238697
            ],
            [
              107.2377202,
              10.6240614
            ],
            [
              107.2374827,
              10.6231476
            ]
          ]
        ]
      },
      "id": "way/728723398"
    },
    {
      "type": "Feature",
      "properties": {
        "@id": "way/727457675",
        "amenity": "hospital",
        "name": "Bệnh viện huyện Châu Đức",
        "name:en": "Chau Duc District Hospital",
        "name:id": "Rumah Sakit Distrik Chau Duc",
        "name:zh": "周德县医院"
      },
      "geometry": {
        "type": "Polygon",
        "coordinates": [
          [
            [
              107.2400701,
              10.6484285
            ],
            [
              107.2397912,
              10.6473002
            ],
            [
              107.2397147,
              10.647038
            ],
            [
              107.2401955,
              10.6469107
            ],
            [
              107.2409096,
              10.6467216
            ],
            [
              107.2409834,
              10.6469839
            ],
            [
              107.2410156,
              10.6469734
            ],
            [
              107.2413696,
              10.6480739
            ],
            [
              107.2400701,
              10.6484285
            ]
          ]
        ]
      },
      "id": "way/727457675"
    },
    {
      "type": "Feature",
      "properties": {
        "@id": "way/1353132120",
        "amenity": "hospital",
        "name": "Bệnh Viện Đa Khoa Xuyên Á"
      },
      "geometry": {
        "type": "Polygon",
        "coordinates": [
          [
            [
              106.5595025,
              10.9282955
            ],
            [
              106.559025,
              10.9284746
            ],
            [
              106.5591297,
              10.9287458
            ],
            [
              106.5583974,
              10.9289644
            ],
            [
              106.5587246,
              10.9295859
            ],
            [
              106.5579468,
              10.9298941
            ],
            [
              106.5577403,
              10.9292962
            ],
            [
              106.5574023,
              10.9293937
            ],
            [
              106.5574479,
              10.9295991
            ],
            [
              106.5568712,
              10.9297229
            ],
            [
              106.556721,
              10.9293121
            ],
            [
              106.5573245,
              10.9291172
            ],
            [
              106.5572172,
              10.9287906
            ],
            [
              106.5579978,
              10.9285431
            ],
            [
              106.5573353,
              10.9279716
            ],
            [
              106.5574104,
              10.927861
            ],
            [
              106.5568632,
              10.9274501
            ],
            [
              106.5569517,
              10.9273026
            ],
            [
              106.5570644,
              10.9272974
            ],
            [
              106.5571649,
              10.9271604
            ],
            [
              106.5571059,
              10.9271288
            ],
            [
              106.5571032,
              10.9270893
            ],
            [
              106.5570684,
              10.9270656
            ],
            [
              106.5572239,
              10.9268668
            ],
            [
              106.5581721,
              10.927595
            ],
            [
              106.5586187,
              10.9270156
            ],
            [
              106.5587064,
              10.9270734
            ],
            [
              106.5587005,
              10.927092
            ],
            [
              106.5587461,
              10.9271262
            ],
            [
              106.5587657,
              10.9271125
            ],
            [
              106.5589781,
              10.9272526
            ],
            [
              106.5595025,
              10.9282955
            ]
          ]
        ]
      },
      "id": "way/1353132120"
    },
    {
      "type": "Feature",
      "properties": {
        "@id": "way/986884996",
        "amenity": "hospital",
        "healthcare": "hospital",
        "name": "Trung tâm Y tế thành phố Thủ Dầu Một"
      },
      "geometry": {
        "type": "Polygon",
        "coordinates": [
          [
            [
              106.6539051,
              10.978091
            ],
            [
              106.654489,
              10.977914
            ],
            [
              106.6545722,
              10.9781076
            ],
            [
              106.6539606,
              10.9783027
            ],
            [
              106.6539051,
              10.978091
            ]
          ]
        ]
      },
      "id": "way/986884996"
    },
    {
      "type": "Feature",
      "properties": {
        "@id": "way/264451933",
        "addr:housenumber": "2",
        "addr:street": "BS Yersin",
        "amenity": "hospital",
        "building": "no",
        "emergency": "no",
        "healthcare": "hospital",
        "name": "Bệnh viện Y học cổ truyền Bình Dương"
      },
      "geometry": {
        "type": "Polygon",
        "coordinates": [
          [
            [
              106.6578518,
              10.9817468
            ],
            [
              106.657721,
              10.9816322
            ],
            [
              106.6576043,
              10.9815542
            ],
            [
              106.6574385,
              10.9814946
            ],
            [
              106.6572073,
              10.9814534
            ],
            [
              106.657794,
              10.9797951
            ],
            [
              106.6581437,
              10.9800505
            ],
            [
              106.6581693,
              10.9803393
            ],
            [
              106.6581367,
              10.9804815
            ],
            [
              106.658139,
              10.9805227
            ],
            [
              106.658188,
              10.9809193
            ],
            [
              106.658209,
              10.9809766
            ],
            [
              106.6582441,
              10.9810591
            ],
            [
              106.6583585,
              10.9812471
            ],
            [
              106.6580689,
              10.9815634
            ],
            [
              106.6580386,
              10.9815611
            ],
            [
              106.6578518,
              10.9817468
            ]
          ]
        ]
      },
      "id": "way/264451933"
    },
    {
      "type": "Feature",
      "properties": {
        "@id": "way/494806820",
        "addr:housenumber": "5",
        "addr:street": "Phạm Ngọc Thạch",
        "amenity": "hospital",
        "emergency": "yes",
        "healthcare": "hospital",
        "healthcare:speciality": "general",
        "name": "Bệnh viện Đa khoa Bình Dương",
        "name:en": "Binh Duong General Hospital"
      },
      "geometry": {
        "type": "Polygon",
        "coordinates": [
          [
            [
              106.6549115,
              10.9994722
            ],
            [
              106.6546051,
              10.9993924
            ],
            [
              106.6536856,
              10.9978998
            ],
            [
              106.6559715,
              10.9955653
            ],
            [
              106.656036,
              10.9955688
            ],
            [
              106.6561931,
              10.9962346
            ],
            [
              106.6563257,
              10.9966916
            ],
            [
              106.6565226,
              10.9971964
            ],
            [
              106.6566969,
              10.9974686
            ],
            [
              106.6554149,
              10.9986483
            ],
            [
              106.6553144,
              10.998721
            ],
            [
              106.6551539,
              10.9988245
            ],
            [
              106.6550581,
              10.9989636
            ],
            [
              106.6549115,
              10.9994722
            ]
          ]
        ]
      },
      "id": "way/494806820"
    },
    {
      "type": "Feature",
      "properties": {
        "@id": "way/499420845",
        "amenity": "hospital",
        "name": "Bệnh viện Vạn Phúc 2",
        "name:en": "Van Phuc 2 Hospital"
      },
      "geometry": {
        "type": "Polygon",
        "coordinates": [
          [
            [
              106.74005,
              10.9797878
            ],
            [
              106.7389852,
              10.979801
            ],
            [
              106.7394546,
              10.9791638
            ],
            [
              106.7394713,
              10.9791256
            ],
            [
              106.7398515,
              10.9791374
            ],
            [
              106.7398998,
              10.9788267
            ],
            [
              106.7405033,
              10.9789057
            ],
            [
              106.7405033,
              10.9790163
            ],
            [
              106.7407286,
              10.979011
            ],
            [
              106.7405462,
              10.979801
            ],
            [
              106.74005,
              10.9797878
            ]
          ]
        ]
      },
      "id": "way/499420845"
    },
    {
      "type": "Feature",
      "properties": {
        "@id": "way/1361309674",
        "amenity": "hospital",
        "name": "Bệnh viện Bến Sắn",
        "operator": "Sở Y tế Thành phố Hồ Chí Minh"
      },
      "geometry": {
        "type": "Polygon",
        "coordinates": [
          [
            [
              106.7388296,
              11.0468007
            ],
            [
              106.738902,
              11.0461294
            ],
            [
              106.738961,
              11.0456398
            ],
            [
              106.7389109,
              11.0455888
            ],
            [
              106.7388645,
              11.0455345
            ],
            [
              106.7388168,
              11.0454695
            ],
            [
              106.7387775,
              11.0453994
            ],
            [
              106.738747,
              11.0453251
            ],
            [
              106.7387258,
              11.0452478
            ],
            [
              106.7387143,
              11.0451686
            ],
            [
              106.7387123,
              11.0450939
            ],
            [
              106.7387189,
              11.0450195
            ],
            [
              106.7387155,
              11.0448703
            ],
            [
              106.7387041,
              11.0447216
            ],
            [
              106.7386848,
              11.0445736
            ],
            [
              106.7386701,
              11.0444893
            ],
            [
              106.7386486,
              11.0444065
            ],
            [
              106.7386203,
              11.0443256
            ],
            [
              106.7385855,
              11.0442472
            ],
            [
              106.7385399,
              11.0441643
            ],
            [
              106.7384997,
              11.0440787
            ],
            [
              106.7384655,
              11.0439919
            ],
            [
              106.7384368,
              11.0439031
            ],
            [
              106.7384139,
              11.0438128
            ],
            [
              106.7387974,
              11.0436391
            ],
            [
              106.7387237,
              11.0435171
            ],
            [
              106.7386472,
              11.0433969
            ],
            [
              106.7385917,
              11.0433131
            ],
            [
              106.7385433,
              11.0432251
            ],
            [
              106.7385024,
              11.0431336
            ],
            [
              106.7384781,
              11.0430671
            ],
            [
              106.7384605,
              11.0429986
            ],
            [
              106.7384498,
              11.0429287
            ],
            [
              106.7384461,
              11.0428582
            ],
            [
              106.7384493,
              11.0427876
            ],
            [
              106.7384595,
              11.0427177
            ],
            [
              106.7384782,
              11.0426435
            ],
            [
              106.7385056,
              11.0425719
            ],
            [
              106.7385413,
              11.042504
            ],
            [
              106.7385848,
              11.0424405
            ],
            [
              106.7386356,
              11.0423825
            ],
            [
              106.7386928,
              11.0423307
            ],
            [
              106.7387543,
              11.0422867
            ],
            [
              106.7388204,
              11.0422499
            ],
            [
              106.7389503,
              11.0421727
            ],
            [
              106.7390676,
              11.0421074
            ],
            [
              106.739181,
              11.0420358
            ],
            [
              106.7392933,
              11.041956
            ],
            [
              106.7394009,
              11.04187
            ],
            [
              106.739465,
              11.0418865
            ],
            [
              106.739527,
              11.0419095
            ],
            [
              106.7395828,
              11.0419367
            ],
            [
              106.7396356,
              11.0419691
            ],
            [
              106.7397475,
              11.0420227
            ],
            [
              106.7398623,
              11.0420701
            ],
            [
              106.7399743,
              11.0421093
            ],
            [
              106.7400883,
              11.0421427
            ],
            [
              106.7402039,
              11.04217
            ],
            [
              106.7403209,
              11.0421912
            ],
            [
              106.7397737,
              11.0427703
            ],
            [
              106.7398481,
              11.0428459
            ],
            [
              106.7399269,
              11.0429171
            ],
            [
              106.7400098,
              11.0429836
            ],
            [
              106.7400905,
              11.0430411
            ],
            [
              106.7401744,
              11.0430941
            ],
            [
              106.7402611,
              11.0431426
            ],
            [
              106.7403504,
              11.0431863
            ],
            [
              106.7407447,
              11.0430915
            ],
            [
              106.7408648,
              11.0430339
            ],
            [
              106.7409828,
              11.0429724
            ],
            [
              106.7410988,
              11.0429072
            ],
            [
              106.7412435,
              11.0428186
            ],
            [
              106.7413844,
              11.0427243
            ],
            [
              106.741504,
              11.0426375
            ],
            [
              106.7416204,
              11.0425466
            ],
            [
              106.7416379,
              11.0425308
            ],
            [
              106.7416674,
              11.042565
            ],
            [
              106.7417693,
              11.0424965
            ],
            [
              106.7418685,
              11.042405
            ],
            [
              106.7419624,
              11.0423084
            ],
            [
              106.7420509,
              11.042207
            ],
            [
              106.7421415,
              11.0420903
            ],
            [
              106.7422283,
              11.041971
            ],
            [
              106.7423111,
              11.0418489
            ],
            [
              106.7423475,
              11.0417926
            ],
            [
              106.7423878,
              11.041739
            ],
            [
              106.7424318,
              11.0416883
            ],
            [
              106.7424823,
              11.0416382
            ],
            [
              106.742538,
              11.0415937
            ],
            [
              106.7425982,
              11.0415553
            ],
            [
              106.7426623,
              11.0415236
            ],
            [
              106.7427295,
              11.0414988
            ],
            [
              106.7427861,
              11.041484
            ],
            [
              106.7428438,
              11.041474
            ],
            [
              106.7429597,
              11.0414583
            ],
            [
              106.7430766,
              11.0414516
            ],
            [
              106.7431936,
              11.041454
            ],
            [
              106.7432893,
              11.0414629
            ],
            [
              106.7433842,
              11.0414778
            ],
            [
              106.7434779,
              11.0414988
            ],
            [
              106.7449558,
              11.0418568
            ],
            [
              106.7450637,
              11.041887
            ],
            [
              106.745173,
              11.0419121
            ],
            [
              106.7452599,
              11.0419282
            ],
            [
              106.7453474,
              11.0419411
            ],
            [
              106.7454233,
              11.041952
            ],
            [
              106.7454982,
              11.0419688
            ],
            [
              106.7455713,
              11.0419916
            ],
            [
              106.7456424,
              11.04202
            ],
            [
              106.7457245,
              11.0420616
            ],
            [
              106.7458087,
              11.042099
            ],
            [
              106.7458766,
              11.0421256
            ],
            [
              106.7459474,
              11.0421434
            ],
            [
              106.7460199,
              11.0421521
            ],
            [
              106.746093,
              11.0421517
            ],
            [
              106.7461664,
              11.0421418
            ],
            [
              106.7462379,
              11.0421227
            ],
            [
              106.7462915,
              11.0421991
            ],
            [
              106.746346,
              11.0421893
            ],
            [
              106.7463988,
              11.0421727
            ],
            [
              106.7464311,
              11.0421587
            ],
            [
              106.746462,
              11.0421421
            ],
            [
              106.7465277,
              11.0421169
            ],
            [
              106.7465953,
              11.0420972
            ],
            [
              106.7466643,
              11.0420832
            ],
            [
              106.7467311,
              11.0420753
            ],
            [
              106.7467983,
              11.0420726
            ],
            [
              106.7468655,
              11.0420753
            ],
            [
              106.7468836,
              11.0422133
            ],
            [
              106.7468977,
              11.0423517
            ],
            [
              106.7469098,
              11.0425309
            ],
            [
              106.7469245,
              11.0427098
            ],
            [
              106.7469489,
              11.0429549
            ],
            [
              106.7469782,
              11.0431994
            ],
            [
              106.7471713,
              11.0431915
            ],
            [
              106.7471713,
              11.0431441
            ],
            [
              106.7474931,
              11.0431468
            ],
            [
              106.7474878,
              11.0434495
            ],
            [
              106.7477399,
              11.0434548
            ],
            [
              106.7477265,
              11.0440998
            ],
            [
              106.7513394,
              11.0440866
            ],
            [
              106.7513475,
              11.044263
            ],
            [
              106.751357,
              11.0444105
            ],
            [
              106.7513689,
              11.0445578
            ],
            [
              106.7513398,
              11.0446049
            ],
            [
              106.7513055,
              11.0446484
            ],
            [
              106.7512664,
              11.0446879
            ],
            [
              106.751223,
              11.0447228
            ],
            [
              106.7511758,
              11.0447526
            ],
            [
              106.7511312,
              11.0447746
            ],
            [
              106.7510846,
              11.0447921
            ],
            [
              106.7510781,
              11.0448622
            ],
            [
              106.7510772,
              11.0449325
            ],
            [
              106.7510819,
              11.0450027
            ],
            [
              106.7510944,
              11.0450824
            ],
            [
              106.7511141,
              11.0451607
            ],
            [
              106.7511812,
              11.0451738
            ],
            [
              106.7511838,
              11.0452108
            ],
            [
              106.7511785,
              11.0452475
            ],
            [
              106.7511678,
              11.0452777
            ],
            [
              106.7511517,
              11.0453055
            ],
            [
              106.7509478,
              11.0454739
            ],
            [
              106.7509425,
              11.0456293
            ],
            [
              106.7510386,
              11.0456473
            ],
            [
              106.7511356,
              11.0456608
            ],
            [
              106.7512708,
              11.0456719
            ],
            [
              106.7514065,
              11.045674
            ],
            [
              106.7514145,
              11.0457898
            ],
            [
              106.7514283,
              11.0459291
            ],
            [
              106.7514464,
              11.0460679
            ],
            [
              106.7514843,
              11.0463453
            ],
            [
              106.7515186,
              11.0465641
            ],
            [
              106.7515567,
              11.0467823
            ],
            [
              106.7497462,
              11.0467981
            ],
            [
              106.7499366,
              11.0494648
            ],
            [
              106.7451891,
              11.0494622
            ],
            [
              106.7450792,
              11.049466
            ],
            [
              106.7449691,
              11.0494651
            ],
            [
              106.7448592,
              11.0494595
            ],
            [
              106.7447165,
              11.0494453
            ],
            [
              106.7445749,
              11.0494227
            ],
            [
              106.7444611,
              11.0493981
            ],
            [
              106.7443496,
              11.0493648
            ],
            [
              106.7442699,
              11.0493349
            ],
            [
              106.7441921,
              11.0493005
            ],
            [
              106.7440385,
              11.0492279
            ],
            [
              106.7439066,
              11.0491572
            ],
            [
              106.7437783,
              11.0490805
            ],
            [
              106.7423312,
              11.0481657
            ],
            [
              106.742295,
              11.0480498
            ],
            [
              106.7420509,
              11.0480433
            ],
            [
              106.7416593,
              11.0478827
            ],
            [
              106.7413241,
              11.0477511
            ],
            [
              106.7408761,
              11.0475668
            ],
            [
              106.7406708,
              11.0474832
            ],
            [
              106.7404684,
              11.047393
            ],
            [
              106.7402625,
              11.047293
            ],
            [
              106.7400554,
              11.0471956
            ],
            [
              106.7398059,
              11.0470824
            ],
            [
              106.7397145,
              11.0470392
            ],
            [
              106.7396209,
              11.0470008
            ],
            [
              106.7395458,
              11.046974
            ],
            [
              106.7394696,
              11.0469503
            ],
            [
              106.7393164,
              11.046906
            ],
            [
              106.7392088,
              11.0468788
            ],
            [
              106.7391005,
              11.0468547
            ],
            [
              106.7389653,
              11.0468263
            ],
            [
              106.7388296,
              11.0468007
            ]
          ]
        ]
      },
      "id": "way/1361309674"
    },
    {
      "type": "Feature",
      "properties": {
        "@id": "way/986152862",
        "amenity": "hospital",
        "healthcare": "hospital",
        "name": "Trung tâm Y tế Thành phố Tân Uyên"
      },
      "geometry": {
        "type": "Polygon",
        "coordinates": [
          [
            [
              106.7798491,
              11.0860549
            ],
            [
              106.7803372,
              11.0846481
            ],
            [
              106.7819275,
              11.0852747
            ],
            [
              106.7819367,
              11.085335
            ],
            [
              106.781424,
              11.086573
            ],
            [
              106.7813841,
              11.0866213
            ],
            [
              106.7798491,
              11.0860549
            ]
          ]
        ]
      },
      "id": "way/986152862"
    },
    {
      "type": "Feature",
      "properties": {
        "@id": "way/627779327",
        "amenity": "hospital",
        "healthcare": "hospital",
        "healthcare:speciality": "general",
        "name": "Bệnh viện Đa khoa Mỹ Phước",
        "name:en": "My Phuoc General Hospital",
        "operator": "Tổng Công ty Becamex IDC",
        "operator:type": "private"
      },
      "geometry": {
        "type": "Polygon",
        "coordinates": [
          [
            [
              106.6056759,
              11.1426604
            ],
            [
              106.6056332,
              11.1425982
            ],
            [
              106.6058703,
              11.1407007
            ],
            [
              106.6059761,
              11.1405853
            ],
            [
              106.6070929,
              11.1403005
            ],
            [
              106.6082677,
              11.1414005
            ],
            [
              106.6083455,
              11.14144
            ],
            [
              106.6084927,
              11.1414946
            ],
            [
              106.6083914,
              11.1428246
            ],
            [
              106.6083408,
              11.1428682
            ],
            [
              106.6074148,
              11.1428111
            ],
            [
              106.6056759,
              11.1426604
            ]
          ]
        ]
      },
      "id": "way/627779327"
    },
    {
      "type": "Feature",
      "properties": {
        "@id": "way/986884998",
        "amenity": "hospital",
        "healthcare": "hospital",
        "name": "Trung tâm Y tế thị xã Bến Cát"
      },
      "geometry": {
        "type": "Polygon",
        "coordinates": [
          [
            [
              106.5943753,
              11.1608128
            ],
            [
              106.5945182,
              11.1606635
            ],
            [
              106.5947471,
              11.1607735
            ],
            [
              106.5951253,
              11.1610346
            ],
            [
              106.5952701,
              11.1609773
            ],
            [
              106.5957067,
              11.1613278
            ],
            [
              106.5954616,
              11.1615661
            ],
            [
              106.5954686,
              11.1616371
            ],
            [
              106.5948591,
              11.1622275
            ],
            [
              106.5938716,
              11.1616245
            ],
            [
              106.5940235,
              11.161432
            ],
            [
              106.5941566,
              11.161227
            ],
            [
              106.5943753,
              11.1608128
            ]
          ]
        ]
      },
      "id": "way/986884998"
    },
    {
      "type": "Feature",
      "properties": {
        "@id": "way/835941281",
        "amenity": "hospital",
        "healthcare": "hospital",
        "name": "Trung tâm Y tế huyện Bắc Tân Uyên",
        "name:en": "Bac Tan Uyen District Medical Centre"
      },
      "geometry": {
        "type": "Polygon",
        "coordinates": [
          [
            [
              106.8447541,
              11.1495704
            ],
            [
              106.844746,
              11.1496006
            ],
            [
              106.8444443,
              11.1495585
            ],
            [
              106.8440567,
              11.1495059
            ],
            [
              106.8440433,
              11.1493361
            ],
            [
              106.8443893,
              11.1493177
            ],
            [
              106.8443906,
              11.1491638
            ],
            [
              106.8449182,
              11.1491461
            ],
            [
              106.8449905,
              11.1490995
            ],
            [
              106.8457414,
              11.1490701
            ],
            [
              106.8465112,
              11.1489889
            ],
            [
              106.8465665,
              11.149036
            ],
            [
              106.846595,
              11.1492776
            ],
            [
              106.846717,
              11.1496766
            ],
            [
              106.8467344,
              11.1499365
            ],
            [
              106.8467074,
              11.1499393
            ],
            [
              106.8467112,
              11.1501175
            ],
            [
              106.8464631,
              11.1501263
            ],
            [
              106.8464617,
              11.1505013
            ],
            [
              106.8454559,
              11.1505136
            ],
            [
              106.8454622,
              11.1502467
            ],
            [
              106.8454756,
              11.150148
            ],
            [
              106.8455024,
              11.1501256
            ],
            [
              106.8455064,
              11.1495546
            ],
            [
              106.8447541,
              11.1495704
            ]
          ]
        ]
      },
      "id": "way/835941281"
    },
    {
      "type": "Feature",
      "properties": {
        "@id": "way/1104045595",
        "amenity": "hospital",
        "healthcare": "hospital",
        "name": "Trạm y tế xã Tân Định"
      },
      "geometry": {
        "type": "Polygon",
        "coordinates": [
          [
            [
              106.8652847,
              11.1742095
            ],
            [
              106.8649125,
              11.1740189
            ],
            [
              106.8650771,
              11.1735563
            ],
            [
              106.865124,
              11.1735825
            ],
            [
              106.8651776,
              11.1736123
            ],
            [
              106.8655472,
              11.1738182
            ],
            [
              106.8654366,
              11.1739831
            ],
            [
              106.8652847,
              11.1742095
            ]
          ]
        ]
      },
      "id": "way/1104045595"
    },
    {
      "type": "Feature",
      "properties": {
        "@id": "way/330599126",
        "amenity": "hospital",
        "healthcare": "hospital",
        "name": "Trung tâm Y tế huyện Phú Giáo"
      },
      "geometry": {
        "type": "Polygon",
        "coordinates": [
          [
            [
              106.7965005,
              11.2896402
            ],
            [
              106.7964377,
              11.2888043
            ],
            [
              106.7964832,
              11.2887265
            ],
            [
              106.7983242,
              11.2887614
            ],
            [
              106.798307,
              11.2896751
            ],
            [
              106.7968072,
              11.2896461
            ],
            [
              106.7965005,
              11.2896402
            ]
          ]
        ]
      },
      "id": "way/330599126"
    },
    {
      "type": "Feature",
      "properties": {
        "@id": "way/366645185",
        "amenity": "hospital",
        "healthcare": "hospital",
        "name": "Trung tâm Y Tế  Xuyên Mộc"
      },
      "geometry": {
        "type": "Polygon",
        "coordinates": [
          [
            [
              107.4139361,
              10.5393494
            ],
            [
              107.4139594,
              10.5394179
            ],
            [
              107.4139316,
              10.5394569
            ],
            [
              107.4138523,
              10.5394764
            ],
            [
              107.4119201,
              10.5388913
            ],
            [
              107.4123724,
              10.5375222
            ],
            [
              107.4133554,
              10.5378247
            ],
            [
              107.4134003,
              10.537913
            ],
            [
              107.4139361,
              10.5393494
            ]
          ]
        ]
      },
      "id": "way/366645185"
    },
    {
      "type": "Feature",
      "properties": {
        "@id": "node/860696621",
        "amenity": "hospital"
      },
      "geometry": {
        "type": "Point",
        "coordinates": [
          106.6704335,
          10.7929834
        ]
      },
      "id": "node/860696621"
    },
    {
      "type": "Feature",
      "properties": {
        "@id": "node/947763632",
        "amenity": "hospital",
        "healthcare": "hospital",
        "name": "Trung Tâm Y Tế Dự Phòng - Phòng Khám Tiêm Phòng"
      },
      "geometry": {
        "type": "Point",
        "coordinates": [
          106.707021,
          10.764268
        ]
      },
      "id": "node/947763632"
    },
    {
      "type": "Feature",
      "properties": {
        "@id": "node/1710814099",
        "barrier": "gate"
      },
      "geometry": {
        "type": "Point",
        "coordinates": [
          106.7177822,
          10.7338563
        ]
      },
      "id": "node/1710814099"
    },
    {
      "type": "Feature",
      "properties": {
        "@id": "node/2262455096",
        "amenity": "hospital",
        "name": "Raffles Internation Health Clinic"
      },
      "geometry": {
        "type": "Point",
        "coordinates": [
          107.0714235,
          10.3503097
        ]
      },
      "id": "node/2262455096"
    },
    {
      "type": "Feature",
      "properties": {
        "@id": "node/2679753974",
        "amenity": "hospital",
        "healthcare": "hospital",
        "name": "Bệnh viện Phụ sản Mekong"
      },
      "geometry": {
        "type": "Point",
        "coordinates": [
          106.6675233,
          10.7998479
        ]
      },
      "id": "node/2679753974"
    },
    {
      "type": "Feature",
      "properties": {
        "@id": "node/2930719503",
        "addr:housenumber": "8",
        "addr:street": "Alexandre de Rhodes",
        "amenity": "hospital",
        "healthcare": "hospital",
        "name": "Columbia Asia Saigon",
        "operator": "Columbia Asia",
        "operator:type": "private",
        "operator:wikidata": "Q5149612"
      },
      "geometry": {
        "type": "Point",
        "coordinates": [
          106.6965213,
          10.7795758
        ]
      },
      "id": "node/2930719503"
    },
    {
      "type": "Feature",
      "properties": {
        "@id": "node/3098834445",
        "amenity": "hospital",
        "healthcare": "hospital",
        "name": "Trung Tâm Chẩn Đoán Y Khoa Medic - BV Hòa Hảo"
      },
      "geometry": {
        "type": "Point",
        "coordinates": [
          106.6701859,
          10.762528
        ]
      },
      "id": "node/3098834445"
    },
    {
      "type": "Feature",
      "properties": {
        "@id": "node/3217904580",
        "amenity": "hospital",
        "name": "Bệnh viện Đa khoa Quốc Tế Miền Đông"
      },
      "geometry": {
        "type": "Point",
        "coordinates": [
          106.7102737,
          10.9034999
        ]
      },
      "id": "node/3217904580"
    },
    {
      "type": "Feature",
      "properties": {
        "@id": "node/4152538490",
        "amenity": "hospital",
        "name": "Thuốc Nam Thầy Thanh"
      },
      "geometry": {
        "type": "Point",
        "coordinates": [
          106.6312288,
          11.0253391
        ]
      },
      "id": "node/4152538490"
    },
    {
      "type": "Feature",
      "properties": {
        "@id": "node/4177484489",
        "addr:housenumber": "117",
        "addr:street": "Nam Kỳ Khởi Nghĩa",
        "amenity": "hospital",
        "name": "Phòng khám BS Phước",
        "opening_hours": "Mo-Su 17:30-20:00"
      },
      "geometry": {
        "type": "Point",
        "coordinates": [
          107.0843401,
          10.3469598
        ]
      },
      "id": "node/4177484489"
    },
    {
      "type": "Feature",
      "properties": {
        "@id": "node/4194566940",
        "amenity": "hospital",
        "healthcare": "hospital",
        "name": "Bệnh Viện Quốc Tế Minh Anh"
      },
      "geometry": {
        "type": "Point",
        "coordinates": [
          106.6143869,
          10.747644
        ]
      },
      "id": "node/4194566940"
    },
    {
      "type": "Feature",
      "properties": {
        "@id": "node/4265539889",
        "addr:housenumber": "100",
        "addr:street": "Lê Thị Riêng",
        "amenity": "hospital",
        "healthcare": "hospital",
        "name": "Bệnh Viện Mắt Sài Gòn"
      },
      "geometry": {
        "type": "Point",
        "coordinates": [
          106.6909391,
          10.7713711
        ]
      },
      "id": "node/4265539889"
    },
    {
      "type": "Feature",
      "properties": {
        "@id": "node/4351238192",
        "amenity": "hospital",
        "healthcare": "hospital",
        "name": "Phòng Thí Nghiệm - Kiểm Tra Sức Khoẻ"
      },
      "geometry": {
        "type": "Point",
        "coordinates": [
          106.6798139,
          10.7603786
        ]
      },
      "id": "node/4351238192"
    },
    {
      "type": "Feature",
      "properties": {
        "@id": "node/4354948495",
        "addr:housenumber": "320 số 3",
        "addr:street": "hát",
        "amenity": "hospital",
        "name": "HTV",
        "name:en": "tph"
      },
      "geometry": {
        "type": "Point",
        "coordinates": [
          106.6855964,
          10.9298113
        ]
      },
      "id": "node/4354948495"
    },
    {
      "type": "Feature",
      "properties": {
        "@id": "node/4513147189",
        "amenity": "hospital"
      },
      "geometry": {
        "type": "Point",
        "coordinates": [
          106.6432036,
          10.7774803
        ]
      },
      "id": "node/4513147189"
    },
    {
      "type": "Feature",
      "properties": {
        "@id": "node/4613806894",
        "addr:postcode": "10000",
        "addr:street": "Hẻm 4 Núi Thành",
        "amenity": "hospital",
        "healthcare": "hospital",
        "name": "Bệnh Viện Đa Khoa Mỹ Đức",
        "name:en": "My Duc Hospital",
        "phone": "0838100290"
      },
      "geometry": {
        "type": "Point",
        "coordinates": [
          106.6415956,
          10.7999684
        ]
      },
      "id": "node/4613806894"
    },
    {
      "type": "Feature",
      "properties": {
        "@id": "node/4698549590",
        "addr:housenumber": "968",
        "addr:street": "Huỳnh Tấn Phát",
        "amenity": "hospital",
        "healthcare": "hospital",
        "name": "Nhà Thuốc Thái Thanh"
      },
      "geometry": {
        "type": "Point",
        "coordinates": [
          106.7339143,
          10.7255507
        ]
      },
      "id": "node/4698549590"
    },
    {
      "type": "Feature",
      "properties": {
        "@id": "node/4916050621",
        "addr:housenumber": "77a",
        "addr:street": "Lê Văn Thịnh",
        "amenity": "hospital",
        "internet_access": "wlan"
      },
      "geometry": {
        "type": "Point",
        "coordinates": [
          106.7688866,
          10.7845666
        ]
      },
      "id": "node/4916050621"
    },
    {
      "type": "Feature",
      "properties": {
        "@id": "node/4981926121",
        "addr:street": "Số 6, Thiên Phước, P9, Q. Tân Bình",
        "amenity": "hospital",
        "healthcare": "hospital",
        "name": "Trung Tâm Hiến Múa Nhân Đạo",
        "phone": "38658509"
      },
      "geometry": {
        "type": "Point",
        "coordinates": [
          106.6557898,
          10.7756389
        ]
      },
      "id": "node/4981926121"
    },
    {
      "type": "Feature",
      "properties": {
        "@id": "node/5347976523",
        "amenity": "hospital",
        "healthcare": "hospital",
        "name": "Bệnh Viện Hòa Hảo"
      },
      "geometry": {
        "type": "Point",
        "coordinates": [
          106.6702604,
          10.7626193
        ]
      },
      "id": "node/5347976523"
    },
    {
      "type": "Feature",
      "properties": {
        "@id": "node/5436559246",
        "addr:city": "Ho Chi Minh City",
        "addr:district": "5",
        "addr:housenumber": "648",
        "addr:postcode": "700000",
        "addr:province": "Hồ Chí Minh",
        "addr:street": "Võ Văn Kiệt",
        "addr:subdistrict": "1",
        "amenity": "hospital",
        "healthcare": "hospital",
        "healthcare:speciality": "internal;gynaecology",
        "name": "Phòng Khám Đa Khoa Thế Giới",
        "operator": "Đa Khoa Thế Giới"
      },
      "geometry": {
        "type": "Point",
        "coordinates": [
          106.6843795,
          10.7519331
        ]
      },
      "id": "node/5436559246"
    },
    {
      "type": "Feature",
      "properties": {
        "@id": "node/5465803021",
        "addr:street": "Đường 22 Tháng 12",
        "amenity": "hospital",
        "internet_access": "wlan",
        "name": "Columbia Asia Hospital",
        "name:en": "Columbia Asia International Hospital",
        "name:vi": "Bệnh Viện Quốc Tế Columbia Asia"
      },
      "geometry": {
        "type": "Point",
        "coordinates": [
          106.7070657,
          10.9507189
        ]
      },
      "id": "node/5465803021"
    },
    {
      "type": "Feature",
      "properties": {
        "@id": "node/5797549170",
        "access": "no",
        "barrier": "gate"
      },
      "geometry": {
        "type": "Point",
        "coordinates": [
          106.7019661,
          10.9088965
        ]
      },
      "id": "node/5797549170"
    },
    {
      "type": "Feature",
      "properties": {
        "@id": "node/5803177403",
        "access": "no",
        "barrier": "gate"
      },
      "geometry": {
        "type": "Point",
        "coordinates": [
          106.6609632,
          10.7569599
        ]
      },
      "id": "node/5803177403"
    },
    {
      "type": "Feature",
      "properties": {
        "@id": "node/6315688000",
        "amenity": "hospital",
        "healthcare": "hospital",
        "name": "Bệnh Viện Sài Gòn ITO"
      },
      "geometry": {
        "type": "Point",
        "coordinates": [
          106.6672345,
          10.7950017
        ]
      },
      "id": "node/6315688000"
    },
    {
      "type": "Feature",
      "properties": {
        "@id": "node/6336841552",
        "addr:housenumber": "501-503",
        "addr:street": "Đường số 5",
        "amenity": "hospital",
        "emergency": "yes",
        "healthcare": "hospital",
        "name": "Phòng Khám Đa Khoa Hữu Nghị"
      },
      "geometry": {
        "type": "Point",
        "coordinates": [
          106.6783081,
          10.848021
        ]
      },
      "id": "node/6336841552"
    },
    {
      "type": "Feature",
      "properties": {
        "@id": "node/6711085281",
        "addr:street": "Trần Văn Giàu",
        "amenity": "hospital"
      },
      "geometry": {
        "type": "Point",
        "coordinates": [
          106.5849097,
          10.7480919
        ]
      },
      "id": "node/6711085281"
    },
    {
      "type": "Feature",
      "properties": {
        "@id": "node/6735777924",
        "access": "no",
        "barrier": "gate",
        "material": "metal"
      },
      "geometry": {
        "type": "Point",
        "coordinates": [
          106.6041421,
          10.764022
        ]
      },
      "id": "node/6735777924"
    },
    {
      "type": "Feature",
      "properties": {
        "@id": "node/6737211024",
        "entrance": "yes"
      },
      "geometry": {
        "type": "Point",
        "coordinates": [
          106.6694947,
          10.768038
        ]
      },
      "id": "node/6737211024"
    },
    {
      "type": "Feature",
      "properties": {
        "@id": "node/6760264167",
        "barrier": "lift_gate"
      },
      "geometry": {
        "type": "Point",
        "coordinates": [
          106.6906212,
          10.7358835
        ]
      },
      "id": "node/6760264167"
    },
    {
      "type": "Feature",
      "properties": {
        "@id": "node/6769858764",
        "addr:city": "Ho Chi Minh City",
        "addr:country": "VN",
        "addr:housenumber": "522-524-526",
        "addr:postcode": "72415",
        "addr:province": "Thành phố Hồ Chí Minh",
        "addr:street": "Đường Nguyễn Chí Thanh",
        "addr:subdistrict": "Phường Diên Hồng",
        "amenity": "hospital",
        "contact:facebook": "https://www.facebook.com/NhanHauClinic",
        "description": "Phòng khám Đa khoa Quốc tế Nhân Hậu với các bác sĩ có nhiều năm kinh nghiệm trong nghề. Bên cạnh đó sẽ do các bác sĩ bệnh viện Đại Học Y Dược và bệnh viện Chợ Rẫy đảm nhiệm.",
        "email": "clinicnhanhau@gmail.com",
        "emergency": "no",
        "healthcare": "hospital",
        "healthcare:speciality": "blood_check;ophthalmology;gynaecology;dermatology;otolaryngology;urology;cardiology;angiology;clinical_pathology;diagnostic_radiology;diabetology;endocrinology;gastroenterology;hepatology",
        "image": "https://nhanhauclinic.com.vn/wp-content/uploads/2023/08/phong-kham-nhan-hau.jpg",
        "name": "Phòng khám đa khoa quốc tế Nhân Hậu",
        "opening_hours": "Mo-Sa 06:00-20:00",
        "operator": "CÔNG TY TNHH PHÒNG KHÁM ĐA KHOA QUỐC TẾ NHÂN HẬU",
        "operator:type": "business",
        "phone": "+842862642960",
        "ref:vatin": "0306500345",
        "start_date": "2009-01-05",
        "website": "https://nhanhauclinic.com.vn/",
        "wikidata": "Q130261779"
      },
      "geometry": {
        "type": "Point",
        "coordinates": [
          106.6617832,
          10.7585783
        ]
      },
      "id": "node/6769858764"
    },
    {
      "type": "Feature",
      "properties": {
        "@id": "node/6770549005",
        "access": "no",
        "barrier": "gate"
      },
      "geometry": {
        "type": "Point",
        "coordinates": [
          106.6584421,
          10.7564328
        ]
      },
      "id": "node/6770549005"
    },
    {
      "type": "Feature",
      "properties": {
        "@id": "node/6953550385",
        "addr:housenumber": "502-504",
        "addr:street": "Đường Nguyễn Chí Thanh",
        "amenity": "hospital",
        "healthcare": "hospital",
        "internet_access": "wlan",
        "name": "Phòng Khám Đa Khoa An Phúc",
        "opening_hours": "Mo-Fr 07:00-20:00"
      },
      "geometry": {
        "type": "Point",
        "coordinates": [
          106.6621153,
          10.7587193
        ]
      },
      "id": "node/6953550385"
    },
    {
      "type": "Feature",
      "properties": {
        "@id": "node/7017574263",
        "amenity": "hospital",
        "emergency": "yes",
        "healthcare": "hospital",
        "name": "Trạm Y Tế Phường 7 Quận Phú Nhuận",
        "operator": "Trạm Y Tế Phường 7 Quận Phú Nhuận",
        "operator:type": "public"
      },
      "geometry": {
        "type": "Point",
        "coordinates": [
          106.6865787,
          10.8037666
        ]
      },
      "id": "node/7017574263"
    },
    {
      "type": "Feature",
      "properties": {
        "@id": "node/7043154746",
        "addr:city": "ho chi minh city",
        "addr:district": "5",
        "addr:housenumber": "133",
        "addr:street": "Nguyen Trai",
        "addr:ward": "3",
        "amenity": "hospital",
        "healthcare": "hospital",
        "name": "Phóng khám ACC Quận 5"
      },
      "geometry": {
        "type": "Point",
        "coordinates": [
          106.6834753,
          10.759465
        ]
      },
      "id": "node/7043154746"
    },
    {
      "type": "Feature",
      "properties": {
        "@id": "node/7087423455",
        "access": "permissive",
        "barrier": "gate"
      },
      "geometry": {
        "type": "Point",
        "coordinates": [
          106.6826159,
          10.8218801
        ]
      },
      "id": "node/7087423455"
    },
    {
      "type": "Feature",
      "properties": {
        "@id": "node/7353510353",
        "barrier": "gate"
      },
      "geometry": {
        "type": "Point",
        "coordinates": [
          107.0833048,
          10.3601132
        ]
      },
      "id": "node/7353510353"
    },
    {
      "type": "Feature",
      "properties": {
        "@id": "node/8727774928",
        "access": "no",
        "barrier": "gate"
      },
      "geometry": {
        "type": "Point",
        "coordinates": [
          106.6594376,
          10.757885
        ]
      },
      "id": "node/8727774928"
    },
    {
      "type": "Feature",
      "properties": {
        "@id": "node/8727774956",
        "access": "no",
        "barrier": "gate"
      },
      "geometry": {
        "type": "Point",
        "coordinates": [
          106.6586001,
          10.7577216
        ]
      },
      "id": "node/8727774956"
    },
    {
      "type": "Feature",
      "properties": {
        "@id": "node/8805714678",
        "access": "no",
        "barrier": "gate"
      },
      "geometry": {
        "type": "Point",
        "coordinates": [
          106.6788251,
          10.8172546
        ]
      },
      "id": "node/8805714678"
    },
    {
      "type": "Feature",
      "properties": {
        "@id": "node/8806209159",
        "access": "no",
        "barrier": "gate"
      },
      "geometry": {
        "type": "Point",
        "coordinates": [
          106.6808262,
          10.8171711
        ]
      },
      "id": "node/8806209159"
    },
    {
      "type": "Feature",
      "properties": {
        "@id": "node/8932011800",
        "access": "permissive",
        "barrier": "gate"
      },
      "geometry": {
        "type": "Point",
        "coordinates": [
          106.6561931,
          10.9962346
        ]
      },
      "id": "node/8932011800"
    },
    {
      "type": "Feature",
      "properties": {
        "@id": "node/8932011803",
        "access": "permissive",
        "barrier": "gate"
      },
      "geometry": {
        "type": "Point",
        "coordinates": [
          106.6565226,
          10.9971964
        ]
      },
      "id": "node/8932011803"
    },
    {
      "type": "Feature",
      "properties": {
        "@id": "node/9061674849",
        "barrier": "gate"
      },
      "geometry": {
        "type": "Point",
        "coordinates": [
          106.3642309,
          11.2823956
        ]
      },
      "id": "node/9061674849"
    },
    {
      "type": "Feature",
      "properties": {
        "@id": "node/9116208231",
        "access": "no",
        "barrier": "gate"
      },
      "geometry": {
        "type": "Point",
        "coordinates": [
          106.7032675,
          10.908014
        ]
      },
      "id": "node/9116208231"
    },
    {
      "type": "Feature",
      "properties": {
        "@id": "node/9122014191",
        "amenity": "hospital",
        "healthcare": "hospital",
        "name": "Trung tâm Y tế huyện Bầu Bàng"
      },
      "geometry": {
        "type": "Point",
        "coordinates": [
          106.6099476,
          11.2578764
        ]
      },
      "id": "node/9122014191"
    },
    {
      "type": "Feature",
      "properties": {
        "@id": "node/9445404548",
        "entrance": "yes"
      },
      "geometry": {
        "type": "Point",
        "coordinates": [
          106.7740392,
          10.886906
        ]
      },
      "id": "node/9445404548"
    },
    {
      "type": "Feature",
      "properties": {
        "@id": "node/9585162940",
        "amenity": "hospital",
        "healthcare": "hospital",
        "name": "Bệnh viện Truyền máu Huyết học 1"
      },
      "geometry": {
        "type": "Point",
        "coordinates": [
          106.666061,
          10.7565107
        ]
      },
      "id": "node/9585162940"
    },
    {
      "type": "Feature",
      "properties": {
        "@id": "node/9586251041",
        "amenity": "hospital",
        "healthcare": "hospital",
        "name": "Bệnh viện Đa khoa Tân Hưng"
      },
      "geometry": {
        "type": "Point",
        "coordinates": [
          106.696342,
          10.7515951
        ]
      },
      "id": "node/9586251041"
    },
    {
      "type": "Feature",
      "properties": {
        "@id": "node/9586916914",
        "amenity": "hospital",
        "healthcare": "hospital",
        "name": "Bệnh Viện Hoà Hảo"
      },
      "geometry": {
        "type": "Point",
        "coordinates": [
          106.7631673,
          10.8699419
        ]
      },
      "id": "node/9586916914"
    },
    {
      "type": "Feature",
      "properties": {
        "@id": "node/9593240663",
        "amenity": "hospital",
        "healthcare": "hospital",
        "name": "Bệnh viện Đa khoa Tâm Trí Sài Gòn"
      },
      "geometry": {
        "type": "Point",
        "coordinates": [
          106.6218645,
          10.8317212
        ]
      },
      "id": "node/9593240663"
    },
    {
      "type": "Feature",
      "properties": {
        "@id": "node/9593340017",
        "amenity": "hospital",
        "healthcare": "hospital",
        "name": "Bệnh Viện Đa khoa An Phú"
      },
      "geometry": {
        "type": "Point",
        "coordinates": [
          106.7371674,
          10.9475149
        ]
      },
      "id": "node/9593340017"
    },
    {
      "type": "Feature",
      "properties": {
        "@id": "node/9593340024",
        "amenity": "hospital",
        "healthcare": "hospital",
        "name": "Bệnh Viện Hoàn Hảo 2"
      },
      "geometry": {
        "type": "Point",
        "coordinates": [
          106.7273892,
          10.8910082
        ]
      },
      "id": "node/9593340024"
    },
    {
      "type": "Feature",
      "properties": {
        "@id": "node/9593946639",
        "amenity": "hospital",
        "healthcare": "hospital",
        "name": "Bệnh viện Gia An 115"
      },
      "geometry": {
        "type": "Point",
        "coordinates": [
          106.607722,
          10.7405442
        ]
      },
      "id": "node/9593946639"
    },
    {
      "type": "Feature",
      "properties": {
        "@id": "node/9961700813",
        "addr:housenumber": "218K",
        "addr:street": "Đường Trần Hưng Ðạo",
        "amenity": "hospital",
        "healthcare": "hospital",
        "name": "Bệnh viện Y học cổ truyền TP.HCM (cơ sở 2)"
      },
      "geometry": {
        "type": "Point",
        "coordinates": [
          106.665751,
          10.7525482
        ]
      },
      "id": "node/9961700813"
    },
    {
      "type": "Feature",
      "properties": {
        "@id": "node/9965185460",
        "addr:housenumber": "235-237",
        "addr:street": "Trần Hưng Ðạo",
        "amenity": "hospital",
        "healthcare": "hospital",
        "name": "Bệnh viện Quận 1 (cơ sở 2)"
      },
      "geometry": {
        "type": "Point",
        "coordinates": [
          106.6932273,
          10.7651115
        ]
      },
      "id": "node/9965185460"
    },
    {
      "type": "Feature",
      "properties": {
        "@id": "node/10047410618",
        "addr:street": "Hẻm 458 Huỳnh Tấn Phát",
        "amenity": "hospital",
        "healthcare": "hospital",
        "name": "BỆNH VIỆN MẮT"
      },
      "geometry": {
        "type": "Point",
        "coordinates": [
          106.7275329,
          10.7441887
        ]
      },
      "id": "node/10047410618"
    },
    {
      "type": "Feature",
      "properties": {
        "@id": "node/10057384527",
        "access": "no",
        "barrier": "gate"
      },
      "geometry": {
        "type": "Point",
        "coordinates": [
          106.6589706,
          10.7213049
        ]
      },
      "id": "node/10057384527"
    },
    {
      "type": "Feature",
      "properties": {
        "@id": "node/10057384528",
        "access": "no",
        "barrier": "gate"
      },
      "geometry": {
        "type": "Point",
        "coordinates": [
          106.6594615,
          10.7216559
        ]
      },
      "id": "node/10057384528"
    },
    {
      "type": "Feature",
      "properties": {
        "@id": "node/10170524317",
        "addr:city": "Phường Linh Chiểu",
        "addr:district": "Quan Thu Duc",
        "addr:housenumber": "148D",
        "addr:postcode": "700000",
        "addr:province": "Thành phố Hồ Chí Minh",
        "addr:street": "Hoàng Diệu 2",
        "addr:subdistrict": "Linh Trung",
        "amenity": "hospital",
        "healthcare": "hospital",
        "healthcare:speciality": "traditional_chinese_medicine",
        "name": "Phòng khám đa khoa YHCT Thiên Phúc Đường",
        "operator": "Thiên Phúc Đường",
        "operator:type": "business"
      },
      "geometry": {
        "type": "Point",
        "coordinates": [
          106.7665022,
          10.8558331
        ]
      },
      "id": "node/10170524317"
    },
    {
      "type": "Feature",
      "properties": {
        "@id": "node/10601279651",
        "access": "no",
        "barrier": "gate"
      },
      "geometry": {
        "type": "Point",
        "coordinates": [
          106.7397878,
          10.8896848
        ]
      },
      "id": "node/10601279651"
    },
    {
      "type": "Feature",
      "properties": {
        "@id": "node/10777654810",
        "barrier": "gate"
      },
      "geometry": {
        "type": "Point",
        "coordinates": [
          106.7185757,
          10.7335247
        ]
      },
      "id": "node/10777654810"
    },
    {
      "type": "Feature",
      "properties": {
        "@id": "node/10777654811",
        "barrier": "gate"
      },
      "geometry": {
        "type": "Point",
        "coordinates": [
          106.7168935,
          10.7340986
        ]
      },
      "id": "node/10777654811"
    },
    {
      "type": "Feature",
      "properties": {
        "@id": "node/10828683742",
        "amenity": "hospital",
        "emergency": "no",
        "healthcare": "hospital",
        "name": "Trạm y tế xã An Linh"
      },
      "geometry": {
        "type": "Point",
        "coordinates": [
          106.7256654,
          11.3590399
        ]
      },
      "id": "node/10828683742"
    },
    {
      "type": "Feature",
      "properties": {
        "@id": "node/10982272878",
        "addr:city": "thành phố Hồ Chí Minh",
        "addr:district": "quận 12",
        "addr:housenumber": "15",
        "addr:postcode": "700000",
        "addr:street": "Dương Thị Mười",
        "addr:subdistrict": "Hiệp Thành",
        "amenity": "hospital",
        "emergency": "yes",
        "healthcare": "hospital",
        "healthcare:speciality": "làm_đẹp;chăm_sóc_da;điều_trị_da;spa_làm_đẹp",
        "name": "188 Beauty Spa quận 12 | Viện thẩm mỹ hàng đầu tpHCM"
      },
      "geometry": {
        "type": "Point",
        "coordinates": [
          106.6406947,
          10.8763131
        ]
      },
      "id": "node/10982272878"
    },
    {
      "type": "Feature",
      "properties": {
        "@id": "node/11262059769",
        "barrier": "gate"
      },
      "geometry": {
        "type": "Point",
        "coordinates": [
          106.6048823,
          10.7915649
        ]
      },
      "id": "node/11262059769"
    },
    {
      "type": "Feature",
      "properties": {
        "@id": "node/11335230519",
        "barrier": "lift_gate"
      },
      "geometry": {
        "type": "Point",
        "coordinates": [
          106.7782069,
          10.8461503
        ]
      },
      "id": "node/11335230519"
    },
    {
      "type": "Feature",
      "properties": {
        "@id": "node/11388102176",
        "barrier": "gate"
      },
      "geometry": {
        "type": "Point",
        "coordinates": [
          106.5453244,
          10.7700079
        ]
      },
      "id": "node/11388102176"
    },
    {
      "type": "Feature",
      "properties": {
        "@id": "node/11391582959",
        "addr:housenumber": "123",
        "addr:street": "Đường D1",
        "amenity": "hospital",
        "emergency": "yes",
        "name": "Kyo",
        "operator": "Kyo"
      },
      "geometry": {
        "type": "Point",
        "coordinates": [
          106.8153901,
          10.8375648
        ]
      },
      "id": "node/11391582959"
    },
    {
      "type": "Feature",
      "properties": {
        "@id": "node/11407061041",
        "barrier": "gate"
      },
      "geometry": {
        "type": "Point",
        "coordinates": [
          106.6659086,
          10.8022219
        ]
      },
      "id": "node/11407061041"
    },
    {
      "type": "Feature",
      "properties": {
        "@id": "node/12030710756",
        "addr:city": "Hồ Chí Minh",
        "addr:district": "Quận 7",
        "addr:housenumber": "Số 2",
        "addr:postcode": "700000",
        "addr:province": "Thành phố Hồ Chí Minh",
        "addr:street": "Nội Khu Mỹ Toàn 2",
        "addr:subdistrict": "Phường Tân Phong",
        "amenity": "hospital",
        "healthcare": "hospital",
        "healthcare:speciality": "v;blood_check;trauma",
        "name": "Phòng Khám Dr Vein"
      },
      "geometry": {
        "type": "Point",
        "coordinates": [
          106.7080164,
          10.7278961
        ]
      },
      "id": "node/12030710756"
    },
    {
      "type": "Feature",
      "properties": {
        "@id": "node/12249370630",
        "addr:city": "Hồ Chí Minh",
        "addr:district": "Quận 7",
        "addr:housenumber": "1",
        "addr:postcode": "70000",
        "addr:province": "Thành phố Hồ Chí Minh",
        "addr:street": "Đường Nguyễn Thị Thập",
        "addr:subdistrict": "Phường Tân Hưng",
        "amenity": "hospital",
        "contact:facebook": "https://www.facebook.com/nhakhoasingdent",
        "healthcare": "hospital",
        "healthcare:speciality": "dentist;orthodontics",
        "mobile": "+84868033966",
        "name": "Nha Khoa SingDent",
        "operator": "Nha Khoa SingDent",
        "operator:type": "business"
      },
      "geometry": {
        "type": "Point",
        "coordinates": [
          106.6998107,
          10.7404252
        ]
      },
      "id": "node/12249370630"
    },
    {
      "type": "Feature",
      "properties": {
        "@id": "node/12315783825",
        "addr:city": "Ho Chi Minh City",
        "addr:district": "Quận 1",
        "addr:housenumber": "11",
        "addr:postcode": "710000",
        "addr:province": "Thành phố Hồ Chí Minh",
        "addr:street": "Trần Doãn Khanh",
        "addr:subdistrict": "Đa Kao",
        "amenity": "hospital",
        "contact:facebook": "https://www.facebook.com/wedobydr.meddi",
        "healthcare": "hospital",
        "healthcare:speciality": "dermatology",
        "name": "Wedo Skin Clinic Quan 1",
        "operator": "Dr. Meddi",
        "operator:type": "private",
        "phone": "+84 08 988 988 75",
        "website": "https://wedoskinclinic.com/"
      },
      "geometry": {
        "type": "Point",
        "coordinates": [
          106.6974043,
          10.7888402
        ]
      },
      "id": "node/12315783825"
    },
    {
      "type": "Feature",
      "properties": {
        "@id": "node/12315789355",
        "addr:city": "Phường An Phú",
        "addr:district": "Thành phố Thủ Đức",
        "addr:housenumber": "17",
        "addr:postcode": "710000",
        "addr:province": "Thành phố Hồ Chí Minh",
        "addr:street": "Thái Thuận",
        "addr:subdistrict": "Phường An Phú",
        "amenity": "hospital",
        "contact:facebook": "https://www.facebook.com/wedobydr.meddi",
        "description": "Wedo Skin Clinic (wedoskinclinic.com) is led by our Medical Advisor and Director, and excellent Dermatologist Dr. Quỳnh Trang, who has 10 years of experience in dermatology and aesthetic medicine. We specialize in acne treatment, melasma care, skin rejuve",
        "healthcare": "hospital",
        "healthcare:speciality": "dermatology",
        "name": "Wedo Skin Clinic",
        "operator": "Dr. Meddi",
        "operator:type": "private",
        "phone": "+84 07 07 19 66 22",
        "website": "https://wedoskinclinic.com/"
      },
      "geometry": {
        "type": "Point",
        "coordinates": [
          106.7384179,
          10.7982784
        ]
      },
      "id": "node/12315789355"
    },
    {
      "type": "Feature",
      "properties": {
        "@id": "node/12522128792",
        "addr:city": "Ho Chi Minh City",
        "addr:district": "Quận 5",
        "addr:housenumber": "126",
        "addr:postcode": "72760",
        "addr:province": "Thành phố Hồ Chí Minh",
        "addr:street": "Lê Hồng Phong",
        "addr:subdistrict": "Phường 3",
        "amenity": "hospital",
        "emergency": "no",
        "healthcare": "hospital",
        "healthcare:speciality": "plastic_surgery",
        "mobile": "+84 0903996633",
        "name": "Viện thấm mỹ Bác sĩ Minh",
        "operator": "Bác sĩ Minh",
        "operator:type": "cosmetic_institute",
        "website": "https://thammyvienbacsiminh.vn/"
      },
      "geometry": {
        "type": "Point",
        "coordinates": [
          106.6782304,
          10.7575935
        ]
      },
      "id": "node/12522128792"
    },
    {
      "type": "Feature",
      "properties": {
        "@id": "node/12597709447",
        "addr:city": "Bến Cát",
        "addr:housenumber": "573",
        "addr:postcode": "820000",
        "addr:province": "Bình Dương",
        "addr:street": "Nguyễn Văn Thành",
        "addr:subdistrict": "KP. Phú Hòa, Phường Hòa Lợi",
        "amenity": "hospital",
        "emergency": "yes",
        "healthcare": "hospital",
        "healthcare:speciality": "clinic",
        "name": "Phòng khám Đắc Tín",
        "operator": "NGUYỄN VĂN TUẤN",
        "operator:type": "public"
      },
      "geometry": {
        "type": "Point",
        "coordinates": [
          106.6589666,
          11.0692339
        ]
      },
      "id": "node/12597709447"
    },
    {
      "type": "Feature",
      "properties": {
        "@id": "node/13111877476",
        "addr:city": "Hồ Chí Minh",
        "addr:district": "Quận 7",
        "addr:housenumber": "Số 2",
        "addr:postcode": "70000",
        "addr:province": "Thành phố Hồ Chí Minh",
        "addr:street": "Đường Nội Khu Mỹ Toàn 2",
        "addr:subdistrict": "Phường Tân Phong",
        "amenity": "hospital",
        "emergency": "no",
        "healthcare": "hospital",
        "name": "Phòng khám bác sĩ Hồ Cao Vũ",
        "operator": "Hồ Cao Vũ",
        "operator:type": "business"
      },
      "geometry": {
        "type": "Point",
        "coordinates": [
          106.708011,
          10.7278806
        ]
      },
      "id": "node/13111877476"
    },
    {
      "type": "Feature",
      "properties": {
        "@id": "node/13136131207",
        "addr:city": "Thành phố Hồ Chí Minh",
        "addr:housenumber": "369B",
        "addr:street": "Nguyễn Trãi",
        "addr:ward": "Phường Cầu Ông Lãnh",
        "amenity": "hospital",
        "healthcare": "hospital",
        "healthcare:speciality": "plastic_surgery",
        "name": "Bệnh Viện Thẩm Mỹ Siam Thailand",
        "phone": "+84942225222",
        "website": "https://benhvienthammysiamthailand.vn/"
      },
      "geometry": {
        "type": "Point",
        "coordinates": [
          106.6855655,
          10.7605922
        ]
      },
      "id": "node/13136131207"
    }
  ]
}