{
  "type": "FeatureCollection",
  "generator": "overpass-turbo",
  "copyright": "The data included in this document is from www.openstreetmap.org. The data is made available under ODbL.",
  "timestamp": "2025-10-29T12:22:00Z",
  "features": [
    {
      "type": "Feature",
      "properties": {
        "@id": "way/790270873",
        "amenity": "university",
        "name": "ĐH Mỏ Địa chất - cơ sở Vũng Tàu",
        "name:en": "University of Mining & Geology - Vung Tau campus"
      },
      "geometry": {
        "type": "Polygon",
        "coordinates": [
          [
            [
              107.0849703,
              10.3307461
            ],
            [
              107.0848645,
              10.3304056
            ],
            [
              107.0852242,
              10.3302857
            ],
            [
              107.085255,
              10.3303107
            ],
            [
              107.0854025,
              10.3302711
            ],
            [
              107.0854146,
              10.3302355
            ],
            [
              107.0855661,
              10.3301761
            ],
            [
              107.0856895,
              10.330535
            ],
            [
              107.0853207,
              10.3306472
            ],
            [
              107.0849703,
              10.3307461
            ]
          ]
        ]
      },
      "id": "way/790270873"
    },
    {
      "type": "Feature",
      "properties": {
        "@id": "way/221184477",
        "amenity": "university",
        "name": "Trường Đại học Bà Rịa-Vũng Tàu - cơ sở 1",
        "name:en": "Ba Ria-Vung Tau University - Campus 1",
        "name:id": "Universitas Ba Ria-Vung Tau - kampus 1",
        "name:zh": "巴地头顿大学"
      },
      "geometry": {
        "type": "Polygon",
        "coordinates": [
          [
            [
              107.0819106,
              10.3488659
            ],
            [
              107.0818234,
              10.3486667
            ],
            [
              107.0824422,
              10.3483783
            ],
            [
              107.0825334,
              10.3485921
            ],
            [
              107.0819106,
              10.3488659
            ]
          ]
        ]
      },
      "id": "way/221184477"
    },
    {
      "type": "Feature",
      "properties": {
        "@id": "way/786450808",
        "addr:housenumber": "1",
        "addr:street": "Trương Văn Bang",
        "amenity": "university",
        "name": "Trường Đại học Bà Rịa-Vũng Tàu - cơ sở 2",
        "name:en": "Ba Ria Vung Tau University",
        "name:id": "Universitas Ba Ria Vung Tau",
        "name:ms": "Universiti Ba Ria Vung Tau",
        "name:ru": "Универстет Бариа-Вунгтау",
        "name:zh": "巴地头顿大学"
      },
      "geometry": {
        "type": "Polygon",
        "coordinates": [
          [
            [
              107.0836651,
              10.3643439
            ],
            [
              107.0834264,
              10.3640457
            ],
            [
              107.0837295,
              10.3638136
            ],
            [
              107.0838583,
              10.3638254
            ],
            [
              107.0840272,
              10.3640207
            ],
            [
              107.0840152,
              10.3640761
            ],
            [
              107.0836651,
              10.3643439
            ]
          ]
        ]
      },
      "id": "way/786450808"
    },
    {
      "type": "Feature",
      "properties": {
        "@id": "way/761235174",
        "addr:housenumber": "951",
        "addr:street": "Bình Giã",
        "amenity": "university",
        "name": "Trường Đại học Bà Rịa-Vũng Tàu - cơ sở 3",
        "name:en": "Ba Ria-Vung Tau University - Campus 3",
        "name:id": "Universitas Ba Ria-Vung Tau - Kampus 3",
        "name:zh": "巴地头顿大学-第3校园",
        "operator:type": "private"
      },
      "geometry": {
        "type": "Polygon",
        "coordinates": [
          [
            [
              107.1173373,
              10.3934517
            ],
            [
              107.1164146,
              10.3931755
            ],
            [
              107.1168246,
              10.3921111
            ],
            [
              107.1176746,
              10.3923612
            ],
            [
              107.1173373,
              10.3934517
            ]
          ]
        ]
      },
      "id": "way/761235174"
    },
    {
      "type": "Feature",
      "properties": {
        "@id": "way/254754587",
        "amenity": "university",
        "name": "Trường Đại học Dầu khí Việt Nam"
      },
      "geometry": {
        "type": "Polygon",
        "coordinates": [
          [
            [
              107.1926123,
              10.4875387
            ],
            [
              107.1924162,
              10.4872816
            ],
            [
              107.1928458,
              10.486804
            ],
            [
              107.195008,
              10.4845631
            ],
            [
              107.1957505,
              10.4863632
            ],
            [
              107.1930466,
              10.4874285
            ],
            [
              107.1927617,
              10.4875249
            ],
            [
              107.1926777,
              10.4875387
            ],
            [
              107.1926123,
              10.4875387
            ]
          ]
        ]
      },
      "id": "way/254754587"
    },
    {
      "type": "Feature",
      "properties": {
        "@id": "way/493251139",
        "addr:district": "Bình Chánh",
        "addr:province": "Hồ Chí Minh",
        "amenity": "university",
        "name": "Học Viện Phật Giáo TP.HCM"
      },
      "geometry": {
        "type": "Polygon",
        "coordinates": [
          [
            [
              106.5182148,
              10.7732599
            ],
            [
              106.5145695,
              10.7749685
            ],
            [
              106.5142685,
              10.7744023
            ],
            [
              106.5140583,
              10.7744973
            ],
            [
              106.5138077,
              10.77461
            ],
            [
              106.5133742,
              10.7745427
            ],
            [
              106.5130904,
              10.7742984
            ],
            [
              106.5129658,
              10.7739814
            ],
            [
              106.5129736,
              10.7736222
            ],
            [
              106.51313,
              10.7733494
            ],
            [
              106.5135887,
              10.773056
            ],
            [
              106.5133319,
              10.7725553
            ],
            [
              106.5149134,
              10.771781
            ],
            [
              106.5169519,
              10.7706629
            ],
            [
              106.5182148,
              10.7732599
            ]
          ]
        ]
      },
      "id": "way/493251139"
    },
    {
      "type": "Feature",
      "properties": {
        "@id": "way/1433503743",
        "amenity": "university",
        "name": "Trường Đại học Y khoa Phạm Ngọc Thạch (cơ sở 2)"
      },
      "geometry": {
        "type": "Polygon",
        "coordinates": [
          [
            [
              106.5806002,
              10.7098333
            ],
            [
              106.5786205,
              10.710867
            ],
            [
              106.5785343,
              10.7108997
            ],
            [
              106.5783467,
              10.7109598
            ],
            [
              106.5774382,
              10.7111639
            ],
            [
              106.5773692,
              10.711116
            ],
            [
              106.5768793,
              10.7089718
            ],
            [
              106.5779882,
              10.7086873
            ],
            [
              106.5783799,
              10.7089409
            ],
            [
              106.5804824,
              10.7082383
            ],
            [
              106.5806002,
              10.7098333
            ]
          ]
        ]
      },
      "id": "way/1433503743"
    },
    {
      "type": "Feature",
      "properties": {
        "@id": "way/1098298110",
        "amenity": "university",
        "name": "Đại học Kinh tế Thành phố Hồ Chí Minh (cơ sở Nguyễn Văn Linh)"
      },
      "geometry": {
        "type": "Polygon",
        "coordinates": [
          [
            [
              106.6395192,
              10.7061259
            ],
            [
              106.6394956,
              10.7061556
            ],
            [
              106.638995,
              10.7057711
            ],
            [
              106.6392272,
              10.7054786
            ],
            [
              106.6394419,
              10.7056388
            ],
            [
              106.6395676,
              10.7054717
            ],
            [
              106.6398418,
              10.7056903
            ],
            [
              106.6404355,
              10.704961
            ],
            [
              106.6410157,
              10.7053902
            ],
            [
              106.6410118,
              10.7058129
            ],
            [
              106.6410915,
              10.7058188
            ],
            [
              106.641096,
              10.7059006
            ],
            [
              106.6411501,
              10.7059068
            ],
            [
              106.6415547,
              10.7057994
            ],
            [
              106.6420826,
              10.7058067
            ],
            [
              106.6420799,
              10.706281
            ],
            [
              106.642009,
              10.7062805
            ],
            [
              106.641911,
              10.7063556
            ],
            [
              106.6418195,
              10.7063885
            ],
            [
              106.641729,
              10.7063725
            ],
            [
              106.641587,
              10.7063135
            ],
            [
              106.6414122,
              10.7062715
            ],
            [
              106.6407541,
              10.7071404
            ],
            [
              106.6401261,
              10.7066503
            ],
            [
              106.640231,
              10.7066032
            ],
            [
              106.6402977,
              10.7063328
            ],
            [
              106.6398798,
              10.7062334
            ],
            [
              106.6398395,
              10.7063716
            ],
            [
              106.6395192,
              10.7061259
            ]
          ]
        ]
      },
      "id": "way/1098298110"
    },
    {
      "type": "Feature",
      "properties": {
        "@id": "way/1303846921",
        "addr:district": "Huyện Nhà Bè",
        "addr:province": "Thành phố Hồ Chí Minh",
        "addr:subdistrict": "Xã Nhơn Đức",
        "amenity": "university",
        "name": "Trường Đại học Mở TP.HCM - Nhơn Đức"
      },
      "geometry": {
        "type": "Polygon",
        "coordinates": [
          [
            [
              106.6879948,
              10.6800252
            ],
            [
              106.6880095,
              10.6798873
            ],
            [
              106.6880545,
              10.6796395
            ],
            [
              106.6880755,
              10.6795354
            ],
            [
              106.6880843,
              10.6794437
            ],
            [
              106.6880867,
              10.6793276
            ],
            [
              106.6880828,
              10.6791809
            ],
            [
              106.6880697,
              10.6790373
            ],
            [
              106.6880658,
              10.6788967
            ],
            [
              106.688081,
              10.6788539
            ],
            [
              106.688124,
              10.6787986
            ],
            [
              106.6882036,
              10.6787189
            ],
            [
              106.6882038,
              10.6787065
            ],
            [
              106.6881974,
              10.6786668
            ],
            [
              106.6881537,
              10.6785876
            ],
            [
              106.6881473,
              10.6785448
            ],
            [
              106.6881062,
              10.6783637
            ],
            [
              106.6880802,
              10.6781377
            ],
            [
              106.6880799,
              10.6780704
            ],
            [
              106.6880071,
              10.6777621
            ],
            [
              106.6879666,
              10.6777043
            ],
            [
              106.687898,
              10.6775702
            ],
            [
              106.6878696,
              10.6774634
            ],
            [
              106.687853,
              10.6772526
            ],
            [
              106.6878067,
              10.6771516
            ],
            [
              106.6876636,
              10.6769659
            ],
            [
              106.6874427,
              10.6766859
            ],
            [
              106.6872684,
              10.6764422
            ],
            [
              106.6871561,
              10.676202
            ],
            [
              106.6870968,
              10.6760468
            ],
            [
              106.6870809,
              10.6759615
            ],
            [
              106.6870774,
              10.6758854
            ],
            [
              106.6869738,
              10.6755445
            ],
            [
              106.6867851,
              10.6753901
            ],
            [
              106.6865653,
              10.6752053
            ],
            [
              106.6862623,
              10.6750089
            ],
            [
              106.6860023,
              10.6747939
            ],
            [
              106.6859835,
              10.6747422
            ],
            [
              106.6859925,
              10.6746995
            ],
            [
              106.6860231,
              10.6746536
            ],
            [
              106.6861551,
              10.6745706
            ],
            [
              106.6863076,
              10.6744436
            ],
            [
              106.6864687,
              10.6743957
            ],
            [
              106.6869033,
              10.6743994
            ],
            [
              106.6874354,
              10.6743773
            ],
            [
              106.6877764,
              10.6743736
            ],
            [
              106.6880874,
              10.674381
            ],
            [
              106.6885125,
              10.6743694
            ],
            [
              106.6891927,
              10.6743883
            ],
            [
              106.6895486,
              10.6743957
            ],
            [
              106.6899833,
              10.6743957
            ],
            [
              106.6904479,
              10.674392
            ],
            [
              106.6908226,
              10.6743589
            ],
            [
              106.6912632,
              10.67426
            ],
            [
              106.6916262,
              10.6741636
            ],
            [
              106.6919704,
              10.673994
            ],
            [
              106.6922988,
              10.6738508
            ],
            [
              106.6925086,
              10.6736667
            ],
            [
              106.6926735,
              10.6735157
            ],
            [
              106.6928608,
              10.6734016
            ],
            [
              106.6930632,
              10.6732175
            ],
            [
              106.6932505,
              10.6729671
            ],
            [
              106.6934229,
              10.672875
            ],
            [
              106.6935615,
              10.6728529
            ],
            [
              106.6936552,
              10.6729818
            ],
            [
              106.6937779,
              10.6729599
            ],
            [
              106.6937873,
              10.6729842
            ],
            [
              106.6937999,
              10.6730359
            ],
            [
              106.6938754,
              10.673319
            ],
            [
              106.6939163,
              10.6734742
            ],
            [
              106.693957,
              10.6735776
            ],
            [
              106.6940099,
              10.673684
            ],
            [
              106.694103,
              10.6737963
            ],
            [
              106.6942733,
              10.6739508
            ],
            [
              106.6945133,
              10.6741664
            ],
            [
              106.694749,
              10.6744335
            ],
            [
              106.6948019,
              10.6745277
            ],
            [
              106.6948581,
              10.6746586
            ],
            [
              106.694902,
              10.6747864
            ],
            [
              106.6949211,
              10.6749052
            ],
            [
              106.694878,
              10.675189
            ],
            [
              106.6948143,
              10.6753784
            ],
            [
              106.6946308,
              10.6756234
            ],
            [
              106.6944257,
              10.6758623
            ],
            [
              106.6940799,
              10.6761711
            ],
            [
              106.6940684,
              10.6761814
            ],
            [
              106.6940685,
              10.6761875
            ],
            [
              106.6939124,
              10.6763896
            ],
            [
              106.6938516,
              10.6765393
            ],
            [
              106.6937876,
              10.6766616
            ],
            [
              106.6937667,
              10.6767867
            ],
            [
              106.6937599,
              10.6769545
            ],
            [
              106.6937887,
              10.6771464
            ],
            [
              106.6938201,
              10.6772377
            ],
            [
              106.6938669,
              10.6773412
            ],
            [
              106.6939073,
              10.6774141
            ],
            [
              106.693923,
              10.6774628
            ],
            [
              106.6939232,
              10.6774994
            ],
            [
              106.6939301,
              10.6781916
            ],
            [
              106.6879948,
              10.6800252
            ]
          ]
        ]
      },
      "id": "way/1303846921"
    },
    {
      "type": "Feature",
      "properties": {
        "@id": "way/1098298113",
        "amenity": "university",
        "name": "Trường Đại học Văn Hiến (cơ sở Hùng Hậu)"
      },
      "geometry": {
        "type": "Polygon",
        "coordinates": [
          [
            [
              106.6447737,
              10.7097427
            ],
            [
              106.644355,
              10.7099163
            ],
            [
              106.6443047,
              10.7100325
            ],
            [
              106.6436615,
              10.7095276
            ],
            [
              106.6436112,
              10.709338
            ],
            [
              106.6434508,
              10.7092244
            ],
            [
              106.6433148,
              10.7092325
            ],
            [
              106.6427847,
              10.7088461
            ],
            [
              106.642733,
              10.7089049
            ],
            [
              106.6425709,
              10.7087804
            ],
            [
              106.6422722,
              10.7085509
            ],
            [
              106.6429406,
              10.7077544
            ],
            [
              106.6433967,
              10.7071847
            ],
            [
              106.6434561,
              10.707171
            ],
            [
              106.6455002,
              10.7087647
            ],
            [
              106.6454984,
              10.7088304
            ],
            [
              106.6447737,
              10.7097427
            ]
          ]
        ]
      },
      "id": "way/1098298113"
    },
    {
      "type": "Feature",
      "properties": {
        "@id": "way/149904631",
        "amenity": "university",
        "education": "university",
        "name": "CĐ nghề GTVT đường thủy II"
      },
      "geometry": {
        "type": "Polygon",
        "coordinates": [
          [
            [
              106.7435,
              10.710048
            ],
            [
              106.743454,
              10.7096453
            ],
            [
              106.743584,
              10.709189
            ],
            [
              106.74511,
              10.709147
            ],
            [
              106.745354,
              10.7093
            ],
            [
              106.745209,
              10.70988
            ],
            [
              106.744934,
              10.710017
            ],
            [
              106.743713,
              10.71007
            ],
            [
              106.7435,
              10.710048
            ]
          ]
        ]
      },
      "id": "way/149904631"
    },
    {
      "type": "Feature",
      "properties": {
        "@id": "way/502532609",
        "addr:city": "Ho Chi Minh City",
        "addr:district": "Tân Phú",
        "addr:street": "Đường Hòa Bình",
        "addr:subdistrict": "Hòa Thạnh",
        "amenity": "university",
        "name": "Đại học Quốc tế Hồng Bàng"
      },
      "geometry": {
        "type": "Polygon",
        "coordinates": [
          [
            [
              106.6337718,
              10.7709972
            ],
            [
              106.6333897,
              10.769851
            ],
            [
              106.6345158,
              10.7695634
            ],
            [
              106.6348187,
              10.7707117
            ],
            [
              106.6337718,
              10.7709972
            ]
          ]
        ]
      },
      "id": "way/502532609"
    },
    {
      "type": "Feature",
      "properties": {
        "@id": "way/1085954986",
        "addr:housenumber": "93",
        "addr:street": "Tân Kỳ Tân Quý",
        "amenity": "university",
        "name": "Trường Đại học Công Thương TP.HCM (cơ sở 2)"
      },
      "geometry": {
        "type": "Polygon",
        "coordinates": [
          [
            [
              106.6333076,
              10.8028802
            ],
            [
              106.6337052,
              10.8027882
            ],
            [
              106.633736,
              10.8028752
            ],
            [
              106.6337669,
              10.8028715
            ],
            [
              106.6338128,
              10.8034634
            ],
            [
              106.6335108,
              10.8034989
            ],
            [
              106.6334943,
              10.8035475
            ],
            [
              106.6334189,
              10.8035392
            ],
            [
              106.6333434,
              10.8035309
            ],
            [
              106.6333076,
              10.8028802
            ]
          ]
        ]
      },
      "id": "way/1085954986"
    },
    {
      "type": "Feature",
      "properties": {
        "@id": "way/523650595",
        "addr:city": "Hồ Chí Minh",
        "addr:district": "Tân Phú",
        "addr:housenumber": "140",
        "addr:street": "Lê Trọng Tấn",
        "addr:subdistrict": "Tây Thạnh",
        "amenity": "university",
        "name": "Trường Đại học Công Thương TP.HCM"
      },
      "geometry": {
        "type": "Polygon",
        "coordinates": [
          [
            [
              106.6283084,
              10.8077157
            ],
            [
              106.62835,
              10.8072299
            ],
            [
              106.6284193,
              10.8064211
            ],
            [
              106.6286211,
              10.8064156
            ],
            [
              106.6286241,
              10.8061441
            ],
            [
              106.6287808,
              10.8061242
            ],
            [
              106.6287632,
              10.8063991
            ],
            [
              106.6289713,
              10.8063921
            ],
            [
              106.6290283,
              10.8068409
            ],
            [
              106.6290536,
              10.8072809
            ],
            [
              106.6289655,
              10.8072884
            ],
            [
              106.6289697,
              10.8076917
            ],
            [
              106.6283084,
              10.8077157
            ]
          ]
        ]
      },
      "id": "way/523650595"
    },
    {
      "type": "Feature",
      "properties": {
        "@id": "way/1085962648",
        "amenity": "university",
        "name": "Trường Đại học Công Thương TP.HCM (cơ sở 3)"
      },
      "geometry": {
        "type": "Polygon",
        "coordinates": [
          [
            [
              106.6293312,
              10.8086388
            ],
            [
              106.6302646,
              10.8086309
            ],
            [
              106.6302832,
              10.8090299
            ],
            [
              106.6302804,
              10.8093048
            ],
            [
              106.6302324,
              10.8093633
            ],
            [
              106.6298757,
              10.8093791
            ],
            [
              106.6296879,
              10.809329
            ],
            [
              106.6293178,
              10.8093159
            ],
            [
              106.6293151,
              10.8087679
            ],
            [
              106.6293312,
              10.8086388
            ]
          ]
        ]
      },
      "id": "way/1085962648"
    },
    {
      "type": "Feature",
      "properties": {
        "@id": "way/1085962652",
        "addr:housenumber": "31",
        "addr:street": "Chế Lan Viên",
        "amenity": "university",
        "name": "Trường Đại học Công Thương TP.HCM (cơ sở 5)"
      },
      "geometry": {
        "type": "Polygon",
        "coordinates": [
          [
            [
              106.6314728,
              10.8123194
            ],
            [
              106.6316197,
              10.8114783
            ],
            [
              106.6317257,
              10.8114902
            ],
            [
              106.6317569,
              10.8114962
            ],
            [
              106.6318889,
              10.8115203
            ],
            [
              106.6320259,
              10.8115427
            ],
            [
              106.6319547,
              10.8119617
            ],
            [
              106.6318804,
              10.8123826
            ],
            [
              106.6314728,
              10.8123194
            ]
          ]
        ]
      },
      "id": "way/1085962652"
    },
    {
      "type": "Feature",
      "properties": {
        "@id": "way/317064969",
        "addr:housenumber": "180",
        "addr:street": "Cao Lỗ",
        "amenity": "university",
        "name": "Trường Đại học Công nghệ Sài Gòn",
        "ref": "STU",
        "website": "http://www.stu.edu.vn/",
        "wikidata": "Q7400087",
        "wikipedia": "en:Saigon Technology University"
      },
      "geometry": {
        "type": "Polygon",
        "coordinates": [
          [
            [
              106.6772918,
              10.737155
            ],
            [
              106.6789805,
              10.7379998
            ],
            [
              106.6788227,
              10.7383043
            ],
            [
              106.678561,
              10.7388093
            ],
            [
              106.6768723,
              10.7379644
            ],
            [
              106.6772918,
              10.737155
            ]
          ]
        ]
      },
      "id": "way/317064969"
    },
    {
      "type": "Feature",
      "properties": {
        "@id": "way/227520498",
        "addr:housenumber": "702",
        "addr:street": "Nguyễn Văn Linh",
        "amenity": "university",
        "name": "Trường Đại học RMIT Việt Nam",
        "name:en": "RMIT University Vietnam"
      },
      "geometry": {
        "type": "Polygon",
        "coordinates": [
          [
            [
              106.6909474,
              10.7290504
            ],
            [
              106.6909773,
              10.7289652
            ],
            [
              106.6910285,
              10.7289145
            ],
            [
              106.6911042,
              10.7288794
            ],
            [
              106.6911916,
              10.728879
            ],
            [
              106.6935549,
              10.7289396
            ],
            [
              106.6937791,
              10.7288106
            ],
            [
              106.6938297,
              10.7288013
            ],
            [
              106.6940943,
              10.7288621
            ],
            [
              106.6969935,
              10.7289893
            ],
            [
              106.6970221,
              10.7290968
            ],
            [
              106.6970528,
              10.7292533
            ],
            [
              106.697072,
              10.7293839
            ],
            [
              106.6970817,
              10.7295486
            ],
            [
              106.6970578,
              10.7296823
            ],
            [
              106.6970159,
              10.729832
            ],
            [
              106.6969818,
              10.7299108
            ],
            [
              106.6969268,
              10.7299587
            ],
            [
              106.6968733,
              10.7299894
            ],
            [
              106.6968087,
              10.7299895
            ],
            [
              106.6967318,
              10.729989
            ],
            [
              106.6960657,
              10.7299845
            ],
            [
              106.6959055,
              10.729828
            ],
            [
              106.695565,
              10.7298287
            ],
            [
              106.6954849,
              10.7298501
            ],
            [
              106.694919,
              10.7298772
            ],
            [
              106.692772,
              10.7299802
            ],
            [
              106.6928482,
              10.7306306
            ],
            [
              106.692835,
              10.7306725
            ],
            [
              106.6927383,
              10.7308091
            ],
            [
              106.6927074,
              10.7308295
            ],
            [
              106.6926005,
              10.7308527
            ],
            [
              106.6924891,
              10.7308277
            ],
            [
              106.6919162,
              10.7308256
            ],
            [
              106.6918291,
              10.7307902
            ],
            [
              106.6912827,
              10.7305309
            ],
            [
              106.6912024,
              10.7304549
            ],
            [
              106.6911518,
              10.7303968
            ],
            [
              106.6911093,
              10.7303307
            ],
            [
              106.6910512,
              10.7302193
            ],
            [
              106.6910093,
              10.730104
            ],
            [
              106.6909571,
              10.729303
            ],
            [
              106.6909474,
              10.7290504
            ]
          ]
        ]
      },
      "id": "way/227520498"
    },
    {
      "type": "Feature",
      "properties": {
        "@id": "way/189067584",
        "addr:housenumber": "217",
        "addr:street": "Hồng Bàng",
        "amenity": "university",
        "email": "hanhchinh@ump.edu.vn",
        "fax": "+84 28 3855 2304",
        "name": "Đại học Y Dược Thành phố Hồ Chí Minh",
        "name:en": "University of Medicine and Pharmacy at Ho Chi Minh City",
        "name:id": "Rumah Sakit Universitas Kedokteran Kota Ho Chi Minh",
        "name:ms": "Rumah Sehat Universiti Perubatan Bandaraya Ho Chi Minh",
        "name:zh": "胡志明市医药大学医院",
        "operator": "Bộ Y tế",
        "phone": "+84 28 3855 8411;+84 28 3853 7949;+84 28 3855 5780",
        "website": "https://ump.edu.vn/",
        "wikipedia": "en:Ho Chi Minh City Medicine and Pharmacy University"
      },
      "geometry": {
        "type": "Polygon",
        "coordinates": [
          [
            [
              106.6625097,
              10.7551459
            ],
            [
              106.6626037,
              10.7546804
            ],
            [
              106.6628054,
              10.753687
            ],
            [
              106.6628449,
              10.7534918
            ],
            [
              106.662971,
              10.7533983
            ],
            [
              106.6636804,
              10.7535391
            ],
            [
              106.6639729,
              10.7535852
            ],
            [
              106.6640237,
              10.7536405
            ],
            [
              106.6639033,
              10.7542745
            ],
            [
              106.6637032,
              10.7553775
            ],
            [
              106.6636551,
              10.7553667
            ],
            [
              106.663582,
              10.755353
            ],
            [
              106.663508,
              10.7553392
            ],
            [
              106.6634448,
              10.7553253
            ],
            [
              106.6634463,
              10.7552483
            ],
            [
              106.6633909,
              10.7552368
            ],
            [
              106.6631158,
              10.7551829
            ],
            [
              106.66307,
              10.7552548
            ],
            [
              106.6625097,
              10.7551459
            ]
          ]
        ]
      },
      "id": "way/189067584"
    },
    {
      "type": "Feature",
      "properties": {
        "@id": "way/189067624",
        "amenity": "university",
        "name": "Trường Đại học Sư phạm Thể dục Thể thao Thành phố Hồ Chí Minh"
      },
      "geometry": {
        "type": "Polygon",
        "coordinates": [
          [
            [
              106.6633812,
              10.7533099
            ],
            [
              106.6634297,
              10.7530586
            ],
            [
              106.6634389,
              10.7530106
            ],
            [
              106.6634405,
              10.7527875
            ],
            [
              106.6634626,
              10.7524964
            ],
            [
              106.6642489,
              10.7525793
            ],
            [
              106.6640715,
              10.7534363
            ],
            [
              106.6633812,
              10.7533099
            ]
          ]
        ]
      },
      "id": "way/189067624"
    },
    {
      "type": "Feature",
      "properties": {
        "@id": "way/418922109",
        "addr:housenumber": "279",
        "addr:street": "Đường Nguyễn Tri Phương",
        "amenity": "university",
        "name": "Đại học Kinh tế TP.HCM - cơ sở B"
      },
      "geometry": {
        "type": "Polygon",
        "coordinates": [
          [
            [
              106.6684297,
              10.7612608
            ],
            [
              106.66778,
              10.7611424
            ],
            [
              106.6674297,
              10.7610616
            ],
            [
              106.667514,
              10.7607088
            ],
            [
              106.6674347,
              10.7606905
            ],
            [
              106.6674544,
              10.7605917
            ],
            [
              106.6685262,
              10.7608366
            ],
            [
              106.6684297,
              10.7612608
            ]
          ]
        ]
      },
      "id": "way/418922109"
    },
    {
      "type": "Feature",
      "properties": {
        "@id": "way/1444550444",
        "addr:housenumber": "131",
        "addr:street": "Đường Nguyễn Chí Thanh",
        "amenity": "university",
        "education": "university",
        "name": "Đại học Y Dược Thành phố Hồ Chí Minh - Bộ môn Xét nghiệm"
      },
      "geometry": {
        "type": "Polygon",
        "coordinates": [
          [
            [
              106.6676742,
              10.7595839
            ],
            [
              106.6677221,
              10.7593586
            ],
            [
              106.6677419,
              10.759267
            ],
            [
              106.6677463,
              10.7592466
            ],
            [
              106.6678033,
              10.759206
            ],
            [
              106.6679205,
              10.7591227
            ],
            [
              106.6679434,
              10.7591064
            ],
            [
              106.6680146,
              10.759203
            ],
            [
              106.6680451,
              10.7591812
            ],
            [
              106.6681506,
              10.7591062
            ],
            [
              106.6681745,
              10.7590891
            ],
            [
              106.6682428,
              10.7591812
            ],
            [
              106.6683135,
              10.7592766
            ],
            [
              106.668285,
              10.7592948
            ],
            [
              106.6681983,
              10.7593545
            ],
            [
              106.6681783,
              10.7593682
            ],
            [
              106.6680489,
              10.7594538
            ],
            [
              106.6680303,
              10.7594672
            ],
            [
              106.6680251,
              10.7594714
            ],
            [
              106.6679866,
              10.7596495
            ],
            [
              106.6677033,
              10.75959
            ],
            [
              106.6676742,
              10.7595839
            ]
          ]
        ]
      },
      "id": "way/1444550444"
    },
    {
      "type": "Feature",
      "properties": {
        "@id": "way/465581443",
        "amenity": "university",
        "name": "Trường ĐH Công nghệ"
      },
      "geometry": {
        "type": "Polygon",
        "coordinates": [
          [
            [
              106.6887941,
              10.7561384
            ],
            [
              106.6891106,
              10.7564072
            ],
            [
              106.6889443,
              10.7566655
            ],
            [
              106.6887833,
              10.7571292
            ],
            [
              106.6882844,
              10.756929
            ],
            [
              106.6884776,
              10.756539
            ],
            [
              106.6887941,
              10.7561384
            ]
          ]
        ]
      },
      "id": "way/465581443"
    },
    {
      "type": "Feature",
      "properties": {
        "@id": "way/140703173",
        "addr:city": "Ho Chi Minh City",
        "addr:district": "5",
        "addr:housenumber": "280",
        "addr:street": "Đường An Dương Vương",
        "addr:subdistrict": "4",
        "amenity": "university",
        "name": "Trường Đại học Sư phạm TP.HCM",
        "name:en": "Ho Chi Minh City University of Pedagogy",
        "name:vi": "Trường Đại học Sư phạm TP.HCM",
        "short_name": "ĐHSP TP.HCM",
        "short_name:en": "HCMUP",
        "wikidata": "Q10489198",
        "wikimedia_commons": "Category:Ho Chi Minh City Pedagogical University",
        "wikipedia": "vi:Trường Đại học Sư phạm Thành phố Hồ Chí Minh"
      },
      "geometry": {
        "type": "Polygon",
        "coordinates": [
          [
            [
              106.6825994,
              10.7620514
            ],
            [
              106.681267,
              10.7615473
            ],
            [
              106.6813531,
              10.7613325
            ],
            [
              106.6816311,
              10.7606626
            ],
            [
              106.6830867,
              10.7612289
            ],
            [
              106.6829316,
              10.7615955
            ],
            [
              106.6828971,
              10.7615801
            ],
            [
              106.6828117,
              10.7617913
            ],
            [
              106.6827156,
              10.7617547
            ],
            [
              106.6825994,
              10.7620514
            ]
          ]
        ]
      },
      "id": "way/140703173"
    },
    {
      "type": "Feature",
      "properties": {
        "@id": "way/140703186",
        "addr:city": "Ho Chi Minh City",
        "addr:housenumber": "227",
        "addr:postcode": "70000",
        "addr:street": "Nguyễn Văn Cừ",
        "addr:subdistrict": "Phường 4",
        "alt_name": "Trường Đại học Khoa học Tự nhiên - Đại học Quốc gia Thành phố Hồ Chí Minh",
        "alt_name:en": "The University of Science - VNUHCM - Campus 1",
        "amenity": "university",
        "int_name": "University of Sciences",
        "internet_access": "yes",
        "internet_access:fee": "no",
        "name": "Trường Đại học Khoa học Tự nhiên - ĐHQG TP.HCM - Cơ sở 1",
        "name:en": "Ho Chi Minh City University of Sciences - Campus 1",
        "name:fr": "Université des Sciences - VNU HCMV - Campus 1",
        "name:vi": "Trường Đại học Khoa học Tự nhiên - ĐHQG TP.HCM - Cơ sở 1",
        "old_name": "University of Natural Sciences",
        "short_name": "ĐH KHTN - cơ sở 1",
        "short_name:en": "HCMUS - Campus 1",
        "wikidata": "Q5873997",
        "wikimedia_commons": "Category:Ho Chi Minh City University of Science",
        "wikipedia": "vi:Trường Đại học Khoa học Tự nhiên, Đại học Quốc gia Thành phố Hồ Chí Minh"
      },
      "geometry": {
        "type": "Polygon",
        "coordinates": [
          [
            [
              106.680637,
              10.7629316
            ],
            [
              106.681146,
              10.761849
            ],
            [
              106.6812551,
              10.761577
            ],
            [
              106.6823117,
              10.761985
            ],
            [
              106.6822235,
              10.7622201
            ],
            [
              106.682524,
              10.7623407
            ],
            [
              106.6826118,
              10.7621083
            ],
            [
              106.6827575,
              10.7621678
            ],
            [
              106.6824911,
              10.7628281
            ],
            [
              106.6823567,
              10.7631639
            ],
            [
              106.6823474,
              10.7631872
            ],
            [
              106.6822545,
              10.7631512
            ],
            [
              106.6820022,
              10.7630535
            ],
            [
              106.6819825,
              10.7630459
            ],
            [
              106.6814866,
              10.7628538
            ],
            [
              106.6813547,
              10.7632125
            ],
            [
              106.6812311,
              10.7631631
            ],
            [
              106.680837,
              10.763012
            ],
            [
              106.680637,
              10.7629316
            ]
          ]
        ]
      },
      "id": "way/140703186"
    },
    {
      "type": "Feature",
      "properties": {
        "@id": "way/152993734",
        "addr:district": "Quận 5",
        "addr:housenumber": "273",
        "addr:province": "Thành phố Hồ Chí Minh",
        "addr:street": "An Dương Vương",
        "addr:subdistrict": "Phường 03",
        "amenity": "university",
        "email": "daihocsaigon@sgu.edu.vn",
        "internet_access": "wlan",
        "internet_access:fee": "no",
        "name": "Trường Đại học Sài Gòn – cơ sở chính",
        "name:en": "Saigon University–Main Campus",
        "name:fr": "Université de Saïgon – campus principal",
        "old_name": "Lycée Franco-Chinois;Bác ái Học viện",
        "old_name:fr": "Lycée Franco-Chinois;Collège Fraternité",
        "old_name:vi": "Bác ái Học viện",
        "old_name:zh": "中法學堂;博愛學院",
        "operator": "Ủy ban nhân dân Thành phố Hồ Chí Minh",
        "operator:type": "government",
        "short_name": "SGU – CS chính",
        "website": "https://www.sgu.edu.vn",
        "wikidata": "Q368923",
        "wikimedia_commons": "Category:Saigon University",
        "wikipedia": "en:Saigon University"
      },
      "geometry": {
        "type": "Polygon",
        "coordinates": [
          [
            [
              106.6824219,
              10.7606445
            ],
            [
              106.6811415,
              10.7601556
            ],
            [
              106.6812125,
              10.7600007
            ],
            [
              106.6810334,
              10.7599265
            ],
            [
              106.6809628,
              10.7600874
            ],
            [
              106.6805212,
              10.7599188
            ],
            [
              106.6812559,
              10.7591572
            ],
            [
              106.6814447,
              10.7592894
            ],
            [
              106.6814914,
              10.7593273
            ],
            [
              106.681722,
              10.7587209
            ],
            [
              106.6835476,
              10.7593878
            ],
            [
              106.6835,
              10.7595138
            ],
            [
              106.6836419,
              10.7595642
            ],
            [
              106.683624,
              10.7596113
            ],
            [
              106.6837666,
              10.7596628
            ],
            [
              106.6837252,
              10.7597706
            ],
            [
              106.6836513,
              10.7597434
            ],
            [
              106.6836091,
              10.7598583
            ],
            [
              106.6833559,
              10.7597695
            ],
            [
              106.6833205,
              10.7598577
            ],
            [
              106.6828059,
              10.7596619
            ],
            [
              106.6824219,
              10.7606445
            ]
          ]
        ]
      },
      "id": "way/152993734"
    },
    {
      "type": "Feature",
      "properties": {
        "@id": "way/1085962671",
        "amenity": "university",
        "name": "Trường Đại học Mở TP.HCM",
        "wikidata": "Q10829094"
      },
      "geometry": {
        "type": "Polygon",
        "coordinates": [
          [
            [
              106.6920595,
              10.7609538
            ],
            [
              106.6922955,
              10.7609327
            ],
            [
              106.6923411,
              10.7608931
            ],
            [
              106.6925235,
              10.7610723
            ],
            [
              106.6923424,
              10.7612674
            ],
            [
              106.6923062,
              10.7612358
            ],
            [
              106.692219,
              10.7613253
            ],
            [
              106.6919575,
              10.7611211
            ],
            [
              106.6920125,
              10.7610657
            ],
            [
              106.6919897,
              10.7610394
            ],
            [
              106.6920595,
              10.7609538
            ]
          ]
        ]
      },
      "id": "way/1085962671"
    },
    {
      "type": "Feature",
      "properties": {
        "@id": "way/290134801",
        "addr:city": "TP. HCM",
        "addr:district": "Quận 7",
        "addr:housenumber": "19",
        "addr:street": "Nguyễn Hữu Thọ",
        "addr:subdistrict": "Phường Tân Phong",
        "amenity": "university",
        "internet_access": "yes",
        "internet_access:fee": "no",
        "name": "Trường Đại học Tôn Đức Thắng",
        "name:en": "Ton Duc Thang University",
        "name:vi": "Trường Đại học Tôn Đức Thắng",
        "name:zh": "孙德胜大学",
        "operator": "Vietnam General Confederation of Labour",
        "operator:type": "university",
        "website": "https://tdtu.edu.vn/",
        "wikidata": "Q1457082",
        "wikimedia_commons": "Category:Ton Duc Thang University",
        "wikipedia": "vi:Trường Đại học Tôn Đức Thắng"
      },
      "geometry": {
        "type": "Polygon",
        "coordinates": [
          [
            [
              106.6997616,
              10.7331441
            ],
            [
              106.6994595,
              10.7331657
            ],
            [
              106.6994093,
              10.7331703
            ],
            [
              106.6993636,
              10.7331743
            ],
            [
              106.6991597,
              10.7331906
            ],
            [
              106.699149,
              10.7331914
            ],
            [
              106.6991381,
              10.7331923
            ],
            [
              106.6990729,
              10.7331974
            ],
            [
              106.6989955,
              10.7332036
            ],
            [
              106.6989898,
              10.7332041
            ],
            [
              106.6989752,
              10.7332054
            ],
            [
              106.6985429,
              10.7332433
            ],
            [
              106.6985231,
              10.733245
            ],
            [
              106.6982694,
              10.733266
            ],
            [
              106.6973437,
              10.7333438
            ],
            [
              106.6973309,
              10.7333449
            ],
            [
              106.6972999,
              10.7333475
            ],
            [
              106.6972707,
              10.7333499
            ],
            [
              106.6964281,
              10.7334218
            ],
            [
              106.6963839,
              10.7334231
            ],
            [
              106.6963465,
              10.7334263
            ],
            [
              106.6960468,
              10.7334661
            ],
            [
              106.6961709,
              10.7332828
            ],
            [
              106.6961918,
              10.7332523
            ],
            [
              106.6962157,
              10.7332174
            ],
            [
              106.696589,
              10.7326854
            ],
            [
              106.6968945,
              10.7322201
            ],
            [
              106.6971682,
              10.7317903
            ],
            [
              106.6972911,
              10.7313395
            ],
            [
              106.6973336,
              10.7304727
            ],
            [
              106.6973612,
              10.730149
            ],
            [
              106.6975015,
              10.7301391
            ],
            [
              106.6984553,
              10.7302598
            ],
            [
              106.6984781,
              10.7302628
            ],
            [
              106.6986255,
              10.7302821
            ],
            [
              106.6987967,
              10.7303048
            ],
            [
              106.6997503,
              10.730431
            ],
            [
              106.6997588,
              10.7304906
            ],
            [
              106.699933,
              10.7304301
            ],
            [
              106.6999471,
              10.7304606
            ],
            [
              106.7000785,
              10.7304065
            ],
            [
              106.7001111,
              10.73042
            ],
            [
              106.6999657,
              10.7315021
            ],
            [
              106.6999645,
              10.7315109
            ],
            [
              106.6999633,
              10.7315202
            ],
            [
              106.699957,
              10.7315658
            ],
            [
              106.6999505,
              10.7316121
            ],
            [
              106.6999492,
              10.7316229
            ],
            [
              106.699948,
              10.7316329
            ],
            [
              106.699847,
              10.7324088
            ],
            [
              106.6998415,
              10.732454
            ],
            [
              106.6998351,
              10.732503
            ],
            [
              106.6998206,
              10.7326201
            ],
            [
              106.6997694,
              10.7330753
            ],
            [
              106.6997643,
              10.7331176
            ],
            [
              106.6997616,
              10.7331441
            ]
          ]
        ]
      },
      "id": "way/290134801"
    },
    {
      "type": "Feature",
      "properties": {
        "@id": "way/290218574",
        "addr:city": "TP. HCM",
        "addr:district": "Quận 7",
        "addr:street": "Nguyễn Hữu Thọ",
        "addr:subdistrict": "Phường Tân Phong",
        "amenity": "university",
        "name": "Trường Đại học Cảnh sát Nhân dân",
        "name:en": "People's Police University"
      },
      "geometry": {
        "type": "Polygon",
        "coordinates": [
          [
            [
              106.7001393,
              10.737588
            ],
            [
              106.700099,
              10.7377044
            ],
            [
              106.699908,
              10.7378073
            ],
            [
              106.6997046,
              10.7378437
            ],
            [
              106.6994705,
              10.7378255
            ],
            [
              106.6992671,
              10.7377831
            ],
            [
              106.6990576,
              10.7376923
            ],
            [
              106.6987125,
              10.7375531
            ],
            [
              106.6982011,
              10.7372382
            ],
            [
              106.6973321,
              10.7366153
            ],
            [
              106.6969577,
              10.7363991
            ],
            [
              106.6969147,
              10.7363774
            ],
            [
              106.696182,
              10.7360079
            ],
            [
              106.6960017,
              10.7358947
            ],
            [
              106.6958644,
              10.7357668
            ],
            [
              106.6957379,
              10.7356195
            ],
            [
              106.6955841,
              10.7354007
            ],
            [
              106.6954601,
              10.7351435
            ],
            [
              106.6953277,
              10.7348384
            ],
            [
              106.6950593,
              10.7342196
            ],
            [
              106.6950549,
              10.734179
            ],
            [
              106.6950715,
              10.7341366
            ],
            [
              106.6951044,
              10.7341071
            ],
            [
              106.6954917,
              10.7339516
            ],
            [
              106.6957751,
              10.7338363
            ],
            [
              106.6958123,
              10.7338226
            ],
            [
              106.6959902,
              10.7337511
            ],
            [
              106.6962185,
              10.7336936
            ],
            [
              106.6963575,
              10.7336742
            ],
            [
              106.6964307,
              10.733664
            ],
            [
              106.6965081,
              10.7336564
            ],
            [
              106.6965852,
              10.7336489
            ],
            [
              106.6982712,
              10.7335078
            ],
            [
              106.6985549,
              10.7334867
            ],
            [
              106.6986589,
              10.733479
            ],
            [
              106.6986384,
              10.7336769
            ],
            [
              106.6986642,
              10.733728
            ],
            [
              106.6994251,
              10.7337754
            ],
            [
              106.6994609,
              10.7338095
            ],
            [
              106.6996122,
              10.733803
            ],
            [
              106.699621,
              10.7333936
            ],
            [
              106.6997355,
              10.7333876
            ],
            [
              106.6997725,
              10.7334267
            ],
            [
              106.699758,
              10.733652
            ],
            [
              106.6997548,
              10.7339001
            ],
            [
              106.6997557,
              10.733971
            ],
            [
              106.6997566,
              10.7340371
            ],
            [
              106.6997573,
              10.7340897
            ],
            [
              106.6997582,
              10.7341599
            ],
            [
              106.6997794,
              10.7344595
            ],
            [
              106.699954,
              10.7355769
            ],
            [
              106.7001322,
              10.7366848
            ],
            [
              106.7002038,
              10.737198
            ],
            [
              106.7001393,
              10.737588
            ]
          ]
        ]
      },
      "id": "way/290218574"
    },
    {
      "type": "Feature",
      "properties": {
        "@id": "way/290172116",
        "addr:housenumber": "15",
        "addr:street": "Trần Văn Trà",
        "amenity": "university",
        "name": "Trường Cao đẳng Bán công Công nghệ và Quản trị doanh nghiệp (CTIM)"
      },
      "geometry": {
        "type": "Polygon",
        "coordinates": [
          [
            [
              106.7229054,
              10.7240224
            ],
            [
              106.722481,
              10.723763
            ],
            [
              106.7223998,
              10.7237012
            ],
            [
              106.722183,
              10.724058
            ],
            [
              106.7220936,
              10.7242128
            ],
            [
              106.7219079,
              10.7242604
            ],
            [
              106.7217127,
              10.7242963
            ],
            [
              106.7201475,
              10.7233656
            ],
            [
              106.7206487,
              10.7229839
            ],
            [
              106.7217981,
              10.7229662
            ],
            [
              106.7219694,
              10.7229331
            ],
            [
              106.7229414,
              10.7225565
            ],
            [
              106.7233921,
              10.7223783
            ],
            [
              106.7236128,
              10.7222784
            ],
            [
              106.7237326,
              10.7222401
            ],
            [
              106.723842,
              10.7221923
            ],
            [
              106.7240001,
              10.7221286
            ],
            [
              106.7241055,
              10.7221047
            ],
            [
              106.7240671,
              10.722166
            ],
            [
              106.7229054,
              10.7240224
            ]
          ]
        ]
      },
      "id": "way/290172116"
    },
    {
      "type": "Feature",
      "properties": {
        "@id": "way/290247572",
        "addr:housenumber": "3F",
        "addr:street": "Nguyễn Hữu Thọ",
        "amenity": "university",
        "name": "Trường Đại học Nguyễn Tất Thành (cơ sở Nguyễn Hữu Thọ)"
      },
      "geometry": {
        "type": "Polygon",
        "coordinates": [
          [
            [
              106.7026706,
              10.7437461
            ],
            [
              106.7020192,
              10.7434329
            ],
            [
              106.7019927,
              10.7434833
            ],
            [
              106.7017291,
              10.7433771
            ],
            [
              106.7021503,
              10.7424627
            ],
            [
              106.7027028,
              10.742692
            ],
            [
              106.7026733,
              10.7427539
            ],
            [
              106.7030945,
              10.7429687
            ],
            [
              106.7028154,
              10.7435972
            ],
            [
              106.702751,
              10.7435721
            ],
            [
              106.7026706,
              10.7437461
            ]
          ]
        ]
      },
      "id": "way/290247572"
    },
    {
      "type": "Feature",
      "properties": {
        "@id": "way/807577739",
        "addr:housenumber": "45",
        "addr:street": "Nguyễn Khắc Nhu",
        "amenity": "university",
        "building": "yes",
        "int_name": "Văn Lang University",
        "name": "Đại học Văn Lang",
        "name:en": "Van Lang University",
        "name:ru": "Ванлангский университет",
        "name:zh": "文郎大学",
        "wikidata": "Q7913477",
        "wikimedia_commons": "Category:Văn Lang University",
        "wikipedia": "en:Văn Lang University"
      },
      "geometry": {
        "type": "Polygon",
        "coordinates": [
          [
            [
              106.6933856,
              10.7630497
            ],
            [
              106.6930327,
              10.7627581
            ],
            [
              106.6931791,
              10.7625871
            ],
            [
              106.693532,
              10.7628787
            ],
            [
              106.6933856,
              10.7630497
            ]
          ]
        ]
      },
      "id": "way/807577739"
    },
    {
      "type": "Feature",
      "properties": {
        "@id": "way/226522664",
        "amenity": "university",
        "education": "university",
        "name": "Trường ĐH Văn Hiến"
      },
      "geometry": {
        "type": "Polygon",
        "coordinates": [
          [
            [
              106.7076784,
              10.7532437
            ],
            [
              106.7077025,
              10.7529854
            ],
            [
              106.7083033,
              10.7530144
            ],
            [
              106.7082685,
              10.7532463
            ],
            [
              106.7076784,
              10.7532437
            ]
          ]
        ]
      },
      "id": "way/226522664"
    },
    {
      "type": "Feature",
      "properties": {
        "@id": "way/1221231568",
        "addr:city": "Phường 14",
        "addr:district": "Quận 10",
        "addr:housenumber": "7/1",
        "addr:province": "Thành phố Hồ Chí Minh",
        "addr:street": "Hẻm 7 Thành Thái",
        "addr:subdistrict": "Phường 14",
        "amenity": "university",
        "name": "Trường Đại học Hoa Sen - Cơ sở Thành Thái"
      },
      "geometry": {
        "type": "Polygon",
        "coordinates": [
          [
            [
              106.6641619,
              10.7694149
            ],
            [
              106.6641738,
              10.7693856
            ],
            [
              106.6642404,
              10.769243
            ],
            [
              106.6642783,
              10.7691569
            ],
            [
              106.6643054,
              10.7691615
            ],
            [
              106.6645154,
              10.7687223
            ],
            [
              106.6645395,
              10.7687317
            ],
            [
              106.6646385,
              10.768779
            ],
            [
              106.6646788,
              10.768797
            ],
            [
              106.6651971,
              10.7690289
            ],
            [
              106.6652764,
              10.7690645
            ],
            [
              106.6654218,
              10.76913
            ],
            [
              106.6654816,
              10.7691569
            ],
            [
              106.6654462,
              10.7692299
            ],
            [
              106.6654899,
              10.7692482
            ],
            [
              106.6655182,
              10.76926
            ],
            [
              106.6654934,
              10.769362
            ],
            [
              106.6653424,
              10.7694134
            ],
            [
              106.6654379,
              10.769648
            ],
            [
              106.6650888,
              10.7697479
            ],
            [
              106.6649941,
              10.7697402
            ],
            [
              106.6649035,
              10.7697329
            ],
            [
              106.6648434,
              10.7697143
            ],
            [
              106.6641619,
              10.7694149
            ]
          ]
        ]
      },
      "id": "way/1221231568"
    },
    {
      "type": "Feature",
      "properties": {
        "@id": "way/237665212",
        "addr:city": "Ho Chi Minh City",
        "addr:district": "10",
        "addr:housenumber": "268",
        "addr:postcode": "70000",
        "addr:street": "Lý Thường Kiệt",
        "addr:subdistrict": "14",
        "amenity": "university",
        "internet_access": "yes",
        "name": "Trường Đại học Bách khoa, Đại học Quốc gia Thành phố Hồ Chí Minh",
        "old_name": "Trung tâm Kỹ thuật Phú Thọ",
        "wikidata": "Q3101701",
        "wikipedia": "vi:Trường Đại học Bách khoa, Đại học Quốc gia Thành phố Hồ Chí Minh"
      },
      "geometry": {
        "type": "Polygon",
        "coordinates": [
          [
            [
              106.6582132,
              10.7706585
            ],
            [
              106.65832,
              10.7706422
            ],
            [
              106.6603034,
              10.7724816
            ],
            [
              106.6614892,
              10.7739174
            ],
            [
              106.6617492,
              10.7742448
            ],
            [
              106.6614064,
              10.7744952
            ],
            [
              106.6614454,
              10.7745612
            ],
            [
              106.6613503,
              10.7746273
            ],
            [
              106.6615222,
              10.7748545
            ],
            [
              106.6600536,
              10.7762064
            ],
            [
              106.6590041,
              10.7749035
            ],
            [
              106.6589471,
              10.7749444
            ],
            [
              106.658443,
              10.7743113
            ],
            [
              106.65848,
              10.7742463
            ],
            [
              106.6587567,
              10.7737458
            ],
            [
              106.6581824,
              10.7734556
            ],
            [
              106.6583048,
              10.7732433
            ],
            [
              106.6576332,
              10.7728611
            ],
            [
              106.6576047,
              10.7728569
            ],
            [
              106.6577824,
              10.772201
            ],
            [
              106.6578872,
              10.771824
            ],
            [
              106.6582132,
              10.7706585
            ]
          ]
        ]
      },
      "id": "way/237665212"
    },
    {
      "type": "Feature",
      "properties": {
        "@id": "way/375544035",
        "addr:housenumber": "2",
        "addr:street": "Dương Quang Trung",
        "amenity": "university",
        "name": "Trường Đại học Y Khoa Phạm Ngọc Thạch",
        "wikidata": "Q10829174",
        "wikipedia": "vi:Trường Đại học Y khoa Phạm Ngọc Thạch"
      },
      "geometry": {
        "type": "Polygon",
        "coordinates": [
          [
            [
              106.6654733,
              10.7735374
            ],
            [
              106.6655744,
              10.7732757
            ],
            [
              106.6656541,
              10.7733066
            ],
            [
              106.666017,
              10.7724325
            ],
            [
              106.6661891,
              10.7724928
            ],
            [
              106.6662513,
              10.7723291
            ],
            [
              106.6667017,
              10.7724978
            ],
            [
              106.6661866,
              10.773798
            ],
            [
              106.6654733,
              10.7735374
            ]
          ]
        ]
      },
      "id": "way/375544035"
    },
    {
      "type": "Feature",
      "properties": {
        "@id": "way/1087513290",
        "addr:housenumber": "84",
        "addr:street": "Đường Thành Thái",
        "amenity": "university",
        "name": "Hoc viện Quân y - Phân hiệu phía Nam"
      },
      "geometry": {
        "type": "Polygon",
        "coordinates": [
          [
            [
              106.6654733,
              10.7735374
            ],
            [
              106.6649263,
              10.7733297
            ],
            [
              106.6653769,
              10.7722037
            ],
            [
              106.666017,
              10.7724325
            ],
            [
              106.6656541,
              10.7733066
            ],
            [
              106.6655744,
              10.7732757
            ],
            [
              106.6654733,
              10.7735374
            ]
          ]
        ]
      },
      "id": "way/1087513290"
    },
    {
      "type": "Feature",
      "properties": {
        "@id": "way/1235185419",
        "amenity": "university",
        "name": "Trường Đại học Văn Hiến"
      },
      "geometry": {
        "type": "Polygon",
        "coordinates": [
          [
            [
              106.6408805,
              10.78367
            ],
            [
              106.6416164,
              10.7839096
            ],
            [
              106.6415514,
              10.7841007
            ],
            [
              106.6421814,
              10.7842561
            ],
            [
              106.6419988,
              10.7848148
            ],
            [
              106.6419852,
              10.7848303
            ],
            [
              106.6419673,
              10.7848374
            ],
            [
              106.6419451,
              10.7848382
            ],
            [
              106.6414003,
              10.7846581
            ],
            [
              106.6409557,
              10.7845089
            ],
            [
              106.6407391,
              10.7844275
            ],
            [
              106.6407014,
              10.7844048
            ],
            [
              106.6406808,
              10.7843808
            ],
            [
              106.6406645,
              10.7843551
            ],
            [
              106.6406544,
              10.7843221
            ],
            [
              106.6406515,
              10.7842897
            ],
            [
              106.6406561,
              10.7842555
            ],
            [
              106.6408805,
              10.78367
            ]
          ]
        ]
      },
      "id": "way/1235185419"
    },
    {
      "type": "Feature",
      "properties": {
        "@id": "way/263444635",
        "addr:housenumber": "828",
        "addr:street": "Sư Vạn Hạnh",
        "amenity": "university",
        "name": "Trường Đại học Ngoại ngữ - Tin học TP.HCM"
      },
      "geometry": {
        "type": "Polygon",
        "coordinates": [
          [
            [
              106.6674869,
              10.7762883
            ],
            [
              106.667145,
              10.7760222
            ],
            [
              106.667499,
              10.7756032
            ],
            [
              106.6678638,
              10.7757784
            ],
            [
              106.6674869,
              10.7762883
            ]
          ]
        ]
      },
      "id": "way/263444635"
    },
    {
      "type": "Feature",
      "properties": {
        "@id": "way/1078519146",
        "amenity": "university",
        "name": "Phân hiệu Học viện Hành chính và Quản trị công tại TP.HCM"
      },
      "geometry": {
        "type": "Polygon",
        "coordinates": [
          [
            [
              106.6776217,
              10.7738957
            ],
            [
              106.6773724,
              10.7742867
            ],
            [
              106.6772994,
              10.7743331
            ],
            [
              106.6771577,
              10.7744026
            ],
            [
              106.6770071,
              10.7744391
            ],
            [
              106.6759061,
              10.7746236
            ],
            [
              106.6758609,
              10.7744288
            ],
            [
              106.6758495,
              10.7743566
            ],
            [
              106.6747755,
              10.7736973
            ],
            [
              106.6748874,
              10.7728573
            ],
            [
              106.675106,
              10.7723247
            ],
            [
              106.6776217,
              10.7738957
            ]
          ]
        ]
      },
      "id": "way/1078519146"
    },
    {
      "type": "Feature",
      "properties": {
        "@id": "way/1169320998",
        "addr:housenumber": "91",
        "addr:street": "Đường 3 Tháng 2",
        "amenity": "university",
        "name": "Đại học Kinh tế TP.HCM - cơ sở C"
      },
      "geometry": {
        "type": "Polygon",
        "coordinates": [
          [
            [
              106.6773595,
              10.7732787
            ],
            [
              106.6775332,
              10.7730187
            ],
            [
              106.6777372,
              10.7731517
            ],
            [
              106.677679,
              10.773238
            ],
            [
              106.6776687,
              10.7732313
            ],
            [
              106.6775485,
              10.773407
            ],
            [
              106.6774503,
              10.7733384
            ],
            [
              106.6773595,
              10.7732787
            ]
          ]
        ]
      },
      "id": "way/1169320998"
    },
    {
      "type": "Feature",
      "properties": {
        "@id": "way/464019312",
        "addr:city": "Ho Chi Minh City",
        "addr:district": "Quan 1",
        "addr:housenumber": "125",
        "addr:street": "Cống Quỳnh",
        "addr:subdistrict": "Nguyễn cư Trinh",
        "amenity": "university",
        "name": "Trường Đại học Sân khấu - Điện ảnh Thành phố Hồ Chí Minh"
      },
      "geometry": {
        "type": "Polygon",
        "coordinates": [
          [
            [
              106.689767,
              10.7656915
            ],
            [
              106.6896354,
              10.7658753
            ],
            [
              106.6894965,
              10.7657882
            ],
            [
              106.6893774,
              10.7659418
            ],
            [
              106.6889395,
              10.765685
            ],
            [
              106.6891299,
              10.7653142
            ],
            [
              106.689266,
              10.7653965
            ],
            [
              106.6892794,
              10.7653734
            ],
            [
              106.6895528,
              10.765523
            ],
            [
              106.689539,
              10.7655592
            ],
            [
              106.689767,
              10.7656915
            ]
          ]
        ]
      },
      "id": "way/464019312"
    },
    {
      "type": "Feature",
      "properties": {
        "@id": "way/1153751307",
        "amenity": "university",
        "barrier": "wall",
        "education": "university"
      },
      "geometry": {
        "type": "Polygon",
        "coordinates": [
          [
            [
              106.6901031,
              10.7762281
            ],
            [
              106.6905406,
              10.7758332
            ],
            [
              106.6907742,
              10.7760829
            ],
            [
              106.6903367,
              10.7764779
            ],
            [
              106.6901031,
              10.7762281
            ]
          ]
        ]
      },
      "id": "way/1153751307"
    },
    {
      "type": "Feature",
      "properties": {
        "@id": "way/1059566394",
        "addr:city": "Ho Chi Minh City",
        "addr:district": "Xuân Hòa",
        "addr:housenumber": "105",
        "addr:street": "Bà Huyện Thanh Quan",
        "amenity": "university",
        "email": "daihocsaigon@sgu.edu.vn",
        "internet_access": "wlan",
        "internet_access:fee": "no",
        "name": "Trường Đại học Sài Gòn – cơ sở 1",
        "name:en": "Saigon University–Campus 1",
        "name:fr": "Université de Saïgon – campus 1",
        "name:vi": "Trường Đại học Sài Gòn – cơ sở 1",
        "operator": "Ủy ban nhân dân Thành phố Hồ Chí Minh",
        "operator:type": "government",
        "website": "https://www.sgu.edu.vn/"
      },
      "geometry": {
        "type": "Polygon",
        "coordinates": [
          [
            [
              106.68505,
              10.7794819
            ],
            [
              106.6848765,
              10.7795823
            ],
            [
              106.684769,
              10.7794179
            ],
            [
              106.6847153,
              10.7794503
            ],
            [
              106.68469,
              10.77941
            ],
            [
              106.684503,
              10.7795169
            ],
            [
              106.6843332,
              10.7793219
            ],
            [
              106.6841941,
              10.7794305
            ],
            [
              106.6840721,
              10.7793045
            ],
            [
              106.6839599,
              10.7794109
            ],
            [
              106.6837311,
              10.7791762
            ],
            [
              106.6835964,
              10.7792974
            ],
            [
              106.6832107,
              10.7788833
            ],
            [
              106.6835101,
              10.77872
            ],
            [
              106.6841417,
              10.7793028
            ],
            [
              106.6845059,
              10.7789624
            ],
            [
              106.68505,
              10.7794819
            ]
          ]
        ]
      },
      "id": "way/1059566394"
    },
    {
      "type": "Feature",
      "properties": {
        "@id": "way/1059566397",
        "addr:housenumber": "20",
        "addr:street": "Đường Ngô Thời Nhiệm",
        "amenity": "university",
        "name": "Trường Đại học Sài Gòn (cơ sở 3)"
      },
      "geometry": {
        "type": "Polygon",
        "coordinates": [
          [
            [
              106.6880578,
              10.7794406
            ],
            [
              106.6883931,
              10.7791192
            ],
            [
              106.6890422,
              10.7797779
            ],
            [
              106.6886063,
              10.7802111
            ],
            [
              106.6885862,
              10.7802311
            ],
            [
              106.6882522,
              10.7799276
            ],
            [
              106.6884112,
              10.779779
            ],
            [
              106.6880578,
              10.7794406
            ]
          ]
        ]
      },
      "id": "way/1059566397"
    },
    {
      "type": "Feature",
      "properties": {
        "@id": "way/1085954987",
        "addr:housenumber": "222",
        "addr:street": "Lê Văn Sỹ",
        "amenity": "university",
        "name": "Trường Đại học Sư phạm TP.HCM (cơ sở 2)"
      },
      "geometry": {
        "type": "Polygon",
        "coordinates": [
          [
            [
              106.6808769,
              10.7863204
            ],
            [
              106.6809338,
              10.786332
            ],
            [
              106.6810557,
              10.7863842
            ],
            [
              106.6810769,
              10.786372
            ],
            [
              106.6810855,
              10.7863667
            ],
            [
              106.6813142,
              10.786476
            ],
            [
              106.6812579,
              10.7865931
            ],
            [
              106.681374,
              10.786795
            ],
            [
              106.6810255,
              10.7873104
            ],
            [
              106.6805971,
              10.7865487
            ],
            [
              106.6807958,
              10.7864387
            ],
            [
              106.6807641,
              10.7863835
            ],
            [
              106.6808769,
              10.7863204
            ]
          ]
        ]
      },
      "id": "way/1085954987"
    },
    {
      "type": "Feature",
      "properties": {
        "@id": "way/1231083246",
        "amenity": "university",
        "name": "Trường Đại học Nghệ thuật Quân đội"
      },
      "geometry": {
        "type": "Polygon",
        "coordinates": [
          [
            [
              106.6562175,
              10.8022887
            ],
            [
              106.6562993,
              10.8022812
            ],
            [
              106.6566552,
              10.8022485
            ],
            [
              106.6568185,
              10.8022335
            ],
            [
              106.6568428,
              10.8024897
            ],
            [
              106.6562418,
              10.8025449
            ],
            [
              106.6562175,
              10.8022887
            ]
          ]
        ]
      },
      "id": "way/1231083246"
    },
    {
      "type": "Feature",
      "properties": {
        "@id": "way/1169321002",
        "addr:housenumber": "1A",
        "addr:street": "Hoàng Diệu",
        "amenity": "university",
        "name": "Đại học Kinh tế TP.HCM - Cơ sở H"
      },
      "geometry": {
        "type": "Polygon",
        "coordinates": [
          [
            [
              106.6724797,
              10.7962088
            ],
            [
              106.6721351,
              10.796218
            ],
            [
              106.6721342,
              10.7961845
            ],
            [
              106.6721298,
              10.7960203
            ],
            [
              106.6721064,
              10.7960209
            ],
            [
              106.6721051,
              10.7959725
            ],
            [
              106.6724173,
              10.7959644
            ],
            [
              106.6724771,
              10.7959637
            ],
            [
              106.6724797,
              10.7962088
            ]
          ]
        ]
      },
      "id": "way/1169321002"
    },
    {
      "type": "Feature",
      "properties": {
        "@id": "way/277755556",
        "addr:district": "Tân Bình",
        "addr:street": "Hẻm 236B Lê Văn Sỹ",
        "addr:subdistrict": "phường 1",
        "amenity": "university",
        "name": "Trường Đại học Tài nguyên và Môi trường TP.HCM"
      },
      "geometry": {
        "type": "Polygon",
        "coordinates": [
          [
            [
              106.6667853,
              10.7978244
            ],
            [
              106.6667094,
              10.7972246
            ],
            [
              106.666573,
              10.7972477
            ],
            [
              106.6664256,
              10.7964616
            ],
            [
              106.6668874,
              10.7963516
            ],
            [
              106.667052,
              10.7963367
            ],
            [
              106.6672764,
              10.7977415
            ],
            [
              106.6667853,
              10.7978244
            ]
          ]
        ]
      },
      "id": "way/277755556"
    },
    {
      "type": "Feature",
      "properties": {
        "@id": "way/1087513306",
        "amenity": "university",
        "name": "Học viện Hàng không Việt Nam"
      },
      "geometry": {
        "type": "Polygon",
        "coordinates": [
          [
            [
              106.6736201,
              10.7968904
            ],
            [
              106.6737341,
              10.7968192
            ],
            [
              106.6738266,
              10.7969628
            ],
            [
              106.6741109,
              10.7968205
            ],
            [
              106.6742692,
              10.7968904
            ],
            [
              106.6742739,
              10.7970089
            ],
            [
              106.6743329,
              10.7970089
            ],
            [
              106.6743141,
              10.7972197
            ],
            [
              106.6743115,
              10.7976518
            ],
            [
              106.6737589,
              10.7977019
            ],
            [
              106.6737589,
              10.7975411
            ],
            [
              106.6736201,
              10.7968904
            ]
          ]
        ]
      },
      "id": "way/1087513306"
    },
    {
      "type": "Feature",
      "properties": {
        "@id": "way/376483151",
        "addr:city": "Ho Chi Minh City",
        "addr:district": "Tân Bình",
        "addr:housenumber": "306",
        "addr:street": "Đường Nguyễn Trọng Tuyển",
        "addr:subdistrict": "Phường 1",
        "amenity": "university",
        "name": "Trường Đại học Tài chính - Maketing"
      },
      "geometry": {
        "type": "Polygon",
        "coordinates": [
          [
            [
              106.6684253,
              10.7984838
            ],
            [
              106.6682125,
              10.7985035
            ],
            [
              106.6681911,
              10.7982884
            ],
            [
              106.6683897,
              10.7982654
            ],
            [
              106.6684253,
              10.7984838
            ]
          ]
        ]
      },
      "id": "way/376483151"
    },
    {
      "type": "Feature",
      "properties": {
        "@id": "way/1057874326",
        "addr:housenumber": "185-187",
        "addr:street": "Hoàng Văn Thụ",
        "amenity": "university",
        "name": "Trường Đại học Gia Định"
      },
      "geometry": {
        "type": "Polygon",
        "coordinates": [
          [
            [
              106.6738416,
              10.7992215
            ],
            [
              106.6740495,
              10.799215
            ],
            [
              106.6740589,
              10.7995351
            ],
            [
              106.6738483,
              10.799543
            ],
            [
              106.6738416,
              10.7992215
            ]
          ]
        ]
      },
      "id": "way/1057874326"
    },
    {
      "type": "Feature",
      "properties": {
        "@id": "way/1169321000",
        "addr:housenumber": "196",
        "addr:street": "Đường Trần Quang Khải",
        "amenity": "university",
        "education": "university",
        "name": "Đại học Kinh tế TP.HCM - cơ sở D"
      },
      "geometry": {
        "type": "Polygon",
        "coordinates": [
          [
            [
              106.6882397,
              10.7919237
            ],
            [
              106.6882987,
              10.7917116
            ],
            [
              106.6885978,
              10.7917999
            ],
            [
              106.6885146,
              10.7920173
            ],
            [
              106.6882397,
              10.7919237
            ]
          ]
        ]
      },
      "id": "way/1169321000"
    },
    {
      "type": "Feature",
      "properties": {
        "@id": "way/125586360",
        "amenity": "university",
        "name": "Trường Đại học Tài chính - Marketing",
        "name:en": "University of Finance - Marketing"
      },
      "geometry": {
        "type": "Polygon",
        "coordinates": [
          [
            [
              106.6800131,
              10.8119142
            ],
            [
              106.6799373,
              10.8107513
            ],
            [
              106.6804542,
              10.8104369
            ],
            [
              106.6809378,
              10.8114121
            ],
            [
              106.680949,
              10.8114758
            ],
            [
              106.680897,
              10.8115401
            ],
            [
              106.6805414,
              10.811781
            ],
            [
              106.6804003,
              10.8118791
            ],
            [
              106.6800131,
              10.8119142
            ]
          ]
        ]
      },
      "id": "way/125586360"
    },
    {
      "type": "Feature",
      "properties": {
        "@id": "way/263506611",
        "addr:housenumber": "39",
        "addr:street": "Tôn Thất Ðạm",
        "amenity": "university",
        "building": "yes",
        "education": "university",
        "name": "Trường Đại học Ngân hàng TP.HCM"
      },
      "geometry": {
        "type": "Polygon",
        "coordinates": [
          [
            [
              106.7037777,
              10.7703147
            ],
            [
              106.7038616,
              10.7701223
            ],
            [
              106.7039057,
              10.7701146
            ],
            [
              106.7041184,
              10.7702044
            ],
            [
              106.704123,
              10.7701936
            ],
            [
              106.7043373,
              10.7702839
            ],
            [
              106.7042567,
              10.7704688
            ],
            [
              106.7040914,
              10.7703992
            ],
            [
              106.704074,
              10.7704393
            ],
            [
              106.7037777,
              10.7703147
            ]
          ]
        ]
      },
      "id": "way/263506611"
    },
    {
      "type": "Feature",
      "properties": {
        "@id": "way/1169331602",
        "addr:housenumber": "2",
        "addr:street": "Đường Nguyễn Tất Thành",
        "amenity": "university",
        "education": "university",
        "name": "Trường Đại học Luật TP.HCM"
      },
      "geometry": {
        "type": "Polygon",
        "coordinates": [
          [
            [
              106.7051376,
              10.7676952
            ],
            [
              106.7051945,
              10.7675537
            ],
            [
              106.7050691,
              10.7675006
            ],
            [
              106.7052664,
              10.7670669
            ],
            [
              106.7056638,
              10.7672433
            ],
            [
              106.7059095,
              10.7673589
            ],
            [
              106.7056342,
              10.7678842
            ],
            [
              106.7051376,
              10.7676952
            ]
          ]
        ]
      },
      "id": "way/1169331602"
    },
    {
      "type": "Feature",
      "properties": {
        "@id": "way/290222665",
        "addr:housenumber": "112",
        "addr:street": "Nguyễn Du",
        "amenity": "university",
        "name": "Nhạc viện TP.HCM",
        "name:en": "Ho Chi Minh City Conservatory of Music",
        "name:id": "Konservatori Musik Kota Ho Chi Minh",
        "name:vi": "Nhạc viện TP.HCM",
        "name:zh": "胡志明市音乐学院",
        "wikidata": "Q1377237"
      },
      "geometry": {
        "type": "Polygon",
        "coordinates": [
          [
            [
              106.6950633,
              10.7748067
            ],
            [
              106.6949739,
              10.7746847
            ],
            [
              106.6947266,
              10.7744859
            ],
            [
              106.6946656,
              10.7742601
            ],
            [
              106.6948614,
              10.7739782
            ],
            [
              106.6953858,
              10.7743537
            ],
            [
              106.6951739,
              10.7746791
            ],
            [
              106.6950633,
              10.7748067
            ]
          ]
        ]
      },
      "id": "way/290222665"
    },
    {
      "type": "Feature",
      "properties": {
        "@id": "way/186545014",
        "addr:housenumber": "196",
        "addr:street": "Đường Pasteur",
        "amenity": "university",
        "education": "university",
        "name": "Trường Đại học Kiến trúc TP.HCM",
        "wikidata": "Q3037890",
        "wikimedia_commons": "Category:Ho Chi Minh City University of Architecture",
        "wikipedia": "vi:Trường Đại học Kiến trúc Thành phố Hồ Chí Minh"
      },
      "geometry": {
        "type": "Polygon",
        "coordinates": [
          [
            [
              106.6944325,
              10.7829158
            ],
            [
              106.693963,
              10.7824317
            ],
            [
              106.6944916,
              10.7819461
            ],
            [
              106.6945675,
              10.7820249
            ],
            [
              106.6949168,
              10.782402
            ],
            [
              106.6947427,
              10.7825659
            ],
            [
              106.6947749,
              10.7825994
            ],
            [
              106.6947461,
              10.7826295
            ],
            [
              106.6944325,
              10.7829158
            ]
          ]
        ]
      },
      "id": "way/186545014"
    },
    {
      "type": "Feature",
      "properties": {
        "@id": "way/263170654",
        "addr:street": "Nguyễn Ðình Chiểu",
        "amenity": "university",
        "education": "university",
        "name": "Đại học Kinh tế TP.HCM - Cơ sở A",
        "name:en": "University of Economics Ho Chi Minh City - Campus A",
        "name:id": "Universitas Ekonomi Kota Ho Chi Minh",
        "name:vi": "Trường Đại học Kinh tế TP.HCM - cơ sở A",
        "name:vi-Hani": "大學經濟城埔胡志明-基所A",
        "name:zh": "胡志明市经济大学",
        "official_name": "Trường Đại học Kinh tế Thành phố Hồ Chí Minh",
        "official_name:vi": "Trường Đại học Kinh tế Thành phố Hồ Chí Minh",
        "service": "59C",
        "short_name": "ĐHKT",
        "short_name:en": "UEH",
        "short_name:vi": "ĐHKT",
        "wikidata": "Q2562140",
        "wikimedia_commons": "Category:University of Economics Ho Chi Minh City",
        "wikipedia": "vi:Trường Đại học Kinh tế Thành phố Hồ Chí Minh"
      },
      "geometry": {
        "type": "Polygon",
        "coordinates": [
          [
            [
              106.6944325,
              10.7829158
            ],
            [
              106.6947461,
              10.7826295
            ],
            [
              106.6951082,
              10.7829772
            ],
            [
              106.6951708,
              10.7829193
            ],
            [
              106.6952972,
              10.783051
            ],
            [
              106.6953108,
              10.7830715
            ],
            [
              106.6949022,
              10.7834224
            ],
            [
              106.6944325,
              10.7829158
            ]
          ]
        ]
      },
      "id": "way/263170654"
    },
    {
      "type": "Feature",
      "properties": {
        "@id": "way/165420599",
        "addr:housenumber": "10-12",
        "addr:street": "Đinh Tiên Hoàng",
        "amenity": "university",
        "barrier": "fence",
        "education": "university",
        "int_name": "Ho Chi Minh City University of Social Sciences and Humanities",
        "layer": "1",
        "name": "Trường Đại học Khoa học xã hội và Nhân văn",
        "name:en": "University of Social Sciences and Humanities - HCMC",
        "name:ja": "ホーチミン市人文社会科学大学",
        "name:vi-Hani": "大學科學社會吧人文",
        "name:zh": "胡志明市社会科学与人文大学",
        "official_name": "Trường Đại học Khoa học Xã hội và Nhân văn - ĐHQG TP.HCM - cơ sở 1",
        "official_name:en": "University of Social Sciences and Humanities - VNUHCM - Campus 1",
        "old_name": "Đại học Văn Khoa Sài Gòn",
        "old_name:en": "Faculty of Letters",
        "short_name": "ĐH KHXH&NV",
        "short_name:en": "HCMUSSH"
      },
      "geometry": {
        "type": "Polygon",
        "coordinates": [
          [
            [
              106.7024305,
              10.7860004
            ],
            [
              106.7029193,
              10.7855555
            ],
            [
              106.7029695,
              10.7855098
            ],
            [
              106.7029413,
              10.7854797
            ],
            [
              106.7030506,
              10.7853809
            ],
            [
              106.7034091,
              10.7857634
            ],
            [
              106.7034642,
              10.7858213
            ],
            [
              106.7039257,
              10.7863063
            ],
            [
              106.7037094,
              10.7864977
            ],
            [
              106.7036037,
              10.7865919
            ],
            [
              106.7035928,
              10.7866007
            ],
            [
              106.703506,
              10.7866712
            ],
            [
              106.7032827,
              10.7864504
            ],
            [
              106.7032335,
              10.7864977
            ],
            [
              106.7030641,
              10.7866587
            ],
            [
              106.7030565,
              10.7866666
            ],
            [
              106.7024687,
              10.7860454
            ],
            [
              106.7024305,
              10.7860004
            ]
          ]
        ]
      },
      "id": "way/165420599"
    },
    {
      "type": "Feature",
      "properties": {
        "@id": "way/165420602",
        "addr:housenumber": "41",
        "addr:street": "Tôn Đức Thắng",
        "amenity": "university",
        "education": "university",
        "int_name": "Faculty of Pharmacy",
        "name": "Khoa Dược - Trường Đại học Y Dược TP.HCM",
        "name:en": "Faculty of Pharmacy - Ho Chi Minh City Medicine and Pharmacy University",
        "name:id": "Fakultas Farmasi",
        "name:ja": "ホーチミン医科薬科大学（薬学部）",
        "name:vi": "Khoa Dược - ĐH Y Dược TP.Hồ Chí Minh",
        "name:zh": "胡志明市医药大学药科",
        "short_name": "UPHCM",
        "short_name:en": "UPHCM"
      },
      "geometry": {
        "type": "Polygon",
        "coordinates": [
          [
            [
              106.7022297,
              10.7857616
            ],
            [
              106.7014213,
              10.7849001
            ],
            [
              106.7012041,
              10.7846686
            ],
            [
              106.7018391,
              10.7840872
            ],
            [
              106.70249,
              10.7847831
            ],
            [
              106.7029317,
              10.785246
            ],
            [
              106.7028053,
              10.7853607
            ],
            [
              106.7024952,
              10.785651
            ],
            [
              106.7024344,
              10.7855821
            ],
            [
              106.7022297,
              10.7857616
            ]
          ]
        ]
      },
      "id": "way/165420602"
    },
    {
      "type": "Feature",
      "properties": {
        "@id": "way/193085693",
        "amenity": "university",
        "education": "university",
        "faculty": "Kindergarten Education",
        "name": "Đại học Sài Gòn (cơ sở 2)",
        "name:en": "Sai Gon University (the second campus)",
        "name:ja": "サイゴン大学 （第二キャンパス）"
      },
      "geometry": {
        "type": "Polygon",
        "coordinates": [
          [
            [
              106.7067062,
              10.7839028
            ],
            [
              106.7060981,
              10.7832995
            ],
            [
              106.7060714,
              10.7832708
            ],
            [
              106.7057765,
              10.7829727
            ],
            [
              106.705887,
              10.7828678
            ],
            [
              106.7060781,
              10.7826945
            ],
            [
              106.7060997,
              10.7826746
            ],
            [
              106.7061463,
              10.7826664
            ],
            [
              106.7061928,
              10.7827014
            ],
            [
              106.70666,
              10.7832408
            ],
            [
              106.7070006,
              10.7836341
            ],
            [
              106.7069589,
              10.7836711
            ],
            [
              106.706814,
              10.7837998
            ],
            [
              106.7067062,
              10.7839028
            ]
          ]
        ]
      },
      "id": "way/193085693"
    },
    {
      "type": "Feature",
      "properties": {
        "@id": "way/39622432",
        "addr:district": "Bình Thạnh",
        "addr:housenumber": "5",
        "addr:province": "Hồ Chí Minh",
        "addr:street": "Phan Đăng Lưu",
        "addr:subdistrict": "Phường 3",
        "amenity": "university",
        "education": "university",
        "name": "Trường Đại học Mỹ thuật TP.HCM"
      },
      "geometry": {
        "type": "Polygon",
        "coordinates": [
          [
            [
              106.6947013,
              10.8024029
            ],
            [
              106.6954132,
              10.8023219
            ],
            [
              106.6954527,
              10.8026567
            ],
            [
              106.6944237,
              10.8027739
            ],
            [
              106.6943244,
              10.8019328
            ],
            [
              106.6946417,
              10.8018967
            ],
            [
              106.6947013,
              10.8024029
            ]
          ]
        ]
      },
      "id": "way/39622432"
    },
    {
      "type": "Feature",
      "properties": {
        "@id": "way/192512338",
        "addr:housenumber": "98",
        "addr:street": "Ngô Tất Tố",
        "amenity": "university",
        "education": "university",
        "name": "Đại học Tôn Đức Thắng"
      },
      "geometry": {
        "type": "Polygon",
        "coordinates": [
          [
            [
              106.7112514,
              10.7928427
            ],
            [
              106.7110546,
              10.7921279
            ],
            [
              106.7113907,
              10.7920378
            ],
            [
              106.7115695,
              10.7927556
            ],
            [
              106.7112514,
              10.7928427
            ]
          ]
        ]
      },
      "id": "way/192512338"
    },
    {
      "type": "Feature",
      "properties": {
        "@id": "way/263311738",
        "addr:housenumber": "2",
        "addr:street": "Trường Sa",
        "amenity": "university",
        "building": "yes",
        "education": "university",
        "name": "Đại học Thuỷ Lợi - Cơ sở 2"
      },
      "geometry": {
        "type": "Polygon",
        "coordinates": [
          [
            [
              106.7063192,
              10.7930464
            ],
            [
              106.7062531,
              10.7929665
            ],
            [
              106.7065836,
              10.7926884
            ],
            [
              106.7064938,
              10.7925885
            ],
            [
              106.7066125,
              10.7924803
            ],
            [
              106.7067599,
              10.7926451
            ],
            [
              106.7067447,
              10.7926584
            ],
            [
              106.7067752,
              10.7926934
            ],
            [
              106.706687,
              10.7927733
            ],
            [
              106.7066701,
              10.7927534
            ],
            [
              106.7063192,
              10.7930464
            ]
          ]
        ]
      },
      "id": "way/263311738"
    },
    {
      "type": "Feature",
      "properties": {
        "@id": "way/1085965818",
        "amenity": "university",
        "education": "university",
        "name": "Trường Đại học Thuỷ Lợi - Cơ sở 2"
      },
      "geometry": {
        "type": "Polygon",
        "coordinates": [
          [
            [
              106.705928,
              10.7925781
            ],
            [
              106.7061886,
              10.7924739
            ],
            [
              106.7062499,
              10.7924242
            ],
            [
              106.7064305,
              10.7926219
            ],
            [
              106.7065896,
              10.7924502
            ],
            [
              106.7068109,
              10.7926818
            ],
            [
              106.706301,
              10.79312
            ],
            [
              106.7062025,
              10.7930737
            ],
            [
              106.7059745,
              10.7928095
            ],
            [
              106.705928,
              10.7925781
            ]
          ]
        ]
      },
      "id": "way/1085965818"
    },
    {
      "type": "Feature",
      "properties": {
        "@id": "way/537669583",
        "addr:city": "Thành phố Hồ Chí Minh",
        "addr:district": "Quận Bình Thạnh",
        "addr:housenumber": "276",
        "addr:postcode": "700000",
        "addr:street": "Đường Điện Biên Phủ",
        "addr:subdistrict": "Phường 17",
        "amenity": "university",
        "building:levels": "16",
        "education": "university",
        "ele": "15",
        "name": "UEF - Đại học Kinh Tế Tài Chính"
      },
      "geometry": {
        "type": "Polygon",
        "coordinates": [
          [
            [
              106.7065399,
              10.7991802
            ],
            [
              106.7066901,
              10.7989589
            ],
            [
              106.7068564,
              10.7986744
            ],
            [
              106.7070281,
              10.7988535
            ],
            [
              106.7066955,
              10.7993067
            ],
            [
              106.7065399,
              10.7991802
            ]
          ]
        ]
      },
      "id": "way/537669583"
    },
    {
      "type": "Feature",
      "properties": {
        "@id": "way/192512382",
        "addr:housenumber": "475",
        "addr:street": "Điện Biên Phủ",
        "amenity": "university",
        "education": "university",
        "name": "Trường Đại học Công nghệ TP.HCM",
        "name:en": "HCMC University of Technology"
      },
      "geometry": {
        "type": "Polygon",
        "coordinates": [
          [
            [
              106.7147246,
              10.802703
            ],
            [
              106.714392,
              10.8027848
            ],
            [
              106.7143278,
              10.8024596
            ],
            [
              106.7144968,
              10.8024393
            ],
            [
              106.7144191,
              10.8020712
            ],
            [
              106.7142047,
              10.8021006
            ],
            [
              106.7141066,
              10.8016029
            ],
            [
              106.7143146,
              10.8015462
            ],
            [
              106.7143581,
              10.8017106
            ],
            [
              106.7143844,
              10.8018147
            ],
            [
              106.7145933,
              10.8017615
            ],
            [
              106.7146361,
              10.8017545
            ],
            [
              106.7147072,
              10.8020141
            ],
            [
              106.7148907,
              10.8019609
            ],
            [
              106.7148503,
              10.8018168
            ],
            [
              106.7150198,
              10.8017693
            ],
            [
              106.7150402,
              10.8018531
            ],
            [
              106.7151389,
              10.8018216
            ],
            [
              106.7153294,
              10.8024181
            ],
            [
              106.7152141,
              10.8024676
            ],
            [
              106.7151237,
              10.8025416
            ],
            [
              106.7151289,
              10.8025675
            ],
            [
              106.7147246,
              10.802703
            ]
          ]
        ]
      },
      "id": "way/192512382"
    },
    {
      "type": "Feature",
      "properties": {
        "@id": "way/289042058",
        "addr:city": "Ho Chi Minh City",
        "addr:district": "Bình Thạnh",
        "addr:housenumber": "324",
        "addr:street": "Chu Văn An",
        "addr:subdistrict": "12",
        "amenity": "university",
        "barrier": "fence",
        "education": "university",
        "name": "Học viện Cán bộ Thành phố Hồ Chí Minh",
        "office": "educational_institution",
        "opening_hours": "Mo-Sa 08:00-20:00",
        "phone": "+84 28 2243 7830",
        "website": "http://hocviencanbo.hochiminhcity.gov.vn/web/guest/home"
      },
      "geometry": {
        "type": "Polygon",
        "coordinates": [
          [
            [
              106.7010562,
              10.8133892
            ],
            [
              106.7011068,
              10.8125649
            ],
            [
              106.7011828,
              10.8124979
            ],
            [
              106.7011808,
              10.8122359
            ],
            [
              106.7011302,
              10.8121651
            ],
            [
              106.7011361,
              10.8119681
            ],
            [
              106.7012159,
              10.8117367
            ],
            [
              106.7014106,
              10.811423
            ],
            [
              106.7014885,
              10.8114268
            ],
            [
              106.7018098,
              10.8112184
            ],
            [
              106.7018254,
              10.8111418
            ],
            [
              106.7019325,
              10.8111151
            ],
            [
              106.7021545,
              10.8110864
            ],
            [
              106.7025478,
              10.8110902
            ],
            [
              106.7025829,
              10.8111476
            ],
            [
              106.702836,
              10.8111667
            ],
            [
              106.7028847,
              10.8111246
            ],
            [
              106.7029957,
              10.8111591
            ],
            [
              106.7031008,
              10.811291
            ],
            [
              106.7035292,
              10.8114479
            ],
            [
              106.7035954,
              10.8115492
            ],
            [
              106.7036363,
              10.8117979
            ],
            [
              106.7036519,
              10.8119777
            ],
            [
              106.7036052,
              10.8120102
            ],
            [
              106.7036577,
              10.8124501
            ],
            [
              106.7037045,
              10.8124769
            ],
            [
              106.7037843,
              10.8132668
            ],
            [
              106.703722,
              10.8133452
            ],
            [
              106.703317,
              10.8134485
            ],
            [
              106.7032566,
              10.8134198
            ],
            [
              106.702984,
              10.8134887
            ],
            [
              106.7029665,
              10.8135422
            ],
            [
              106.7026568,
              10.8136015
            ],
            [
              106.7022635,
              10.8136207
            ],
            [
              106.7022207,
              10.8135709
            ],
            [
              106.7011361,
              10.8135595
            ],
            [
              106.7010776,
              10.8135136
            ],
            [
              106.7010562,
              10.8133892
            ]
          ]
        ]
      },
      "id": "way/289042058"
    },
    {
      "type": "Feature",
      "properties": {
        "@id": "way/226185751",
        "addr:city": "Ho Chi Minh City",
        "addr:district": "Bình Thạnh",
        "addr:housenumber": "2",
        "addr:postcode": "700000",
        "addr:street": "Võ Oanh",
        "addr:subdistrict": "25",
        "amenity": "university",
        "education": "university",
        "name": "Trường Đại học Giao thông Vận tải TP.HCM",
        "website": "https://ut.edu.vn"
      },
      "geometry": {
        "type": "Polygon",
        "coordinates": [
          [
            [
              106.7162643,
              10.8055006
            ],
            [
              106.7161916,
              10.8043523
            ],
            [
              106.7172092,
              10.8042003
            ],
            [
              106.7173718,
              10.8053446
            ],
            [
              106.7169243,
              10.8054182
            ],
            [
              106.7169491,
              10.805568
            ],
            [
              106.7167687,
              10.8055979
            ],
            [
              106.7167403,
              10.8054192
            ],
            [
              106.7162643,
              10.8055006
            ]
          ]
        ]
      },
      "id": "way/226185751"
    },
    {
      "type": "Feature",
      "properties": {
        "@id": "way/318679201",
        "addr:housenumber": "25",
        "addr:street": "Đường D5",
        "amenity": "university",
        "education": "university",
        "name": "Đại học Ngoại thương TP.HCM",
        "name:en": "Foreign Trade University HCMC",
        "opening_hours": "Mo-Su 06:00-21:00"
      },
      "geometry": {
        "type": "Polygon",
        "coordinates": [
          [
            [
              106.713501,
              10.8069865
            ],
            [
              106.7131288,
              10.8070048
            ],
            [
              106.7131156,
              10.8070753
            ],
            [
              106.7126128,
              10.8070908
            ],
            [
              106.712603,
              10.8067229
            ],
            [
              106.7134791,
              10.8065001
            ],
            [
              106.713501,
              10.8069865
            ]
          ]
        ]
      },
      "id": "way/318679201"
    },
    {
      "type": "Feature",
      "properties": {
        "@id": "way/1057874323",
        "addr:housenumber": "36",
        "addr:street": "Hẻm 31 Ung Văn Khiêm",
        "amenity": "university",
        "education": "university",
        "name": "Trường Đại học Công nghệ TP.HCM (cơ sở Ung Văn Khiêm)"
      },
      "geometry": {
        "type": "Polygon",
        "coordinates": [
          [
            [
              106.7149365,
              10.8098468
            ],
            [
              106.7147836,
              10.8097644
            ],
            [
              106.7150518,
              10.8092882
            ],
            [
              106.7149579,
              10.8092434
            ],
            [
              106.7150169,
              10.8091236
            ],
            [
              106.7152919,
              10.8092593
            ],
            [
              106.7149365,
              10.8098468
            ]
          ]
        ]
      },
      "id": "way/1057874323"
    },
    {
      "type": "Feature",
      "properties": {
        "@id": "way/1023330892",
        "addr:housenumber": "51",
        "addr:street": "Đường Quốc Hương",
        "amenity": "university",
        "name": "Trường Đại học Văn hóa TP.HCM",
        "name:en": "Ho Chi Minh City University of Culture",
        "wikidata": "Q5873981",
        "wikipedia": "vi:Trường Đại học Văn hóa Thành phố Hồ Chí Minh"
      },
      "geometry": {
        "type": "Polygon",
        "coordinates": [
          [
            [
              106.7306235,
              10.8049184
            ],
            [
              106.7313291,
              10.805177
            ],
            [
              106.7310482,
              10.8058929
            ],
            [
              106.7303636,
              10.8056319
            ],
            [
              106.7306235,
              10.8049184
            ]
          ]
        ]
      },
      "id": "way/1023330892"
    },
    {
      "type": "Feature",
      "properties": {
        "@id": "way/1046738759",
        "amenity": "university",
        "name": "Trường Cao Đằng Viễn Đông"
      },
      "geometry": {
        "type": "Polygon",
        "coordinates": [
          [
            [
              106.6279554,
              10.8521904
            ],
            [
              106.6279103,
              10.8513195
            ],
            [
              106.6280826,
              10.8512846
            ],
            [
              106.6282591,
              10.851254
            ],
            [
              106.6283153,
              10.8521598
            ],
            [
              106.6282329,
              10.8521623
            ],
            [
              106.6281344,
              10.8521679
            ],
            [
              106.6280382,
              10.8521782
            ],
            [
              106.6279554,
              10.8521904
            ]
          ]
        ]
      },
      "id": "way/1046738759"
    },
    {
      "type": "Feature",
      "properties": {
        "@id": "way/220687237",
        "amenity": "university",
        "name": "Đại Học Hoa Sen - Cơ Sở Quang Trung 2"
      },
      "geometry": {
        "type": "Polygon",
        "coordinates": [
          [
            [
              106.6249859,
              10.8572777
            ],
            [
              106.6246222,
              10.856861
            ],
            [
              106.6250589,
              10.8563735
            ],
            [
              106.625118,
              10.8564075
            ],
            [
              106.6251868,
              10.8564362
            ],
            [
              106.6252577,
              10.856455
            ],
            [
              106.6253307,
              10.8564631
            ],
            [
              106.6256649,
              10.8564647
            ],
            [
              106.6257111,
              10.8564994
            ],
            [
              106.6257036,
              10.8572468
            ],
            [
              106.6249859,
              10.8572777
            ]
          ]
        ]
      },
      "id": "way/220687237"
    },
    {
      "type": "Feature",
      "properties": {
        "@id": "way/516639172",
        "addr:housenumber": "1018",
        "addr:street": "Đường Tô Ký",
        "amenity": "university",
        "name": "Trường Đại học Lao động - Xã hội (cơ sở 2)",
        "wikidata": "Q10829086",
        "wikipedia": "vi:Trường Đại học Lao động - Xã hội cơ sở 2, Thành phố Hồ Chí Minh"
      },
      "geometry": {
        "type": "Polygon",
        "coordinates": [
          [
            [
              106.6161583,
              10.8657839
            ],
            [
              106.6188391,
              10.8665384
            ],
            [
              106.6185648,
              10.8673614
            ],
            [
              106.6174967,
              10.867068
            ],
            [
              106.6175792,
              10.8668043
            ],
            [
              106.617552,
              10.8667202
            ],
            [
              106.6160692,
              10.8663244
            ],
            [
              106.6160885,
              10.8662736
            ],
            [
              106.6159821,
              10.8662459
            ],
            [
              106.6161583,
              10.8657839
            ]
          ]
        ]
      },
      "id": "way/516639172"
    },
    {
      "type": "Feature",
      "properties": {
        "@id": "way/516639174",
        "addr:housenumber": "70",
        "addr:street": "Đường Tô Ký",
        "amenity": "university",
        "name": "Trường Đại học Giao thông Vận tải TP.HCM - Cơ sở 3"
      },
      "geometry": {
        "type": "Polygon",
        "coordinates": [
          [
            [
              106.6193522,
              10.8653794
            ],
            [
              106.6189912,
              10.8663561
            ],
            [
              106.6181029,
              10.8661059
            ],
            [
              106.6183931,
              10.8650944
            ],
            [
              106.6193522,
              10.8653794
            ]
          ]
        ]
      },
      "id": "way/516639174"
    },
    {
      "type": "Feature",
      "properties": {
        "@id": "way/209300637",
        "amenity": "university",
        "name": "Trường Cao đẳng Hoa Sen",
        "name:en": "Hoa Sen College"
      },
      "geometry": {
        "type": "Polygon",
        "coordinates": [
          [
            [
              106.6298874,
              10.8565663
            ],
            [
              106.6303186,
              10.8565699
            ],
            [
              106.6303166,
              10.856698
            ],
            [
              106.630307,
              10.8573132
            ],
            [
              106.6299944,
              10.8572943
            ],
            [
              106.6299671,
              10.857288
            ],
            [
              106.6299433,
              10.8572748
            ],
            [
              106.6299263,
              10.8572551
            ],
            [
              106.6299164,
              10.8572289
            ],
            [
              106.6298345,
              10.856622
            ],
            [
              106.629836,
              10.8565996
            ],
            [
              106.6298485,
              10.8565808
            ],
            [
              106.6298675,
              10.8565701
            ],
            [
              106.6298874,
              10.8565663
            ]
          ]
        ]
      },
      "id": "way/209300637"
    },
    {
      "type": "Feature",
      "properties": {
        "@id": "way/1057874333",
        "amenity": "university",
        "name": "Trường Đại học Gia Định (cơ sở Nguyễn Kiệm)"
      },
      "geometry": {
        "type": "Polygon",
        "coordinates": [
          [
            [
              106.6773279,
              10.8172469
            ],
            [
              106.6774481,
              10.817232
            ],
            [
              106.6776749,
              10.8172046
            ],
            [
              106.67775,
              10.8172388
            ],
            [
              106.6776427,
              10.817526
            ],
            [
              106.6775971,
              10.8175233
            ],
            [
              106.677589,
              10.8174865
            ],
            [
              106.6773637,
              10.8175207
            ],
            [
              106.6773601,
              10.8174978
            ],
            [
              106.6773279,
              10.8172469
            ]
          ]
        ]
      },
      "id": "way/1057874333"
    },
    {
      "type": "Feature",
      "properties": {
        "@id": "way/326052098",
        "addr:housenumber": "12",
        "addr:street": "Nguyễn Văn Bảo",
        "amenity": "university",
        "name": "Trường Đại học Công nghiệp TP.HCM"
      },
      "geometry": {
        "type": "Polygon",
        "coordinates": [
          [
            [
              106.6882481,
              10.8224271
            ],
            [
              106.6879567,
              10.8226211
            ],
            [
              106.6877274,
              10.8227738
            ],
            [
              106.6876608,
              10.822825
            ],
            [
              106.687611,
              10.8228559
            ],
            [
              106.6871095,
              10.8226284
            ],
            [
              106.6870531,
              10.8227497
            ],
            [
              106.6866106,
              10.8225444
            ],
            [
              106.6867745,
              10.8222228
            ],
            [
              106.6871722,
              10.8213341
            ],
            [
              106.6872876,
              10.8211117
            ],
            [
              106.6876614,
              10.8214305
            ],
            [
              106.6876303,
              10.8214664
            ],
            [
              106.6877407,
              10.8215674
            ],
            [
              106.6877159,
              10.8215911
            ],
            [
              106.6879471,
              10.8218221
            ],
            [
              106.6882923,
              10.8219832
            ],
            [
              106.6882567,
              10.8220655
            ],
            [
              106.6883714,
              10.8221267
            ],
            [
              106.6882481,
              10.8224271
            ]
          ]
        ]
      },
      "id": "way/326052098"
    },
    {
      "type": "Feature",
      "properties": {
        "@id": "way/377269812",
        "addr:housenumber": "17",
        "addr:street": "Lê Đức Thọ",
        "amenity": "university",
        "name": "Phân hiệu Trường Đại học Nội vụ Hà Nội tại TP.HCM",
        "phone": "+84 8 3894 3717",
        "website": "https://truongvtlt.edu.vn/"
      },
      "geometry": {
        "type": "Polygon",
        "coordinates": [
          [
            [
              106.67997,
              10.8373232
            ],
            [
              106.6800607,
              10.8365672
            ],
            [
              106.6798991,
              10.836564
            ],
            [
              106.6798992,
              10.8359654
            ],
            [
              106.6800015,
              10.836
            ],
            [
              106.6807884,
              10.8362746
            ],
            [
              106.6807414,
              10.8364721
            ],
            [
              106.6808549,
              10.8365053
            ],
            [
              106.6808349,
              10.8367504
            ],
            [
              106.6805689,
              10.8374906
            ],
            [
              106.6803087,
              10.837382
            ],
            [
              106.67997,
              10.8373232
            ]
          ]
        ]
      },
      "id": "way/377269812"
    },
    {
      "type": "Feature",
      "properties": {
        "@id": "way/493157641",
        "amenity": "university",
        "education": "university",
        "name": "Trường Đại học Văn Lang"
      },
      "geometry": {
        "type": "Polygon",
        "coordinates": [
          [
            [
              106.6993797,
              10.8289724
            ],
            [
              106.6979071,
              10.8287642
            ],
            [
              106.6985536,
              10.8269043
            ],
            [
              106.6981137,
              10.8267752
            ],
            [
              106.6983283,
              10.8260876
            ],
            [
              106.698178,
              10.8259981
            ],
            [
              106.6986126,
              10.8249232
            ],
            [
              106.6986846,
              10.8247563
            ],
            [
              106.6988554,
              10.8251797
            ],
            [
              106.6988974,
              10.8254676
            ],
            [
              106.6990214,
              10.8256652
            ],
            [
              106.699245,
              10.8259448
            ],
            [
              106.6995254,
              10.8262256
            ],
            [
              106.6998307,
              10.826465
            ],
            [
              106.7002817,
              10.8267633
            ],
            [
              106.700718,
              10.8270239
            ],
            [
              106.7008747,
              10.8271491
            ],
            [
              106.7009271,
              10.8272156
            ],
            [
              106.700918,
              10.8272785
            ],
            [
              106.7008671,
              10.8273603
            ],
            [
              106.700794,
              10.8276019
            ],
            [
              106.7007188,
              10.8279154
            ],
            [
              106.7007566,
              10.8281288
            ],
            [
              106.7005927,
              10.8281849
            ],
            [
              106.700485,
              10.8282328
            ],
            [
              106.7003529,
              10.8282707
            ],
            [
              106.7002146,
              10.8282987
            ],
            [
              106.7001008,
              10.8283227
            ],
            [
              106.6999382,
              10.8283426
            ],
            [
              106.699678,
              10.8283905
            ],
            [
              106.6996284,
              10.8284483
            ],
            [
              106.6994585,
              10.8284904
            ],
            [
              106.6994198,
              10.8285982
            ],
            [
              106.6994198,
              10.8286601
            ],
            [
              106.6994259,
              10.8287379
            ],
            [
              106.699452,
              10.8288185
            ],
            [
              106.6995273,
              10.8289794
            ],
            [
              106.6993797,
              10.8289724
            ]
          ]
        ]
      },
      "id": "way/493157641"
    },
    {
      "type": "Feature",
      "properties": {
        "@id": "way/325249009",
        "addr:housenumber": "123",
        "addr:street": "Quốc lộ 13",
        "amenity": "university",
        "name": "Trường Đại học Luật TP.HCM (cơ sở 2)"
      },
      "geometry": {
        "type": "Polygon",
        "coordinates": [
          [
            [
              106.7134207,
              10.8302527
            ],
            [
              106.7134655,
              10.8295473
            ],
            [
              106.7140541,
              10.8295862
            ],
            [
              106.7140426,
              10.8299123
            ],
            [
              106.7140289,
              10.8303005
            ],
            [
              106.7134207,
              10.8302527
            ]
          ]
        ]
      },
      "id": "way/325249009"
    },
    {
      "type": "Feature",
      "properties": {
        "@id": "way/1085944223",
        "amenity": "university",
        "name": "Trường Đại học Nguyễn Tất Thành (cơ sở Quận 12))"
      },
      "geometry": {
        "type": "Polygon",
        "coordinates": [
          [
            [
              106.6941994,
              10.8603667
            ],
            [
              106.6945333,
              10.8590896
            ],
            [
              106.6951283,
              10.8592191
            ],
            [
              106.6947918,
              10.860335
            ],
            [
              106.6941994,
              10.8603667
            ]
          ]
        ]
      },
      "id": "way/1085944223"
    },
    {
      "type": "Feature",
      "properties": {
        "@id": "way/402881896",
        "amenity": "university",
        "name": "Trường Đại học Văn hoá TP.HCM - cơ sở 2"
      },
      "geometry": {
        "type": "Polygon",
        "coordinates": [
          [
            [
              106.7702054,
              10.8229934
            ],
            [
              106.77007,
              10.8227879
            ],
            [
              106.7700526,
              10.8226338
            ],
            [
              106.7700311,
              10.8225429
            ],
            [
              106.7699506,
              10.8224718
            ],
            [
              106.769952,
              10.8214839
            ],
            [
              106.7699198,
              10.8213087
            ],
            [
              106.7698675,
              10.8210017
            ],
            [
              106.7705025,
              10.8209044
            ],
            [
              106.7710679,
              10.8216319
            ],
            [
              106.7708532,
              10.8218184
            ],
            [
              106.7710061,
              10.8221583
            ],
            [
              106.7706762,
              10.8223243
            ],
            [
              106.7703811,
              10.8228696
            ],
            [
              106.7703382,
              10.8229118
            ],
            [
              106.7702054,
              10.8229934
            ]
          ]
        ]
      },
      "id": "way/402881896"
    },
    {
      "type": "Feature",
      "properties": {
        "@id": "way/737440143",
        "addr:housenumber": "48",
        "addr:street": "Đặng Văn Bi",
        "amenity": "university",
        "name": "Trường Đại học Kiến trúc TPHCM - Cơ sở Thủ Đức"
      },
      "geometry": {
        "type": "Polygon",
        "coordinates": [
          [
            [
              106.7643996,
              10.8415786
            ],
            [
              106.7648724,
              10.8424386
            ],
            [
              106.7645948,
              10.8425921
            ],
            [
              106.7641388,
              10.8417392
            ],
            [
              106.7643996,
              10.8415786
            ]
          ]
        ]
      },
      "id": "way/737440143"
    },
    {
      "type": "Feature",
      "properties": {
        "@id": "way/507538772",
        "addr:city": "Thành phố Hồ Chí Minh",
        "addr:street": "448",
        "amenity": "university",
        "name": "Ký túc xá Phân hiệu Trường Đại học Giao thông Vận tải tại TPHCM",
        "operator": "Bộ Giáo dục và Đào tạo",
        "operator:type": "government"
      },
      "geometry": {
        "type": "Polygon",
        "coordinates": [
          [
            [
              106.7982264,
              10.844937
            ],
            [
              106.7955228,
              10.8441967
            ],
            [
              106.7954155,
              10.8442573
            ],
            [
              106.7946759,
              10.8441148
            ],
            [
              106.794641,
              10.84407
            ],
            [
              106.794641,
              10.8440252
            ],
            [
              106.7951211,
              10.8424472
            ],
            [
              106.7951721,
              10.8423313
            ],
            [
              106.7953303,
              10.8422154
            ],
            [
              106.79562,
              10.8425131
            ],
            [
              106.7960787,
              10.8420047
            ],
            [
              106.7956844,
              10.8416727
            ],
            [
              106.7961833,
              10.8412275
            ],
            [
              106.7958882,
              10.8409667
            ],
            [
              106.7960304,
              10.8408587
            ],
            [
              106.7958534,
              10.8406269
            ],
            [
              106.7960733,
              10.8404583
            ],
            [
              106.796194,
              10.8407323
            ],
            [
              106.7963576,
              10.8406032
            ],
            [
              106.7965588,
              10.8410958
            ],
            [
              106.7966071,
              10.8412934
            ],
            [
              106.7967251,
              10.8414383
            ],
            [
              106.7981225,
              10.8437223
            ],
            [
              106.7983659,
              10.844966
            ],
            [
              106.7982264,
              10.844937
            ]
          ]
        ]
      },
      "id": "way/507538772"
    },
    {
      "type": "Feature",
      "properties": {
        "@id": "way/301514506",
        "addr:housenumber": "56",
        "addr:street": "Hoàng Diệu 2",
        "amenity": "university",
        "name": "Trường Đại học Ngân hàng TP.HCM",
        "website": "https://buh.edu.vn/"
      },
      "geometry": {
        "type": "Polygon",
        "coordinates": [
          [
            [
              106.7615193,
              10.8586143
            ],
            [
              106.7611008,
              10.8584548
            ],
            [
              106.7610815,
              10.8579893
            ],
            [
              106.7607608,
              10.8579889
            ],
            [
              106.7607333,
              10.8578183
            ],
            [
              106.7607135,
              10.8576961
            ],
            [
              106.7606769,
              10.8574691
            ],
            [
              106.7608066,
              10.8574563
            ],
            [
              106.7607747,
              10.8569673
            ],
            [
              106.760625,
              10.8566343
            ],
            [
              106.7605108,
              10.8566839
            ],
            [
              106.7605559,
              10.8568392
            ],
            [
              106.7595514,
              10.8569966
            ],
            [
              106.7591972,
              10.8570515
            ],
            [
              106.7585507,
              10.857093
            ],
            [
              106.7586533,
              10.8564794
            ],
            [
              106.7582446,
              10.8563722
            ],
            [
              106.7579122,
              10.8560809
            ],
            [
              106.7579672,
              10.8559465
            ],
            [
              106.7582784,
              10.8558379
            ],
            [
              106.7586352,
              10.8557798
            ],
            [
              106.7586301,
              10.8556028
            ],
            [
              106.7587789,
              10.8555939
            ],
            [
              106.7593312,
              10.8555411
            ],
            [
              106.7594012,
              10.8555332
            ],
            [
              106.7594012,
              10.8562818
            ],
            [
              106.7600393,
              10.856252
            ],
            [
              106.7602941,
              10.8561844
            ],
            [
              106.7603631,
              10.8563219
            ],
            [
              106.7604884,
              10.8562626
            ],
            [
              106.7605155,
              10.8563038
            ],
            [
              106.7614918,
              10.8558738
            ],
            [
              106.7615052,
              10.8558767
            ],
            [
              106.7615149,
              10.8558791
            ],
            [
              106.7618851,
              10.8566497
            ],
            [
              106.7619908,
              10.8566037
            ],
            [
              106.7624081,
              10.8564456
            ],
            [
              106.7626322,
              10.856587
            ],
            [
              106.7637693,
              10.8573047
            ],
            [
              106.7635938,
              10.8575396
            ],
            [
              106.7635591,
              10.857513
            ],
            [
              106.7635292,
              10.8575518
            ],
            [
              106.7635128,
              10.8575396
            ],
            [
              106.7634764,
              10.8575895
            ],
            [
              106.763396,
              10.8576961
            ],
            [
              106.7633878,
              10.8576915
            ],
            [
              106.7633621,
              10.8576723
            ],
            [
              106.7633196,
              10.8577287
            ],
            [
              106.7632437,
              10.8578284
            ],
            [
              106.7633218,
              10.8578861
            ],
            [
              106.7632628,
              10.8579576
            ],
            [
              106.7628452,
              10.8585105
            ],
            [
              106.7620599,
              10.858451
            ],
            [
              106.7619307,
              10.8586619
            ],
            [
              106.7617962,
              10.8585422
            ],
            [
              106.7616222,
              10.8587147
            ],
            [
              106.7615193,
              10.8586143
            ]
          ]
        ]
      },
      "id": "way/301514506"
    },
    {
      "type": "Feature",
      "properties": {
        "@id": "way/218273808",
        "addr:housenumber": "1",
        "addr:street": "Võ Văn Ngân",
        "alt_name": "HCMUTE",
        "amenity": "university",
        "int_name": "Ho Chi Minh City University of Technology and Education",
        "name": "Trường Đại học Sư phạm Kỹ thuật TP.HCM",
        "name:en": "Ho Chi Minh City University of Technology and Education",
        "name:zh": "胡志明市技术师范大学",
        "website": "https://www.hcmute.edu.vn/",
        "wikidata": "Q10829131",
        "wikimedia_commons": "Category:Ho Chi Minh City University of Technology and Education",
        "wikipedia": "vi:Trường Đại học Sư phạm Kỹ thuật Thành phố Hồ Chí Minh"
      },
      "geometry": {
        "type": "Polygon",
        "coordinates": [
          [
            [
              106.769206,
              10.849827
            ],
            [
              106.7700219,
              10.8498135
            ],
            [
              106.7714941,
              10.8497852
            ],
            [
              106.7716508,
              10.8499244
            ],
            [
              106.7735057,
              10.8498958
            ],
            [
              106.7738276,
              10.8503225
            ],
            [
              106.7743152,
              10.8516094
            ],
            [
              106.7742836,
              10.8518662
            ],
            [
              106.7730728,
              10.8538201
            ],
            [
              106.7728293,
              10.8543592
            ],
            [
              106.772061,
              10.8540753
            ],
            [
              106.7721663,
              10.8538335
            ],
            [
              106.7718836,
              10.8537151
            ],
            [
              106.7715093,
              10.8537676
            ],
            [
              106.7712673,
              10.8514778
            ],
            [
              106.7701179,
              10.851681
            ],
            [
              106.7700913,
              10.8515469
            ],
            [
              106.7697516,
              10.8515589
            ],
            [
              106.7697123,
              10.851517
            ],
            [
              106.7697096,
              10.8513729
            ],
            [
              106.7694393,
              10.8513825
            ],
            [
              106.7694293,
              10.8510275
            ],
            [
              106.7692857,
              10.8508892
            ],
            [
              106.7691922,
              10.8504714
            ],
            [
              106.7691138,
              10.8501151
            ],
            [
              106.7691823,
              10.8500258
            ],
            [
              106.769206,
              10.849827
            ]
          ]
        ]
      },
      "id": "way/218273808"
    },
    {
      "type": "Feature",
      "properties": {
        "@id": "way/403107465",
        "amenity": "university",
        "name": "Đại học Cảnh sát Nhân dân TP.HCM"
      },
      "geometry": {
        "type": "Polygon",
        "coordinates": [
          [
            [
              106.7539494,
              10.8586434
            ],
            [
              106.7553629,
              10.8574303
            ],
            [
              106.7558645,
              10.8579809
            ],
            [
              106.7557076,
              10.8581245
            ],
            [
              106.7567617,
              10.8593019
            ],
            [
              106.7554769,
              10.8602601
            ],
            [
              106.7539494,
              10.8586434
            ]
          ]
        ]
      },
      "id": "way/403107465"
    },
    {
      "type": "Feature",
      "properties": {
        "@id": "way/306440163",
        "amenity": "university",
        "name": "Saigon International University",
        "wikidata": "Q10829119",
        "wikimedia_commons": "Category:The Saigon International University",
        "wikipedia": "en:The Saigon International University"
      },
      "geometry": {
        "type": "Polygon",
        "coordinates": [
          [
            [
              106.7718813,
              10.8452775
            ],
            [
              106.7719788,
              10.8452191
            ],
            [
              106.7733577,
              10.8443925
            ],
            [
              106.7734625,
              10.8447063
            ],
            [
              106.7720452,
              10.845561
            ],
            [
              106.7718813,
              10.8452775
            ]
          ]
        ]
      },
      "id": "way/306440163"
    },
    {
      "type": "Feature",
      "properties": {
        "@id": "way/507538760",
        "amenity": "university",
        "name": "Học viện Chính trị khu vực II"
      },
      "geometry": {
        "type": "Polygon",
        "coordinates": [
          [
            [
              106.784513,
              10.8479319
            ],
            [
              106.7867178,
              10.8488644
            ],
            [
              106.7873079,
              10.8490857
            ],
            [
              106.7875171,
              10.8500551
            ],
            [
              106.7874312,
              10.850252
            ],
            [
              106.7872971,
              10.8505292
            ],
            [
              106.787678,
              10.8508296
            ],
            [
              106.7877585,
              10.8512774
            ],
            [
              106.7868626,
              10.8513827
            ],
            [
              106.7869109,
              10.8517621
            ],
            [
              106.7865086,
              10.8518042
            ],
            [
              106.786471,
              10.8519149
            ],
            [
              106.7834884,
              10.8507242
            ],
            [
              106.7835152,
              10.8503712
            ],
            [
              106.7840141,
              10.8490909
            ],
            [
              106.784513,
              10.8479319
            ]
          ]
        ]
      },
      "id": "way/507538760"
    },
    {
      "type": "Feature",
      "properties": {
        "@id": "way/507538762",
        "addr:housenumber": "97",
        "addr:postcode": "700000",
        "addr:street": "Man Thiện",
        "amenity": "university",
        "name": "Học viện Công nghệ Bưu chính Viễn thông - Cơ sở TP.HCM"
      },
      "geometry": {
        "type": "Polygon",
        "coordinates": [
          [
            [
              106.7845747,
              10.8478607
            ],
            [
              106.7852214,
              10.8465282
            ],
            [
              106.7859327,
              10.8467731
            ],
            [
              106.7859135,
              10.8468678
            ],
            [
              106.7860539,
              10.8469216
            ],
            [
              106.7860859,
              10.8468393
            ],
            [
              106.7866592,
              10.8470232
            ],
            [
              106.7867282,
              10.8475766
            ],
            [
              106.7866693,
              10.8475956
            ],
            [
              106.7867067,
              10.8477438
            ],
            [
              106.7869591,
              10.8476776
            ],
            [
              106.7872759,
              10.8488131
            ],
            [
              106.7872405,
              10.8488991
            ],
            [
              106.787167,
              10.8489303
            ],
            [
              106.7870627,
              10.8488928
            ],
            [
              106.7845747,
              10.8478607
            ]
          ]
        ]
      },
      "id": "way/507538762"
    },
    {
      "type": "Feature",
      "properties": {
        "@id": "way/345416007",
        "addr:city": "Thành phố Thủ Đức",
        "addr:housenumber": "451",
        "addr:province": "Thành phố Hồ Chí Minh",
        "addr:street": "Đường Lê Văn Việt",
        "addr:subdistrict": "Phường Tăng Nhơn Phú A",
        "amenity": "university",
        "internet_access": "yes",
        "internet_access:fee": "yes",
        "name": "Phân hiệu Trường Đại học Giao thông Vận tải tại TP.HCM",
        "operator": "Bộ Giáo dục và Đào tạo",
        "operator:type": "government",
        "start_date": "27/04/1990",
        "website": "https://utc2.edu.vn/"
      },
      "geometry": {
        "type": "Polygon",
        "coordinates": [
          [
            [
              106.7934527,
              10.8473791
            ],
            [
              106.7938688,
              10.8457187
            ],
            [
              106.7943001,
              10.8458278
            ],
            [
              106.7943665,
              10.845576
            ],
            [
              106.7952719,
              10.8458008
            ],
            [
              106.7952041,
              10.8460373
            ],
            [
              106.7955064,
              10.8461263
            ],
            [
              106.7952869,
              10.8469964
            ],
            [
              106.7951637,
              10.8469757
            ],
            [
              106.7949868,
              10.8477347
            ],
            [
              106.7934527,
              10.8473791
            ]
          ]
        ]
      },
      "id": "way/345416007"
    },
    {
      "type": "Feature",
      "properties": {
        "@id": "way/345416008",
        "addr:city": "Thành phố Thủ Đức",
        "addr:housenumber": "450",
        "addr:province": "Thành phố Hồ Chí Minh",
        "addr:street": "Đường Lê Văn Việt",
        "addr:subdistrict": "Phường Tăng Nhơn Phú A",
        "amenity": "university",
        "internet_access": "yes",
        "name": "Phân hiệu Trường Đại học Giao thông vận tải tại TP.HCM - Khu Văn phòng",
        "operator": "Bộ Giáo dục và Đào tạo",
        "operator:type": "government",
        "start_date": "27/04/1990",
        "website": "https://utc2.edu.vn/"
      },
      "geometry": {
        "type": "Polygon",
        "coordinates": [
          [
            [
              106.7943249,
              10.8453699
            ],
            [
              106.7946315,
              10.8440863
            ],
            [
              106.7954801,
              10.8442915
            ],
            [
              106.7954607,
              10.8446443
            ],
            [
              106.7955038,
              10.8447137
            ],
            [
              106.7955415,
              10.84478
            ],
            [
              106.795321,
              10.8456195
            ],
            [
              106.7943249,
              10.8453699
            ]
          ]
        ]
      },
      "id": "way/345416008"
    },
    {
      "type": "Feature",
      "properties": {
        "@id": "way/507538761",
        "amenity": "university",
        "name": "Trường Đại học Tài chính - Marketing"
      },
      "geometry": {
        "type": "Polygon",
        "coordinates": [
          [
            [
              106.7918247,
              10.849876
            ],
            [
              106.7917898,
              10.8498759
            ],
            [
              106.7918247,
              10.8495783
            ],
            [
              106.7916745,
              10.8495467
            ],
            [
              106.7917281,
              10.8492911
            ],
            [
              106.791881,
              10.8484903
            ],
            [
              106.7918837,
              10.848377
            ],
            [
              106.7910254,
              10.8481373
            ],
            [
              106.7909583,
              10.8477396
            ],
            [
              106.7915055,
              10.8478713
            ],
            [
              106.7915297,
              10.8477949
            ],
            [
              106.7916906,
              10.8473207
            ],
            [
              106.792683,
              10.8474998
            ],
            [
              106.7925918,
              10.8479477
            ],
            [
              106.792565,
              10.8482427
            ],
            [
              106.7928305,
              10.8488143
            ],
            [
              106.7928735,
              10.8494018
            ],
            [
              106.7926615,
              10.8500762
            ],
            [
              106.7918247,
              10.849876
            ]
          ]
        ]
      },
      "id": "way/507538761"
    },
    {
      "type": "Feature",
      "properties": {
        "@id": "way/507538770",
        "amenity": "university",
        "name": "Trường Đại học Sư phạm Kỹ thuật TP.HCM - cơ sở 2"
      },
      "geometry": {
        "type": "Polygon",
        "coordinates": [
          [
            [
              106.7978885,
              10.8461672
            ],
            [
              106.7976098,
              10.8460959
            ],
            [
              106.7959922,
              10.8456825
            ],
            [
              106.7960404,
              10.8454507
            ],
            [
              106.7953994,
              10.8452742
            ],
            [
              106.7955415,
              10.84478
            ],
            [
              106.7955121,
              10.8446999
            ],
            [
              106.7954504,
              10.844613
            ],
            [
              106.7954691,
              10.844397
            ],
            [
              106.7954155,
              10.8442573
            ],
            [
              106.7955228,
              10.8441967
            ],
            [
              106.7982264,
              10.844937
            ],
            [
              106.7983659,
              10.844966
            ],
            [
              106.7984732,
              10.8454691
            ],
            [
              106.7978885,
              10.8461672
            ]
          ]
        ]
      },
      "id": "way/507538770"
    },
    {
      "type": "Feature",
      "properties": {
        "@id": "way/1212036325",
        "addr:district": "Thủ Đức",
        "addr:postcode": "70000",
        "addr:province": "Hồ Chí Minh",
        "addr:street": "Đỗ Mười",
        "addr:subdistrict": "Linh Trung",
        "amenity": "university",
        "name": "Trường Đại học Nông Lâm TP.HCM",
        "name:en": "Nong Lam University Ho Chi Minh City",
        "name:vi": "Trường Đại học Nông Lâm TP.HCM",
        "operator": "Bộ Giáo dục và Đào tạo Việt Nam",
        "operator:type": "government",
        "phone": "+842838966780",
        "website": "https://hcmuaf.edu.vn",
        "wikidata": "Q5873976",
        "wikipedia": "vi:Trường Đại học Nông Lâm Thành phố Hồ Chí Minh"
      },
      "geometry": {
        "type": "Polygon",
        "coordinates": [
          [
            [
              106.7876991,
              10.8678533
            ],
            [
              106.7876916,
              10.8676474
            ],
            [
              106.788022,
              10.8677375
            ],
            [
              106.7881275,
              10.8676642
            ],
            [
              106.7881891,
              10.8676979
            ],
            [
              106.7882006,
              10.8681606
            ],
            [
              106.7882599,
              10.8686649
            ],
            [
              106.7883192,
              10.8695855
            ],
            [
              106.7897693,
              10.8696203
            ],
            [
              106.7897398,
              10.8680767
            ],
            [
              106.7906759,
              10.8680688
            ],
            [
              106.7907188,
              10.8687748
            ],
            [
              106.7907778,
              10.8687853
            ],
            [
              106.7912096,
              10.8687853
            ],
            [
              106.7913411,
              10.8688354
            ],
            [
              106.7919204,
              10.8693437
            ],
            [
              106.7924853,
              10.8699111
            ],
            [
              106.7930807,
              10.8703695
            ],
            [
              106.7932309,
              10.8706223
            ],
            [
              106.7933382,
              10.8706276
            ],
            [
              106.7935742,
              10.8705433
            ],
            [
              106.7941107,
              10.8705749
            ],
            [
              106.7941873,
              10.8709542
            ],
            [
              106.79409,
              10.8711047
            ],
            [
              106.7939445,
              10.8713009
            ],
            [
              106.7938264,
              10.8714413
            ],
            [
              106.7937694,
              10.8716294
            ],
            [
              106.7936757,
              10.871963
            ],
            [
              106.7937067,
              10.8721489
            ],
            [
              106.7937181,
              10.8725019
            ],
            [
              106.7937595,
              10.8726531
            ],
            [
              106.7938574,
              10.8727878
            ],
            [
              106.7939758,
              10.8728959
            ],
            [
              106.794281,
              10.8731424
            ],
            [
              106.7948552,
              10.8735379
            ],
            [
              106.7955407,
              10.8739062
            ],
            [
              106.7930815,
              10.8757626
            ],
            [
              106.7928696,
              10.8757073
            ],
            [
              106.7925075,
              10.8757073
            ],
            [
              106.7922661,
              10.8756994
            ],
            [
              106.7920032,
              10.8756388
            ],
            [
              106.7920461,
              10.8755545
            ],
            [
              106.7916948,
              10.8754017
            ],
            [
              106.7908391,
              10.8750514
            ],
            [
              106.7906889,
              10.874867
            ],
            [
              106.7906266,
              10.874762
            ],
            [
              106.7904245,
              10.8748711
            ],
            [
              106.7892475,
              10.8752026
            ],
            [
              106.7895631,
              10.8762048
            ],
            [
              106.7857757,
              10.8770765
            ],
            [
              106.7848078,
              10.8738835
            ],
            [
              106.7858861,
              10.8736201
            ],
            [
              106.7859129,
              10.8726613
            ],
            [
              106.7845825,
              10.872772
            ],
            [
              106.7843572,
              10.8726666
            ],
            [
              106.7841319,
              10.8719923
            ],
            [
              106.7848185,
              10.8718553
            ],
            [
              106.7848132,
              10.8714602
            ],
            [
              106.7846737,
              10.8714549
            ],
            [
              106.7845932,
              10.8705383
            ],
            [
              106.7853174,
              10.8704118
            ],
            [
              106.7853657,
              10.8711178
            ],
            [
              106.7859343,
              10.8710756
            ],
            [
              106.7858592,
              10.8703223
            ],
            [
              106.78598,
              10.8703069
            ],
            [
              106.7858945,
              10.8696396
            ],
            [
              106.7855404,
              10.869687
            ],
            [
              106.7854948,
              10.8693235
            ],
            [
              106.785755,
              10.8692761
            ],
            [
              106.785696,
              10.8687467
            ],
            [
              106.7865346,
              10.8685882
            ],
            [
              106.786538,
              10.8686477
            ],
            [
              106.7871025,
              10.8686168
            ],
            [
              106.7870978,
              10.8685337
            ],
            [
              106.78752,
              10.8685094
            ],
            [
              106.7876477,
              10.868502
            ],
            [
              106.7877369,
              10.8684969
            ],
            [
              106.7876991,
              10.8678533
            ]
          ]
        ]
      },
      "id": "way/1212036325"
    },
    {
      "type": "Feature",
      "properties": {
        "@id": "way/1022939891",
        "addr:city": "Thành phố Thủ Đức",
        "addr:housenumber": "Lô E2a-7",
        "addr:street": "Đường D1",
        "addr:subdistrict": "Long Thạnh Mỹ",
        "amenity": "university",
        "name": "Trường Đại học FPT TP.HCM",
        "name:en": "FPT University - HCMC Campus",
        "website": "https://hcmuni.fpt.edu.vn",
        "wikidata": "Q610220",
        "wikipedia": "vi:Trường Đại học FPT"
      },
      "geometry": {
        "type": "Polygon",
        "coordinates": [
          [
            [
              106.8097001,
              10.8423619
            ],
            [
              106.809031,
              10.8416559
            ],
            [
              106.8090778,
              10.8416112
            ],
            [
              106.8102214,
              10.8405171
            ],
            [
              106.8102666,
              10.8404739
            ],
            [
              106.8110488,
              10.8412704
            ],
            [
              106.8106871,
              10.8415632
            ],
            [
              106.8097001,
              10.8423619
            ]
          ]
        ]
      },
      "id": "way/1022939891"
    },
    {
      "type": "Feature",
      "properties": {
        "@id": "way/724934204",
        "amenity": "university",
        "name": "Trường Đại học Nguyễn Tất Thành (cơ sở TP. Thủ Đức)"
      },
      "geometry": {
        "type": "Polygon",
        "coordinates": [
          [
            [
              106.8094835,
              10.8384886
            ],
            [
              106.8091482,
              10.8381988
            ],
            [
              106.8094613,
              10.8373591
            ],
            [
              106.8102209,
              10.8381687
            ],
            [
              106.8101031,
              10.8382989
            ],
            [
              106.8094835,
              10.8384886
            ]
          ]
        ]
      },
      "id": "way/724934204"
    },
    {
      "type": "Feature",
      "properties": {
        "@id": "way/1271061070",
        "amenity": "university",
        "name": "Trường Đại học Công Nghệ Chi nhánh CNC"
      },
      "geometry": {
        "type": "Polygon",
        "coordinates": [
          [
            [
              106.8086801,
              10.8413359
            ],
            [
              106.8075255,
              10.8401639
            ],
            [
              106.8079849,
              10.839539
            ],
            [
              106.8094647,
              10.839557
            ],
            [
              106.8095237,
              10.839577
            ],
            [
              106.8095522,
              10.8396109
            ],
            [
              106.8095623,
              10.8396409
            ],
            [
              106.8095684,
              10.8396748
            ],
            [
              106.8095684,
              10.8397127
            ],
            [
              106.8095176,
              10.8397706
            ],
            [
              106.8092554,
              10.8400162
            ],
            [
              106.8096558,
              10.8404335
            ],
            [
              106.809603,
              10.8404563
            ],
            [
              106.8095235,
              10.840543
            ],
            [
              106.8094871,
              10.8405932
            ],
            [
              106.8086801,
              10.8413359
            ]
          ]
        ]
      },
      "id": "way/1271061070"
    },
    {
      "type": "Feature",
      "properties": {
        "@id": "way/605281203",
        "amenity": "university",
        "name": "Trường Trung cấp Kỹ thuật Nông nghiệp TPHCM"
      },
      "geometry": {
        "type": "Polygon",
        "coordinates": [
          [
            [
              106.8100992,
              10.8692616
            ],
            [
              106.8100154,
              10.8689803
            ],
            [
              106.809935,
              10.8687525
            ],
            [
              106.8098276,
              10.8686234
            ],
            [
              106.8096879,
              10.8684789
            ],
            [
              106.8095545,
              10.8683888
            ],
            [
              106.809487,
              10.8682926
            ],
            [
              106.8094361,
              10.8681704
            ],
            [
              106.8094307,
              10.8680834
            ],
            [
              106.8096453,
              10.8680913
            ],
            [
              106.8101522,
              10.8667347
            ],
            [
              106.8103856,
              10.8664318
            ],
            [
              106.8105867,
              10.8662
            ],
            [
              106.8121585,
              10.8670666
            ],
            [
              106.8120941,
              10.8672405
            ],
            [
              106.8128183,
              10.8675013
            ],
            [
              106.8128157,
              10.867554
            ],
            [
              106.8127647,
              10.8681124
            ],
            [
              106.8128103,
              10.8693188
            ],
            [
              106.8115443,
              10.8690053
            ],
            [
              106.8114531,
              10.8690211
            ],
            [
              106.8112788,
              10.8690238
            ],
            [
              106.8111392,
              10.869008
            ],
            [
              106.8109301,
              10.8690159
            ],
            [
              106.8107343,
              10.8690264
            ],
            [
              106.8105304,
              10.8690791
            ],
            [
              106.810281,
              10.8691818
            ],
            [
              106.8100992,
              10.8692616
            ]
          ]
        ]
      },
      "id": "way/605281203"
    },
    {
      "type": "Feature",
      "properties": {
        "@id": "way/1303838982",
        "addr:city": "Hồ Chí Minh",
        "amenity": "university",
        "name": "Trường Đại học Công nghệ Thông tin",
        "name:en": "University of Information Technology",
        "name:vi": "Trường Đại học Công nghệ Thông tin",
        "operator": "Đại học Quốc gia Thành phố Hồ Chí Minh",
        "operator:type": "university",
        "website": "https://www.uit.edu.vn/",
        "wikidata": "Q5873994",
        "wikipedia": "vi:Trường Đại học Công nghệ Thông tin, Đại học Quốc gia Thành phố Hồ Chí Minh"
      },
      "geometry": {
        "type": "Polygon",
        "coordinates": [
          [
            [
              106.8016693,
              10.8701079
            ],
            [
              106.8026322,
              10.8688555
            ],
            [
              106.8029416,
              10.8681458
            ],
            [
              106.8039263,
              10.8688472
            ],
            [
              106.8045606,
              10.8695156
            ],
            [
              106.8051924,
              10.8701937
            ],
            [
              106.8029489,
              10.8718309
            ],
            [
              106.8027563,
              10.8714107
            ],
            [
              106.8023241,
              10.8708307
            ],
            [
              106.8016693,
              10.8701079
            ]
          ]
        ]
      },
      "id": "way/1303838982"
    },
    {
      "type": "Feature",
      "properties": {
        "@id": "way/1419197268",
        "amenity": "university",
        "name": "Trường Đại học Khoa học Xã hội và Nhân văn (cơ sở 2)",
        "operator": "Đại học Quốc gia Thành phố Hồ Chí Minh",
        "operator:type": "university"
      },
      "geometry": {
        "type": "Polygon",
        "coordinates": [
          [
            [
              106.8008446,
              10.8697723
            ],
            [
              106.8011159,
              10.869976
            ],
            [
              106.8014737,
              10.870265
            ],
            [
              106.8017387,
              10.8705445
            ],
            [
              106.8018802,
              10.8707298
            ],
            [
              106.8020412,
              10.8709246
            ],
            [
              106.802186,
              10.8711067
            ],
            [
              106.8023632,
              10.8713095
            ],
            [
              106.8024283,
              10.8714149
            ],
            [
              106.8025063,
              10.8715187
            ],
            [
              106.8026039,
              10.8717055
            ],
            [
              106.8026332,
              10.8718525
            ],
            [
              106.8026608,
              10.8720186
            ],
            [
              106.8026706,
              10.8722038
            ],
            [
              106.8026575,
              10.87233
            ],
            [
              106.8025943,
              10.8733149
            ],
            [
              106.8025122,
              10.8733532
            ],
            [
              106.8017815,
              10.873441
            ],
            [
              106.8016237,
              10.8729653
            ],
            [
              106.8015467,
              10.8726528
            ],
            [
              106.8015205,
              10.8724363
            ],
            [
              106.8015649,
              10.8723288
            ],
            [
              106.8017033,
              10.8718619
            ],
            [
              106.8017656,
              10.8716806
            ],
            [
              106.8018225,
              10.8715273
            ],
            [
              106.8018176,
              10.8714251
            ],
            [
              106.8017591,
              10.8712234
            ],
            [
              106.8016307,
              10.8710654
            ],
            [
              106.8014126,
              10.8710473
            ],
            [
              106.801213,
              10.8710582
            ],
            [
              106.8010983,
              10.8710485
            ],
            [
              106.80098,
              10.8710122
            ],
            [
              106.8009184,
              10.8709226
            ],
            [
              106.8008642,
              10.8708089
            ],
            [
              106.7990279,
              10.8708899
            ],
            [
              106.7988923,
              10.8707169
            ],
            [
              106.7988159,
              10.8707314
            ],
            [
              106.7987826,
              10.8707883
            ],
            [
              106.7982662,
              10.8709021
            ],
            [
              106.7980715,
              10.8709093
            ],
            [
              106.7978682,
              10.8708657
            ],
            [
              106.7978645,
              10.8707278
            ],
            [
              106.7978115,
              10.8704797
            ],
            [
              106.7977092,
              10.8702231
            ],
            [
              106.7976919,
              10.870056
            ],
            [
              106.7976919,
              10.8695828
            ],
            [
              106.7978731,
              10.8693771
            ],
            [
              106.798269,
              10.8686304
            ],
            [
              106.7984171,
              10.8687015
            ],
            [
              106.7988393,
              10.8687758
            ],
            [
              106.7989598,
              10.8690463
            ],
            [
              106.7996768,
              10.8690109
            ],
            [
              106.7996443,
              10.8688975
            ],
            [
              106.8001842,
              10.86865
            ],
            [
              106.8002297,
              10.8690221
            ],
            [
              106.8002752,
              10.8697104
            ],
            [
              106.8007755,
              10.8697436
            ],
            [
              106.8008446,
              10.8697723
            ]
          ]
        ]
      },
      "id": "way/1419197268"
    },
    {
      "type": "Feature",
      "properties": {
        "@id": "way/605281197",
        "amenity": "university",
        "name": "Học viện Thanh thiếu niên Việt Nam - Phân hiệu Miền Nam"
      },
      "geometry": {
        "type": "Polygon",
        "coordinates": [
          [
            [
              106.8133387,
              10.862096
            ],
            [
              106.8133655,
              10.8637187
            ],
            [
              106.8125528,
              10.8637819
            ],
            [
              106.8125689,
              10.8640111
            ],
            [
              106.812408,
              10.8640137
            ],
            [
              106.8123972,
              10.8642165
            ],
            [
              106.8120888,
              10.8642376
            ],
            [
              106.8120727,
              10.8637397
            ],
            [
              106.8117723,
              10.8637608
            ],
            [
              106.8116704,
              10.8637687
            ],
            [
              106.8116006,
              10.8621118
            ],
            [
              106.8133387,
              10.862096
            ]
          ]
        ]
      },
      "id": "way/605281197"
    },
    {
      "type": "Feature",
      "properties": {
        "@id": "way/290326852",
        "addr:city": "Hồ Chí Minh",
        "amenity": "university",
        "name": "Trường Đại học Thể dục Thể thao TP.HCM",
        "name:en": "Ho Chi Minh City University of Sports",
        "name:vi": "Trường Đại học Thể dục Thể thao TP.HCM",
        "phone": "0932944442",
        "website": "https://ush.edu.vn/",
        "wikidata": "Q7579810",
        "wikipedia": "vi:Trường Đại học Thể dục thể thao Thành phố Hồ Chí Minh"
      },
      "geometry": {
        "type": "Polygon",
        "coordinates": [
          [
            [
              106.7975278,
              10.8731941
            ],
            [
              106.797238,
              10.8732213
            ],
            [
              106.795965,
              10.873198
            ],
            [
              106.7959616,
              10.8735414
            ],
            [
              106.7948552,
              10.8735379
            ],
            [
              106.794281,
              10.8731424
            ],
            [
              106.7939758,
              10.8728959
            ],
            [
              106.7938574,
              10.8727878
            ],
            [
              106.7937595,
              10.8726531
            ],
            [
              106.7937181,
              10.8725019
            ],
            [
              106.7937067,
              10.8721489
            ],
            [
              106.7936757,
              10.871963
            ],
            [
              106.7937694,
              10.8716294
            ],
            [
              106.7938264,
              10.8714413
            ],
            [
              106.7939445,
              10.8713009
            ],
            [
              106.79409,
              10.8711047
            ],
            [
              106.7941873,
              10.8709542
            ],
            [
              106.7945987,
              10.8707517
            ],
            [
              106.7947948,
              10.8706545
            ],
            [
              106.7949254,
              10.870576
            ],
            [
              106.7968151,
              10.8705027
            ],
            [
              106.7969448,
              10.8705016
            ],
            [
              106.7970277,
              10.8705266
            ],
            [
              106.7970827,
              10.8705923
            ],
            [
              106.797204,
              10.8707408
            ],
            [
              106.7970698,
              10.8708234
            ],
            [
              106.7974408,
              10.8713801
            ],
            [
              106.7975993,
              10.8713266
            ],
            [
              106.798002,
              10.8718793
            ],
            [
              106.7976353,
              10.8723737
            ],
            [
              106.7976017,
              10.8726934
            ],
            [
              106.7976058,
              10.8728851
            ],
            [
              106.7976098,
              10.8730208
            ],
            [
              106.7976705,
              10.8731384
            ],
            [
              106.7975278,
              10.8731941
            ]
          ]
        ]
      },
      "id": "way/290326852"
    },
    {
      "type": "Feature",
      "properties": {
        "@id": "way/1419105579",
        "amenity": "university",
        "name": "Trường Đại học Khoa học tự nhiên (cơ sở 2)",
        "operator": "Đại học Quốc gia Thành phố Hồ Chí Minh",
        "operator:type": "university"
      },
      "geometry": {
        "type": "Polygon",
        "coordinates": [
          [
            [
              106.7933104,
              10.8760887
            ],
            [
              106.7932764,
              10.8758724
            ],
            [
              106.7961312,
              10.8736291
            ],
            [
              106.7979054,
              10.873487
            ],
            [
              106.7988663,
              10.8751729
            ],
            [
              106.7989757,
              10.8755554
            ],
            [
              106.7993979,
              10.8755593
            ],
            [
              106.7996637,
              10.875435
            ],
            [
              106.7997496,
              10.8756167
            ],
            [
              106.7998523,
              10.8758239
            ],
            [
              106.8000821,
              10.8761248
            ],
            [
              106.8003773,
              10.8763303
            ],
            [
              106.800622,
              10.8764495
            ],
            [
              106.8005061,
              10.8767155
            ],
            [
              106.8003137,
              10.8772126
            ],
            [
              106.7982347,
              10.8772034
            ],
            [
              106.7982291,
              10.8789058
            ],
            [
              106.7976821,
              10.8788525
            ],
            [
              106.7971498,
              10.8786996
            ],
            [
              106.7967958,
              10.8785634
            ],
            [
              106.7963711,
              10.878366
            ],
            [
              106.79587,
              10.8780657
            ],
            [
              106.7944855,
              10.8770786
            ],
            [
              106.7933104,
              10.8760887
            ]
          ]
        ]
      },
      "id": "way/1419105579"
    },
    {
      "type": "Feature",
      "properties": {
        "@id": "way/291052405",
        "amenity": "university",
        "name": "Trường Cao đẳng Công nghệ và Nông lâm Nam Bộ"
      },
      "geometry": {
        "type": "Polygon",
        "coordinates": [
          [
            [
              106.7919229,
              10.897024
            ],
            [
              106.791515,
              10.8955923
            ],
            [
              106.7926439,
              10.8951824
            ],
            [
              106.7925851,
              10.8949516
            ],
            [
              106.7925024,
              10.8946093
            ],
            [
              106.7924166,
              10.8943402
            ],
            [
              106.7923495,
              10.894361
            ],
            [
              106.7923093,
              10.8941922
            ],
            [
              106.7924273,
              10.8941597
            ],
            [
              106.7923683,
              10.8939208
            ],
            [
              106.7932267,
              10.8935747
            ],
            [
              106.7933489,
              10.8941666
            ],
            [
              106.7934893,
              10.8951538
            ],
            [
              106.7936804,
              10.8966139
            ],
            [
              106.7924872,
              10.896806
            ],
            [
              106.7919229,
              10.897024
            ]
          ]
        ]
      },
      "id": "way/291052405"
    },
    {
      "type": "Feature",
      "properties": {
        "@id": "way/1419077157",
        "amenity": "university",
        "name": "Trường Đại học Khoa học Sức khỏe",
        "name:en": "University of Health Sciences",
        "name:vi": "Trường Đại học Khoa học Sức khỏe",
        "official_name": "Trường Đại học Khoa học Sức khỏe, Đại học Quốc gia Thành phố Hồ Chí Minh",
        "official_name:en": "University of Health Sciences, Viet Nam National University, Ho Chi Minh City",
        "official_name:vi": "Trường Đại học Khoa học Sức khỏe, Đại học Quốc gia Thành phố Hồ Chí Minh",
        "operator": "Đại học Quốc gia Thành phố Hồ Chí Minh",
        "operator:type": "university",
        "short_name": "UHS",
        "website": "https://www.uhsvnu.edu.vn/",
        "wikidata": "Q61131917",
        "wikipedia": "vi:Trường Đại học Khoa học Sức khỏe, Đại học Quốc gia Thành phố Hồ Chí Minh"
      },
      "geometry": {
        "type": "Polygon",
        "coordinates": [
          [
            [
              106.7971477,
              10.8904224
            ],
            [
              106.7967835,
              10.8886049
            ],
            [
              106.7962342,
              10.8884132
            ],
            [
              106.7964938,
              10.8868328
            ],
            [
              106.7977235,
              10.887087
            ],
            [
              106.7982079,
              10.8872366
            ],
            [
              106.799064,
              10.8874749
            ],
            [
              106.7990997,
              10.8875461
            ],
            [
              106.798403,
              10.8904481
            ],
            [
              106.7971477,
              10.8904224
            ]
          ]
        ]
      },
      "id": "way/1419077157"
    },
    {
      "type": "Feature",
      "properties": {
        "@id": "way/1084609765",
        "addr:province": "Hồ Chí Minh",
        "addr:street": "Xa lộ Hà Nội",
        "amenity": "university",
        "name": "Trường Đại học An ninh Nhân dân",
        "name:en": "People's Security University",
        "name:vi": "Trường Đại học An ninh Nhân dân",
        "operator": "Bộ Công an Việt Nam",
        "operator:type": "government",
        "website": "https://dhannd.edu.vn/",
        "wikidata": "Q86012406",
        "wikipedia": "vi:Trường Đại học An ninh nhân dân (Thành phố Hồ Chí Minh)"
      },
      "geometry": {
        "type": "Polygon",
        "coordinates": [
          [
            [
              106.8029988,
              10.8718473
            ],
            [
              106.8052362,
              10.8702191
            ],
            [
              106.8073447,
              10.8730572
            ],
            [
              106.807542,
              10.8733797
            ],
            [
              106.8075785,
              10.8735674
            ],
            [
              106.806424,
              10.8740534
            ],
            [
              106.8053216,
              10.8744894
            ],
            [
              106.8052762,
              10.8743839
            ],
            [
              106.8052411,
              10.8743024
            ],
            [
              106.8049702,
              10.8738887
            ],
            [
              106.8048334,
              10.873757
            ],
            [
              106.8046698,
              10.8736306
            ],
            [
              106.8045062,
              10.8735595
            ],
            [
              106.8040073,
              10.8734752
            ],
            [
              106.8032563,
              10.8733487
            ],
            [
              106.8029318,
              10.8733277
            ],
            [
              106.8029988,
              10.8718473
            ]
          ]
        ]
      },
      "id": "way/1084609765"
    },
    {
      "type": "Feature",
      "properties": {
        "@id": "way/1419118309",
        "amenity": "university",
        "name": "Trường Đại học Bách khoa (cơ sở 2)",
        "operator": "Đại học Quốc gia Thành phố Hồ Chí Minh",
        "operator:type": "university"
      },
      "geometry": {
        "type": "Polygon",
        "coordinates": [
          [
            [
              106.8063156,
              10.8841247
            ],
            [
              106.8033637,
              10.879643
            ],
            [
              106.8027104,
              10.8786512
            ],
            [
              106.8026922,
              10.8786054
            ],
            [
              106.8026902,
              10.8785595
            ],
            [
              106.8032518,
              10.8767663
            ],
            [
              106.8032913,
              10.8767252
            ],
            [
              106.8035254,
              10.8765727
            ],
            [
              106.8042723,
              10.8763161
            ],
            [
              106.8044596,
              10.8763137
            ],
            [
              106.8045853,
              10.8763742
            ],
            [
              106.8047529,
              10.8765727
            ],
            [
              106.8049715,
              10.8769298
            ],
            [
              106.8046638,
              10.8776626
            ],
            [
              106.8057321,
              10.8780451
            ],
            [
              106.808718,
              10.8825848
            ],
            [
              106.8063156,
              10.8841247
            ]
          ]
        ]
      },
      "id": "way/1419118309"
    },
    {
      "type": "Feature",
      "properties": {
        "@id": "way/1419109086",
        "amenity": "university",
        "name": "Trường Đại học Quốc tế",
        "name:en": "Ho Chi Minh City International University",
        "name:vi": "Trường Đại học Quốc tế",
        "operator": "Đại học Quốc gia Thành phố Hồ Chí Minh",
        "operator:type": "university",
        "website": "https://hcmiu.edu.vn/",
        "wikidata": "Q5873959",
        "wikipedia": "vi:Trường Đại học Quốc tế, Đại học Quốc gia Thành phố Hồ Chí Minh"
      },
      "geometry": {
        "type": "Polygon",
        "coordinates": [
          [
            [
              106.7996599,
              10.878708
            ],
            [
              106.799907,
              10.8783797
            ],
            [
              106.800074,
              10.8781183
            ],
            [
              106.8002892,
              10.8777318
            ],
            [
              106.8005185,
              10.8772842
            ],
            [
              106.8006091,
              10.8770451
            ],
            [
              106.8007394,
              10.8767489
            ],
            [
              106.8008371,
              10.8766113
            ],
            [
              106.8009107,
              10.8765612
            ],
            [
              106.8010324,
              10.8765515
            ],
            [
              106.8012674,
              10.8766196
            ],
            [
              106.801678,
              10.8766905
            ],
            [
              106.8019031,
              10.8767183
            ],
            [
              106.8020984,
              10.8767336
            ],
            [
              106.8024792,
              10.8767044
            ],
            [
              106.8028845,
              10.8766413
            ],
            [
              106.8029163,
              10.8766685
            ],
            [
              106.8029293,
              10.8766869
            ],
            [
              106.8029296,
              10.8767001
            ],
            [
              106.802336,
              10.8784202
            ],
            [
              106.8023204,
              10.8784382
            ],
            [
              106.8022935,
              10.878457
            ],
            [
              106.8022624,
              10.8784598
            ],
            [
              106.8020175,
              10.8784674
            ],
            [
              106.8017676,
              10.878464
            ],
            [
              106.8015659,
              10.8784656
            ],
            [
              106.8013367,
              10.8784983
            ],
            [
              106.8011854,
              10.8785438
            ],
            [
              106.8007431,
              10.87867
            ],
            [
              106.8002906,
              10.8787716
            ],
            [
              106.7999712,
              10.8788074
            ],
            [
              106.79979,
              10.8788101
            ],
            [
              106.7997017,
              10.8788046
            ],
            [
              106.7996557,
              10.8787872
            ],
            [
              106.7996358,
              10.8787476
            ],
            [
              106.7996599,
              10.878708
            ]
          ]
        ]
      },
      "id": "way/1419109086"
    },
    {
      "type": "Feature",
      "properties": {
        "@id": "way/744239466",
        "addr:housenumber": "59",
        "addr:street": "Hùng Vương",
        "amenity": "university",
        "name": "Trường Đại học Mỏ - Địa chất (cơ sở Bà Rịa-Vũng Tàu)",
        "name:en": "University of Mining and Geology - Ba Ria campus",
        "name:id": "Universitas Pertambangan dan Geologi - kampus Ba Ria",
        "name:zh": "采矿地质大学巴地校园"
      },
      "geometry": {
        "type": "Polygon",
        "coordinates": [
          [
            [
              107.1739329,
              10.5042641
            ],
            [
              107.1734944,
              10.5037471
            ],
            [
              107.1735084,
              10.5037374
            ],
            [
              107.1743345,
              10.5030741
            ],
            [
              107.1746953,
              10.5036029
            ],
            [
              107.1741682,
              10.5040512
            ],
            [
              107.1739329,
              10.5042641
            ]
          ]
        ]
      },
      "id": "way/744239466"
    },
    {
      "type": "Feature",
      "properties": {
        "@id": "way/499420843",
        "amenity": "university",
        "name": "Đại học Kinh tế Kỹ thuật Bình Dương"
      },
      "geometry": {
        "type": "Polygon",
        "coordinates": [
          [
            [
              106.7110795,
              10.9573739
            ],
            [
              106.7110044,
              10.9563443
            ],
            [
              106.7108729,
              10.9563548
            ],
            [
              106.7108676,
              10.956002
            ],
            [
              106.7111143,
              10.9560968
            ],
            [
              106.7123991,
              10.9561126
            ],
            [
              106.7122972,
              10.9573924
            ],
            [
              106.7110795,
              10.9573739
            ]
          ]
        ]
      },
      "id": "way/499420843"
    },
    {
      "type": "Feature",
      "properties": {
        "@id": "way/1198194226",
        "amenity": "university",
        "landuse": "military",
        "name": "Trường Sĩ quan Công binh"
      },
      "geometry": {
        "type": "Polygon",
        "coordinates": [
          [
            [
              106.6429486,
              10.9868752
            ],
            [
              106.6430168,
              10.9868097
            ],
            [
              106.6430797,
              10.9867433
            ],
            [
              106.6431546,
              10.9866669
            ],
            [
              106.6432491,
              10.9865601
            ],
            [
              106.6433176,
              10.9864807
            ],
            [
              106.6433901,
              10.9863753
            ],
            [
              106.6434428,
              10.9862692
            ],
            [
              106.6433847,
              10.9861827
            ],
            [
              106.6432885,
              10.9862117
            ],
            [
              106.6432479,
              10.9861399
            ],
            [
              106.643485,
              10.9859779
            ],
            [
              106.6434054,
              10.9858585
            ],
            [
              106.6432209,
              10.9859569
            ],
            [
              106.6431015,
              10.9857009
            ],
            [
              106.6432763,
              10.9854335
            ],
            [
              106.6433292,
              10.9854654
            ],
            [
              106.6434471,
              10.9853497
            ],
            [
              106.6436703,
              10.98533
            ],
            [
              106.6436565,
              10.9851214
            ],
            [
              106.6433575,
              10.9851839
            ],
            [
              106.6435617,
              10.9847319
            ],
            [
              106.6436032,
              10.9846373
            ],
            [
              106.6433517,
              10.9844527
            ],
            [
              106.6433799,
              10.9844157
            ],
            [
              106.6434031,
              10.9843754
            ],
            [
              106.6434208,
              10.9843325
            ],
            [
              106.643432,
              10.9842908
            ],
            [
              106.643442,
              10.9842495
            ],
            [
              106.6434516,
              10.984189
            ],
            [
              106.6434655,
              10.983914
            ],
            [
              106.6434717,
              10.9837506
            ],
            [
              106.6434721,
              10.9836203
            ],
            [
              106.643469,
              10.9834899
            ],
            [
              106.643461,
              10.983303
            ],
            [
              106.6434556,
              10.9831397
            ],
            [
              106.6434717,
              10.982621
            ],
            [
              106.6435602,
              10.9825499
            ],
            [
              106.6440886,
              10.9826816
            ],
            [
              106.6441798,
              10.9822945
            ],
            [
              106.644786,
              10.982384
            ],
            [
              106.6449308,
              10.9826289
            ],
            [
              106.6450971,
              10.9826473
            ],
            [
              106.6451079,
              10.9825921
            ],
            [
              106.6453546,
              10.982621
            ],
            [
              106.6453466,
              10.9826789
            ],
            [
              106.6454995,
              10.9826921
            ],
            [
              106.6455075,
              10.9824867
            ],
            [
              106.646001,
              10.9824604
            ],
            [
              106.6460157,
              10.982525
            ],
            [
              106.6460366,
              10.9825879
            ],
            [
              106.6460637,
              10.9826485
            ],
            [
              106.6460966,
              10.9827062
            ],
            [
              106.6461351,
              10.9827606
            ],
            [
              106.6461818,
              10.982814
            ],
            [
              106.6462339,
              10.9828625
            ],
            [
              106.6462907,
              10.9829054
            ],
            [
              106.6463536,
              10.9829634
            ],
            [
              106.646411,
              10.9830268
            ],
            [
              106.6464624,
              10.983095
            ],
            [
              106.6464995,
              10.9831536
            ],
            [
              106.6465321,
              10.9832148
            ],
            [
              106.6465938,
              10.9833387
            ],
            [
              106.6466475,
              10.9834662
            ],
            [
              106.6466837,
              10.9835687
            ],
            [
              106.6467124,
              10.9836734
            ],
            [
              106.6467335,
              10.9837799
            ],
            [
              106.6467467,
              10.9838875
            ],
            [
              106.6467522,
              10.9840085
            ],
            [
              106.6467656,
              10.984129
            ],
            [
              106.6467869,
              10.9842483
            ],
            [
              106.6468074,
              10.9843342
            ],
            [
              106.6468196,
              10.9844217
            ],
            [
              106.6468234,
              10.9845099
            ],
            [
              106.6468187,
              10.984598
            ],
            [
              106.6468057,
              10.9846853
            ],
            [
              106.6467895,
              10.9847534
            ],
            [
              106.6467682,
              10.98482
            ],
            [
              106.6467386,
              10.9849566
            ],
            [
              106.6467161,
              10.9851018
            ],
            [
              106.6466866,
              10.9852459
            ],
            [
              106.6466501,
              10.9853884
            ],
            [
              106.6466161,
              10.985501
            ],
            [
              106.6465777,
              10.9856122
            ],
            [
              106.6464758,
              10.9858202
            ],
            [
              106.6468686,
              10.9859707
            ],
            [
              106.6469369,
              10.985985
            ],
            [
              106.6470063,
              10.9859934
            ],
            [
              106.6470754,
              10.985996
            ],
            [
              106.6471441,
              10.9859889
            ],
            [
              106.6472111,
              10.9859723
            ],
            [
              106.6472751,
              10.9859466
            ],
            [
              106.6473239,
              10.9859193
            ],
            [
              106.6473692,
              10.9858866
            ],
            [
              106.6474103,
              10.985849
            ],
            [
              106.6474467,
              10.985807
            ],
            [
              106.6476935,
              10.9859045
            ],
            [
              106.6477823,
              10.986087
            ],
            [
              106.647878,
              10.9862661
            ],
            [
              106.6479805,
              10.9864416
            ],
            [
              106.6480645,
              10.986575
            ],
            [
              106.6481418,
              10.9867123
            ],
            [
              106.6482122,
              10.9868531
            ],
            [
              106.6482756,
              10.9869972
            ],
            [
              106.6483325,
              10.9871465
            ],
            [
              106.6483817,
              10.9872985
            ],
            [
              106.6484231,
              10.9874527
            ],
            [
              106.6484473,
              10.9875616
            ],
            [
              106.6484669,
              10.9876714
            ],
            [
              106.6484821,
              10.9877818
            ],
            [
              106.6484903,
              10.9878632
            ],
            [
              106.648496,
              10.9879447
            ],
            [
              106.6485041,
              10.9881081
            ],
            [
              106.6485062,
              10.9882716
            ],
            [
              106.6485039,
              10.988397
            ],
            [
              106.6484936,
              10.9885221
            ],
            [
              106.6484756,
              10.9886463
            ],
            [
              106.6484499,
              10.9887692
            ],
            [
              106.6484248,
              10.9888627
            ],
            [
              106.6483953,
              10.9889549
            ],
            [
              106.6483614,
              10.9890457
            ],
            [
              106.6483327,
              10.9891421
            ],
            [
              106.6483123,
              10.9892405
            ],
            [
              106.6483004,
              10.9893402
            ],
            [
              106.648297,
              10.9894406
            ],
            [
              106.6482991,
              10.9895002
            ],
            [
              106.6483041,
              10.9895596
            ],
            [
              106.6483199,
              10.9896778
            ],
            [
              106.6483444,
              10.9897946
            ],
            [
              106.6483775,
              10.9899093
            ],
            [
              106.6484193,
              10.9900225
            ],
            [
              106.6484695,
              10.9901324
            ],
            [
              106.6485277,
              10.9902384
            ],
            [
              106.6484392,
              10.9902559
            ],
            [
              106.6483496,
              10.9902665
            ],
            [
              106.6482595,
              10.99027
            ],
            [
              106.6481812,
              10.9902674
            ],
            [
              106.6481033,
              10.9902595
            ],
            [
              106.6480261,
              10.9902463
            ],
            [
              106.6479698,
              10.9904754
            ],
            [
              106.6478693,
              10.9904249
            ],
            [
              106.6477726,
              10.9903678
            ],
            [
              106.6476801,
              10.9903043
            ],
            [
              106.6476099,
              10.9902494
            ],
            [
              106.6475356,
              10.9902002
            ],
            [
              106.6474575,
              10.9901568
            ],
            [
              106.6473785,
              10.9901206
            ],
            [
              106.6472969,
              10.9900902
            ],
            [
              106.6472133,
              10.9900659
            ],
            [
              106.6471281,
              10.9900476
            ],
            [
              106.6470417,
              10.9900357
            ],
            [
              106.6469587,
              10.9900302
            ],
            [
              106.6468191,
              10.9900278
            ],
            [
              106.6466856,
              10.9900233
            ],
            [
              106.646496,
              10.990011
            ],
            [
              106.6463068,
              10.9899936
            ],
            [
              106.6461467,
              10.9899747
            ],
            [
              106.6459872,
              10.9899521
            ],
            [
              106.6456684,
              10.989904
            ],
            [
              106.6454646,
              10.9898698
            ],
            [
              106.6454025,
              10.9898592
            ],
            [
              106.6453419,
              10.9898418
            ],
            [
              106.6452838,
              10.9898178
            ],
            [
              106.6452288,
              10.9897875
            ],
            [
              106.6451776,
              10.9897513
            ],
            [
              106.6451337,
              10.9897125
            ],
            [
              106.6450942,
              10.9896693
            ],
            [
              106.6450596,
              10.9896223
            ],
            [
              106.6449335,
              10.9893959
            ],
            [
              106.6449469,
              10.9888772
            ],
            [
              106.6448852,
              10.9888456
            ],
            [
              106.644609,
              10.9888666
            ],
            [
              106.6444879,
              10.9887351
            ],
            [
              106.6443703,
              10.9886007
            ],
            [
              106.6442376,
              10.9884404
            ],
            [
              106.6441128,
              10.9882742
            ],
            [
              106.6440419,
              10.9881721
            ],
            [
              106.6439652,
              10.9880741
            ],
            [
              106.6438882,
              10.9879861
            ],
            [
              106.6438065,
              10.9879023
            ],
            [
              106.6436434,
              10.9877344
            ],
            [
              106.6435027,
              10.987596
            ],
            [
              106.6433591,
              10.9874606
            ],
            [
              106.643288,
              10.9873913
            ],
            [
              106.6432213,
              10.987318
            ],
            [
              106.643159,
              10.9872409
            ],
            [
              106.6431016,
              10.9871604
            ],
            [
              106.6430443,
              10.9870687
            ],
            [
              106.6429933,
              10.9869734
            ],
            [
              106.6429486,
              10.9868752
            ]
          ]
        ]
      },
      "id": "way/1198194226"
    },
    {
      "type": "Feature",
      "properties": {
        "@id": "way/495488235",
        "amenity": "university",
        "name": "Trường Đại học Thủ Dầu Một",
        "name:en": "Thu Dau Mot University"
      },
      "geometry": {
        "type": "Polygon",
        "coordinates": [
          [
            [
              106.6735519,
              10.9819071
            ],
            [
              106.6737738,
              10.9808882
            ],
            [
              106.6734707,
              10.9808252
            ],
            [
              106.6733919,
              10.9808078
            ],
            [
              106.6734484,
              10.9805614
            ],
            [
              106.6734079,
              10.9805524
            ],
            [
              106.6734447,
              10.9803917
            ],
            [
              106.6733751,
              10.9803793
            ],
            [
              106.6734231,
              10.9800278
            ],
            [
              106.6734536,
              10.9800288
            ],
            [
              106.6735438,
              10.9793712
            ],
            [
              106.6741944,
              10.9794215
            ],
            [
              106.6741831,
              10.9788811
            ],
            [
              106.6748784,
              10.9787448
            ],
            [
              106.6750668,
              10.9787242
            ],
            [
              106.6750587,
              10.9788431
            ],
            [
              106.6755595,
              10.9789271
            ],
            [
              106.6755951,
              10.979516
            ],
            [
              106.675591,
              10.9798094
            ],
            [
              106.6755744,
              10.9802357
            ],
            [
              106.6755355,
              10.9803445
            ],
            [
              106.6755666,
              10.980366
            ],
            [
              106.6755153,
              10.980641
            ],
            [
              106.6754332,
              10.9811958
            ],
            [
              106.6750584,
              10.9811238
            ],
            [
              106.6750279,
              10.9812948
            ],
            [
              106.6750226,
              10.9813336
            ],
            [
              106.6747364,
              10.9812957
            ],
            [
              106.6747316,
              10.9813291
            ],
            [
              106.6746926,
              10.9815966
            ],
            [
              106.6746449,
              10.9819236
            ],
            [
              106.6746247,
              10.9820621
            ],
            [
              106.6738302,
              10.981943
            ],
            [
              106.673779,
              10.9822484
            ],
            [
              106.6737757,
              10.9822646
            ],
            [
              106.673273,
              10.982179
            ],
            [
              106.6733322,
              10.9818667
            ],
            [
              106.6735519,
              10.9819071
            ]
          ]
        ]
      },
      "id": "way/495488235"
    },
    {
      "type": "Feature",
      "properties": {
        "@id": "way/301435138",
        "addr:housenumber": "68",
        "addr:street": "Lê Thị Trung",
        "amenity": "university",
        "name": "Đại học Mở tp.HCM - CN Bình Dương",
        "website": "https://ou.edu.vn/"
      },
      "geometry": {
        "type": "Polygon",
        "coordinates": [
          [
            [
              106.6734768,
              10.988549
            ],
            [
              106.6736586,
              10.9875599
            ],
            [
              106.6747449,
              10.9877732
            ],
            [
              106.6745278,
              10.9887425
            ],
            [
              106.6734768,
              10.988549
            ]
          ]
        ]
      },
      "id": "way/301435138"
    },
    {
      "type": "Feature",
      "properties": {
        "@id": "way/225069027",
        "amenity": "university",
        "name": "Đại học Quốc tế Miền Đông",
        "name:en": "Eastern International University",
        "name:vi": "Đại học Quốc tế Miền Đông"
      },
      "geometry": {
        "type": "Polygon",
        "coordinates": [
          [
            [
              106.6681586,
              11.0556508
            ],
            [
              106.6646932,
              11.0548926
            ],
            [
              106.6638457,
              11.0528182
            ],
            [
              106.663299,
              11.0514388
            ],
            [
              106.6633527,
              11.051323
            ],
            [
              106.6688667,
              11.049912
            ],
            [
              106.6689987,
              11.0499889
            ],
            [
              106.6683732,
              11.0555455
            ],
            [
              106.6681586,
              11.0556508
            ]
          ]
        ]
      },
      "id": "way/225069027"
    },
    {
      "type": "Feature",
      "properties": {
        "@id": "node/2231242931",
        "amenity": "university",
        "name": "Trường Đại Học Ngoại Ngữ-Tin Học HCM"
      },
      "geometry": {
        "type": "Point",
        "coordinates": [
          106.6854638,
          10.7887608
        ]
      },
      "id": "node/2231242931"
    },
    {
      "type": "Feature",
      "properties": {
        "@id": "node/2275373403",
        "entrance": "yes"
      },
      "geometry": {
        "type": "Point",
        "coordinates": [
          106.7730728,
          10.8538201
        ]
      },
      "id": "node/2275373403"
    },
    {
      "type": "Feature",
      "properties": {
        "@id": "node/2341640693",
        "addr:housenumber": "97",
        "addr:street": "Võ Văn Tần",
        "amenity": "university",
        "education": "university",
        "name": "Trường Đại học Mở TP.HCM",
        "opening_hours": "Mo-Su 07:00-22:00",
        "phone": "0839300210",
        "website": "https://ou.edu.vn/",
        "wikidata": "Q10829094",
        "wikimedia_commons": "Category:Ho Chi Minh City Open University",
        "wikipedia": "vi:Trường Đại học Mở Thành phố Hồ Chí Minh"
      },
      "geometry": {
        "type": "Point",
        "coordinates": [
          106.6903617,
          10.7761576
        ]
      },
      "id": "node/2341640693"
    },
    {
      "type": "Feature",
      "properties": {
        "@id": "node/2469698496",
        "access": "no",
        "barrier": "gate",
        "bicycle": "yes",
        "foot": "yes",
        "motor_vehicle": "yes",
        "wheelchair": "yes"
      },
      "geometry": {
        "type": "Point",
        "coordinates": [
          106.6824911,
          10.7628281
        ]
      },
      "id": "node/2469698496"
    },
    {
      "type": "Feature",
      "properties": {
        "@id": "node/2500263306",
        "entrance": "main",
        "name": "Cổng Chính"
      },
      "geometry": {
        "type": "Point",
        "coordinates": [
          106.7716508,
          10.8499244
        ]
      },
      "id": "node/2500263306"
    },
    {
      "type": "Feature",
      "properties": {
        "@id": "node/2500431375",
        "entrance": "yes"
      },
      "geometry": {
        "type": "Point",
        "coordinates": [
          106.7700219,
          10.8498135
        ]
      },
      "id": "node/2500431375"
    },
    {
      "type": "Feature",
      "properties": {
        "@id": "node/2930677006",
        "amenity": "university",
        "name": "Trường Sĩ Quan Kỹ Thuật Quân Sự"
      },
      "geometry": {
        "type": "Point",
        "coordinates": [
          106.6723147,
          10.8357623
        ]
      },
      "id": "node/2930677006"
    },
    {
      "type": "Feature",
      "properties": {
        "@id": "node/3055831067",
        "entrance": "yes",
        "name": "Cổng sau đường 16"
      },
      "geometry": {
        "type": "Point",
        "coordinates": [
          106.7615193,
          10.8586143
        ]
      },
      "id": "node/3055831067"
    },
    {
      "type": "Feature",
      "properties": {
        "@id": "node/3055831075",
        "barrier": "gate",
        "name": "Cổng Sau"
      },
      "geometry": {
        "type": "Point",
        "coordinates": [
          106.7615149,
          10.8558791
        ]
      },
      "id": "node/3055831075"
    },
    {
      "type": "Feature",
      "properties": {
        "@id": "node/3232855080",
        "bus": "yes",
        "highway": "bus_stop",
        "public_transport": "stop_position"
      },
      "geometry": {
        "type": "Point",
        "coordinates": [
          106.6788227,
          10.7383043
        ]
      },
      "id": "node/3232855080"
    },
    {
      "type": "Feature",
      "properties": {
        "@id": "node/4620131385",
        "access": "customers",
        "addr:city": "Ho Chi Minh City",
        "addr:district": "5",
        "addr:housenumber": "652",
        "addr:street": "Nguyễn Trãi",
        "addr:subdistrict": "11",
        "entrance": "main",
        "name": "Cổng Nguyễn Trãi"
      },
      "geometry": {
        "type": "Point",
        "coordinates": [
          106.6636804,
          10.7535391
        ]
      },
      "id": "node/4620131385"
    },
    {
      "type": "Feature",
      "properties": {
        "@id": "node/4620131994",
        "access": "customers",
        "addr:city": "Ho Chi Minh City",
        "addr:district": "5",
        "addr:housenumber": "2",
        "addr:street": "Phù Đổng Thiên Vương",
        "addr:subdistrict": "11",
        "entrance": "main",
        "name": "Cổng Phù Đổng Thiên Vương"
      },
      "geometry": {
        "type": "Point",
        "coordinates": [
          106.6628054,
          10.753687
        ]
      },
      "id": "node/4620131994"
    },
    {
      "type": "Feature",
      "properties": {
        "@id": "node/4620251746",
        "access": "no",
        "barrier": "gate"
      },
      "geometry": {
        "type": "Point",
        "coordinates": [
          106.6633909,
          10.7552368
        ]
      },
      "id": "node/4620251746"
    },
    {
      "type": "Feature",
      "properties": {
        "@id": "node/4620251748",
        "access": "customers",
        "entrance": "entrance",
        "name": "Cổng Tản Đà"
      },
      "geometry": {
        "type": "Point",
        "coordinates": [
          106.6639033,
          10.7542745
        ]
      },
      "id": "node/4620251748"
    },
    {
      "type": "Feature",
      "properties": {
        "@id": "node/4620433111",
        "access": "private",
        "entrance": "gate"
      },
      "geometry": {
        "type": "Point",
        "coordinates": [
          106.6626037,
          10.7546804
        ]
      },
      "id": "node/4620433111"
    },
    {
      "type": "Feature",
      "properties": {
        "@id": "node/6741858303",
        "addr:city": "Bình Dương",
        "addr:district": "Dĩ An",
        "addr:street": "Quảng trường sáng tạo",
        "addr:subdistrict": "Đông Hòa",
        "amenity": "university",
        "internet_access": "wlan",
        "name": "Ho Chi Minh city International University",
        "name:vi": "Trường Đại học Quốc tế, Đại học Quốc gia Thành phố Hồ Chí Minh",
        "operator": "Vietnam National University HCMC",
        "operator:type": "public",
        "wikidata": "Q5873959",
        "wikipedia": "en:Ho Chi Minh City International University"
      },
      "geometry": {
        "type": "Point",
        "coordinates": [
          106.8015666,
          10.8778839
        ]
      },
      "id": "node/6741858303"
    },
    {
      "type": "Feature",
      "properties": {
        "@id": "node/6753695939",
        "barrier": "gate"
      },
      "geometry": {
        "type": "Point",
        "coordinates": [
          106.809603,
          10.8404563
        ]
      },
      "id": "node/6753695939"
    },
    {
      "type": "Feature",
      "properties": {
        "@id": "node/6753695940",
        "barrier": "gate"
      },
      "geometry": {
        "type": "Point",
        "coordinates": [
          106.8095235,
          10.840543
        ]
      },
      "id": "node/6753695940"
    },
    {
      "type": "Feature",
      "properties": {
        "@id": "node/6794788987",
        "amenity": "university",
        "name": "Trường Đại Học FPT TP.HCM"
      },
      "geometry": {
        "type": "Point",
        "coordinates": [
          106.8098568,
          10.841436
        ]
      },
      "id": "node/6794788987"
    },
    {
      "type": "Feature",
      "properties": {
        "@id": "node/6808469859",
        "amenity": "university",
        "name": "Tòa nhà hành chính IU (Đang xây dựng)"
      },
      "geometry": {
        "type": "Point",
        "coordinates": [
          106.801773,
          10.8772665
        ]
      },
      "id": "node/6808469859"
    },
    {
      "type": "Feature",
      "properties": {
        "@id": "node/8349507069",
        "entrance": "yes"
      },
      "geometry": {
        "type": "Point",
        "coordinates": [
          106.8102214,
          10.8405171
        ]
      },
      "id": "node/8349507069"
    },
    {
      "type": "Feature",
      "properties": {
        "@id": "node/9434108082",
        "entrance": "yes"
      },
      "geometry": {
        "type": "Point",
        "coordinates": [
          106.8090778,
          10.8416112
        ]
      },
      "id": "node/9434108082"
    },
    {
      "type": "Feature",
      "properties": {
        "@id": "node/9584833470",
        "amenity": "university",
        "education": "university",
        "name": "Đại Học Mở TP.HCM - Mai Thị Lựu"
      },
      "geometry": {
        "type": "Point",
        "coordinates": [
          106.700297,
          10.7902129
        ]
      },
      "id": "node/9584833470"
    },
    {
      "type": "Feature",
      "properties": {
        "@id": "node/9585091195",
        "amenity": "university",
        "education": "university",
        "name": "Trường Đại Học Văn Lang - Cơ Sở 3"
      },
      "geometry": {
        "type": "Point",
        "coordinates": [
          106.6988664,
          10.8270218
        ]
      },
      "id": "node/9585091195"
    },
    {
      "type": "Feature",
      "properties": {
        "@id": "node/9585835374",
        "amenity": "university",
        "education": "university",
        "name": "Trường Đại Học Văn Lang - Cơ Sở 2"
      },
      "geometry": {
        "type": "Point",
        "coordinates": [
          106.6947329,
          10.8131239
        ]
      },
      "id": "node/9585835374"
    },
    {
      "type": "Feature",
      "properties": {
        "@id": "node/9586952123",
        "amenity": "university",
        "check_date": "2025-04-22",
        "name": "Trường Đại Học Sư Phạm TP.HCM"
      },
      "geometry": {
        "type": "Point",
        "coordinates": [
          106.6822697,
          10.7612196
        ]
      },
      "id": "node/9586952123"
    },
    {
      "type": "Feature",
      "properties": {
        "@id": "node/9587042690",
        "addr:city": "Thành Phố Hồ Chí Minh",
        "addr:district": "Quận Bình Thạnh",
        "addr:housenumber": "276",
        "addr:province": "Thành phố Hồ Chí Minh",
        "addr:street": "Điện Biên Phủ",
        "addr:subdistrict": "17",
        "amenity": "university",
        "education": "university",
        "name": "Trường Đại học Kinh tế Tài chính TP.HCM (UEF)"
      },
      "geometry": {
        "type": "Point",
        "coordinates": [
          106.7031929,
          10.7970171
        ]
      },
      "id": "node/9587042690"
    },
    {
      "type": "Feature",
      "properties": {
        "@id": "node/9587329643",
        "amenity": "university",
        "name": "Đại Học Nguyễn Tất Thành - Cơ Sở Nguyễn Hữu Thọ"
      },
      "geometry": {
        "type": "Point",
        "coordinates": [
          106.7017459,
          10.7432646
        ]
      },
      "id": "node/9587329643"
    },
    {
      "type": "Feature",
      "properties": {
        "@id": "node/9587419902",
        "amenity": "university",
        "name": "Trường Cao Đẳng Công Nghệ Thủ Đức"
      },
      "geometry": {
        "type": "Point",
        "coordinates": [
          106.7597552,
          10.8516946
        ]
      },
      "id": "node/9587419902"
    },
    {
      "type": "Feature",
      "properties": {
        "@id": "node/9587618717",
        "amenity": "university",
        "name": "Trường Đại Học Cảnh Sát Nhân Dân - Cơ Sở 2"
      },
      "geometry": {
        "type": "Point",
        "coordinates": [
          106.7557233,
          10.8581815
        ]
      },
      "id": "node/9587618717"
    },
    {
      "type": "Feature",
      "properties": {
        "@id": "node/9587618731",
        "amenity": "university",
        "name": "Đại học Hoa Sen Cơ sở Soongsil"
      },
      "geometry": {
        "type": "Point",
        "coordinates": [
          106.6300337,
          10.856892
        ]
      },
      "id": "node/9587618731"
    },
    {
      "type": "Feature",
      "properties": {
        "@id": "node/9587618737",
        "amenity": "university",
        "name": "Trường Đại học Lao Động Xã Hội"
      },
      "geometry": {
        "type": "Point",
        "coordinates": [
          106.6160408,
          10.8660801
        ]
      },
      "id": "node/9587618737"
    },
    {
      "type": "Feature",
      "properties": {
        "@id": "node/9587618740",
        "amenity": "university",
        "name": "Đại học Nguyễn Tất Thành - Quận 12"
      },
      "geometry": {
        "type": "Point",
        "coordinates": [
          106.6946936,
          10.8602415
        ]
      },
      "id": "node/9587618740"
    },
    {
      "type": "Feature",
      "properties": {
        "@id": "node/9593386637",
        "amenity": "university",
        "name": "Trường Cao đẳng Điện Lực TP.HCM"
      },
      "geometry": {
        "type": "Point",
        "coordinates": [
          106.6791582,
          10.8804047
        ]
      },
      "id": "node/9593386637"
    },
    {
      "type": "Feature",
      "properties": {
        "@id": "node/9593572487",
        "amenity": "university",
        "name": "Trường Đại học Khoa học Xã hội và Nhân văn - CS Dĩ An"
      },
      "geometry": {
        "type": "Point",
        "coordinates": [
          106.8020069,
          10.8731005
        ]
      },
      "id": "node/9593572487"
    },
    {
      "type": "Feature",
      "properties": {
        "@id": "node/9593572488",
        "amenity": "university",
        "name": "Đại học Khoa học Tự Nhiên TPHCM - Cơ sở Linh Trung"
      },
      "geometry": {
        "type": "Point",
        "coordinates": [
          106.7991749,
          10.8756596
        ]
      },
      "id": "node/9593572488"
    },
    {
      "type": "Feature",
      "properties": {
        "@id": "node/9593572489",
        "amenity": "university",
        "name": "Nhà Văn Hoá Sinh Viên"
      },
      "geometry": {
        "type": "Point",
        "coordinates": [
          106.8000331,
          10.8753395
        ]
      },
      "id": "node/9593572489"
    },
    {
      "type": "Feature",
      "properties": {
        "@id": "node/9593572510",
        "amenity": "university",
        "name": "Đại Học Nông Lâm TP.HCM"
      },
      "geometry": {
        "type": "Point",
        "coordinates": [
          106.79145,
          10.8710319
        ]
      },
      "id": "node/9593572510"
    },
    {
      "type": "Feature",
      "properties": {
        "@id": "node/9593572513",
        "amenity": "university",
        "name": "Đại học Bách Khoa - Cơ sở Dĩ An"
      },
      "geometry": {
        "type": "Point",
        "coordinates": [
          106.8047006,
          10.8799198
        ]
      },
      "id": "node/9593572513"
    },
    {
      "type": "Feature",
      "properties": {
        "@id": "node/9593797940",
        "amenity": "university",
        "education": "university",
        "name": "Trường Đại Học Văn Lang - Cơ sở 3"
      },
      "geometry": {
        "type": "Point",
        "coordinates": [
          106.7000931,
          10.8275275
        ]
      },
      "id": "node/9593797940"
    },
    {
      "type": "Feature",
      "properties": {
        "@id": "node/9699800177",
        "addr:city": "Thành phố Thủ Đức",
        "addr:district": "Phường Cát Lái",
        "addr:postcode": "700000",
        "addr:province": "Hồ Chí Minh",
        "addr:street": "Đường 60 - CL",
        "addr:subdistrict": "Khu đô thị Cát Lái",
        "amenity": "university",
        "internet_access": "yes",
        "name": "Trường Đại học Quản lý và Công nghệ TP.HCM (UMT)",
        "website": "https://www.umt.edu.vn"
      },
      "geometry": {
        "type": "Point",
        "coordinates": [
          106.7980152,
          10.7740881
        ]
      },
      "id": "node/9699800177"
    },
    {
      "type": "Feature",
      "properties": {
        "@id": "node/9722560649",
        "addr:housenumber": "93",
        "addr:street": "Đường Cao Thắng",
        "amenity": "university",
        "name": "Trường Đại học Hoa Sen - cơ sở Cao Thắng"
      },
      "geometry": {
        "type": "Point",
        "coordinates": [
          106.6791108,
          10.7722267
        ]
      },
      "id": "node/9722560649"
    },
    {
      "type": "Feature",
      "properties": {
        "@id": "node/10057384609",
        "barrier": "gate"
      },
      "geometry": {
        "type": "Point",
        "coordinates": [
          106.6425709,
          10.7087804
        ]
      },
      "id": "node/10057384609"
    },
    {
      "type": "Feature",
      "properties": {
        "@id": "node/10195748863",
        "entrance": "yes"
      },
      "geometry": {
        "type": "Point",
        "coordinates": [
          106.7615052,
          10.8558767
        ]
      },
      "id": "node/10195748863"
    },
    {
      "type": "Feature",
      "properties": {
        "@id": "node/10195749176",
        "entrance": "main",
        "name": "Cổng chính"
      },
      "geometry": {
        "type": "Point",
        "coordinates": [
          106.7634764,
          10.8575895
        ]
      },
      "id": "node/10195749176"
    },
    {
      "type": "Feature",
      "properties": {
        "@id": "node/10633393963",
        "access": "no",
        "barrier": "gate",
        "name": "Cổng 5"
      },
      "geometry": {
        "type": "Point",
        "coordinates": [
          106.6990729,
          10.7331974
        ]
      },
      "id": "node/10633393963"
    },
    {
      "type": "Feature",
      "properties": {
        "@id": "node/10633393964",
        "access": "no",
        "barrier": "gate",
        "name": "Cổng 4"
      },
      "geometry": {
        "type": "Point",
        "coordinates": [
          106.6994093,
          10.7331703
        ]
      },
      "id": "node/10633393964"
    },
    {
      "type": "Feature",
      "properties": {
        "@id": "node/10633393967",
        "access": "no",
        "barrier": "gate",
        "name": "Cổng 2"
      },
      "geometry": {
        "type": "Point",
        "coordinates": [
          106.6998415,
          10.732454
        ]
      },
      "id": "node/10633393967"
    },
    {
      "type": "Feature",
      "properties": {
        "@id": "node/10633425997",
        "access": "no",
        "barrier": "gate",
        "name": "Cổng 1"
      },
      "geometry": {
        "type": "Point",
        "coordinates": [
          106.699957,
          10.7315658
        ]
      },
      "id": "node/10633425997"
    },
    {
      "type": "Feature",
      "properties": {
        "@id": "node/10633425998",
        "access": "no",
        "barrier": "gate",
        "name": "Cổng 3"
      },
      "geometry": {
        "type": "Point",
        "coordinates": [
          106.6997643,
          10.7331176
        ]
      },
      "id": "node/10633425998"
    },
    {
      "type": "Feature",
      "properties": {
        "@id": "node/10655889246",
        "access": "no",
        "barrier": "gate",
        "name": "Cổng 6"
      },
      "geometry": {
        "type": "Point",
        "coordinates": [
          106.6972999,
          10.7333475
        ]
      },
      "id": "node/10655889246"
    },
    {
      "type": "Feature",
      "properties": {
        "@id": "node/10681523562",
        "access": "no",
        "barrier": "gate",
        "name": "Cổng 7"
      },
      "geometry": {
        "type": "Point",
        "coordinates": [
          106.6963839,
          10.7334231
        ]
      },
      "id": "node/10681523562"
    },
    {
      "type": "Feature",
      "properties": {
        "@id": "node/10712829178",
        "barrier": "gate"
      },
      "geometry": {
        "type": "Point",
        "coordinates": [
          106.705887,
          10.7828678
        ]
      },
      "id": "node/10712829178"
    },
    {
      "type": "Feature",
      "properties": {
        "@id": "node/10712829188",
        "barrier": "gate"
      },
      "geometry": {
        "type": "Point",
        "coordinates": [
          106.70666,
          10.7832408
        ]
      },
      "id": "node/10712829188"
    },
    {
      "type": "Feature",
      "properties": {
        "@id": "node/10735163847",
        "access": "permissive",
        "barrier": "lift_gate"
      },
      "geometry": {
        "type": "Point",
        "coordinates": [
          106.6965081,
          10.7336564
        ]
      },
      "id": "node/10735163847"
    },
    {
      "type": "Feature",
      "properties": {
        "@id": "node/10735163890",
        "access": "no",
        "barrier": "gate"
      },
      "geometry": {
        "type": "Point",
        "coordinates": [
          106.6997566,
          10.7340371
        ]
      },
      "id": "node/10735163890"
    },
    {
      "type": "Feature",
      "properties": {
        "@id": "node/10794878645",
        "access": "private",
        "barrier": "gate",
        "locked": "yes",
        "vehicle": "private"
      },
      "geometry": {
        "type": "Point",
        "coordinates": [
          106.6429406,
          10.7077544
        ]
      },
      "id": "node/10794878645"
    },
    {
      "type": "Feature",
      "properties": {
        "@id": "node/11075386955",
        "access": "no",
        "barrier": "gate",
        "motor_vehicle": "yes"
      },
      "geometry": {
        "type": "Point",
        "coordinates": [
          106.6823567,
          10.7631639
        ]
      },
      "id": "node/11075386955"
    },
    {
      "type": "Feature",
      "properties": {
        "@id": "node/11323159091",
        "barrier": "gate"
      },
      "geometry": {
        "type": "Point",
        "coordinates": [
          106.6649941,
          10.7697402
        ]
      },
      "id": "node/11323159091"
    },
    {
      "type": "Feature",
      "properties": {
        "@id": "node/11372884894",
        "name": "Sửa Chữa iPhone Lock"
      },
      "geometry": {
        "type": "Point",
        "coordinates": [
          106.6576332,
          10.7728611
        ]
      },
      "id": "node/11372884894"
    },
    {
      "type": "Feature",
      "properties": {
        "@id": "node/11676270271",
        "amenity": "university"
      },
      "geometry": {
        "type": "Point",
        "coordinates": [
          106.6874662,
          10.8221129
        ]
      },
      "id": "node/11676270271"
    },
    {
      "type": "Feature",
      "properties": {
        "@id": "node/12067831164",
        "barrier": "gate"
      },
      "geometry": {
        "type": "Point",
        "coordinates": [
          106.6334189,
          10.8035392
        ]
      },
      "id": "node/12067831164"
    },
    {
      "type": "Feature",
      "properties": {
        "@id": "node/12162064418",
        "barrier": "gate"
      },
      "geometry": {
        "type": "Point",
        "coordinates": [
          106.7140426,
          10.8299123
        ]
      },
      "id": "node/12162064418"
    },
    {
      "type": "Feature",
      "properties": {
        "@id": "node/12443369115",
        "barrier": "gate"
      },
      "geometry": {
        "type": "Point",
        "coordinates": [
          106.7029193,
          10.7855555
        ]
      },
      "id": "node/12443369115"
    },
    {
      "type": "Feature",
      "properties": {
        "@id": "node/13254546684",
        "barrier": "gate"
      },
      "geometry": {
        "type": "Point",
        "coordinates": [
          106.6682428,
          10.7591812
        ]
      },
      "id": "node/13254546684"
    },
    {
      "type": "Feature",
      "properties": {
        "@id": "node/13254546686",
        "barrier": "gate"
      },
      "geometry": {
        "type": "Point",
        "coordinates": [
          106.6677033,
          10.75959
        ]
      },
      "id": "node/13254546686"
    }
  ]
}